timestamp,strategy,event_ticker,key,n_legs,legs,sides,prices,sizes,contracts,max_contracts_available,cost,min_payout,fees,slippage,gross_profit,net_profit,net_per_bundle,best_bundle_cost,executable,reason,detail
2026-10-07T23:09:56+00:00,buy_all_no,KXSPAINMOV-26NOV29,KXSPAINMOV-26NOV29,7,KXSPAINMOV-26NOV29-PP-P4;KXSPAINMOV-26NOV29-PP-P7;KXSPAINMOV-26NOV29-PP-P1;KXSPAINMOV-26NOV29-PP-P10;KXSPAINMOV-26NOV29-PSOE-P1;KXSPAINMOV-26NOV29-PP-P12;KXSPAINMOV-26NOV29-PSOE-P3,no;no;no;no;no;no;no,0.7100;0.7300;0.8200;0.8900;0.9100;0.9400;0.9600,261.05;217;121.93;0.76;3510.1;3511.2;6163,0,0.0,5.96,6,0.1,0.007,0.04,-0.067,-0.067,5.96,False,NO_POSITIVE_MARGINAL_EDGE,event_legs=7;fits_budget=True;gross_top_prefilter=0.04;k=7;min_bundle_outlay=6.067
2026-10-07T23:09:56+00:00,buy_all_no,SENATEKS-28,SENATEKS-28,2,SENATEKS-28-R;SENATEKS-28-D,no;no,0.2900;0.6900,8.6;5,0,0.0,0.98,1,0.04,0.002,0.02,-0.022,-0.022,0.98,False,NO_POSITIVE_MARGINAL_EDGE,event_legs=2;fits_budget=True;gross_top_prefilter=0.02;k=2;min_bundle_outlay=1.022
2026-10-07T23:09:56+00:00,buy_all_no,KXNWSL-26,KXNWSL-26,8,KXNWSL-26-GOT;KXNWSL-26-WSP;KXNWSL-26-KC;KXNWSL-26-SAN;KXNWSL-26-ANG;KXNWSL-26-URO;KXNWSL-26-DEN;KXNWSL-26-NCC,no;no;no;no;no;no;no;no,0.7500;0.7700;0.7700;0.8300;0.9000;0.9800;0.9800;0.9800,368.09;217.14;77.73;162.07;110.95;839.73;381.57;344.23,0,0.0,6.96,7,0.11,0.008,0.04,-0.078,-0.078,6.96,False,NO_POSITIVE_MARGINAL_EDGE,event_legs=16;fits_budget=True;gross_top_prefilter=0.04;k=8;min_bundle_outlay=7.078
2026-10-07T23:09:56+00:00,buy_all_no,KXF1POLE-SIN26,KXF1POLE-SIN26,8,KXF1POLE-SIN26-VER;KXF1POLE-SIN26-ANT;KXF1POLE-SIN26-HAM;KXF1POLE-SIN26-LEC;KXF1POLE-SIN26-RUS;KXF1POLE-SIN26-NOR;KXF1POLE-SIN26-PIA;KXF1POLE-SIN26-HAD,no;no;no;no;no;no;no;no,0.6900;0.7800;0.8600;0.8800;0.9100;0.9200;0.9600;0.9600,106;33.31;105;100;10;6;5;108,0,0.0,6.96,7,0.1,0.008,0.04,-0.068,-0.068,6.96,False,NO_POSITIVE_MARGINAL_EDGE,event_legs=22;fits_budget=True;gross_top_prefilter=0.04;k=8;min_bundle_outlay=7.068
2026-10-07T23:09:56+00:00,buy_all_no,KXHIGHTDC-26OCT08,KXHIGHTDC-26OCT08,5,KXHIGHTDC-26OCT08-B80.5;KXHIGHTDC-26OCT08-B82.5;KXHIGHTDC-26OCT08-B78.5;KXHIGHTDC-26OCT08-B76.5;KXHIGHTDC-26OCT08-T83,no;no;no;no;no,0.5000;0.6100;0.8900;0.9800;0.9800,38;51;15;17;129.82,0,0.0,3.96,4,0.07,0.005,0.04,-0.035,-0.035,3.96,False,NO_POSITIVE_MARGINAL_EDGE,event_legs=6;fits_budget=True;gross_top_prefilter=0.04;k=5;min_bundle_outlay=4.035
2026-10-07T23:09:56+00:00,buy_all_no,KXHOUSEPOPVOTEMARGIN-27NOV03,KXHOUSEPOPVOTEMARGIN-27NOV03,10,KXHOUSEPOPVOTEMARGIN-27NOV03-B9;KXHOUSEPOPVOTEMARGIN-27NOV03-B11;KXHOUSEPOPVOTEMARGIN-27NOV03-B7;KXHOUSEPOPVOTEMARGIN-27NOV03-B5;KXHOUSEPOPVOTEMARGIN-27NOV03-B13;KXHOUSEPOPVOTEMARGIN-27NOV03-B3;KXHOUSEPOPVOTEMARGIN-27NOV03-B50;KXHOUSEPOPVOTEMARGIN-27NOV03-B1;KXHOUSEPOPVOTEMARGIN-27NOV03-B15;KXHOUSEPOPVOTEMARGIN-27NOV03-B58,no;no;no;no;no;no;no;no;no;no,0.7200;0.7700;0.8200;0.9060;0.9140;0.9490;0.9520;0.9700;0.9760;0.9800,2549.36;1838.5;1895.93;107.79;24.26;28;29;28;225.85;315.05,0,0.0,8.957,9,0.13,0.01,0.043,-0.097,-0.097,8.957,False,NO_POSITIVE_MARGINAL_EDGE,event_legs=10;fits_budget=True;gross_top_prefilter=0.043;k=10;min_bundle_outlay=9.097
2026-10-07T23:09:56+00:00,buy_all_no,KXCBDECISIONCANADA-26DEC,KXCBDECISIONCANADA-26DEC,2,KXCBDECISIONCANADA-26DEC-H25;KXCBDECISIONCANADA-26DEC-H0,no;no,0.4400;0.5400,3.93;51,0,0.0,0.98,1,0.04,0.002,0.02,-0.022,-0.022,0.98,False,NO_POSITIVE_MARGINAL_EDGE,event_legs=5;fits_budget=True;gross_top_prefilter=0.02;k=2;min_bundle_outlay=1.022
2026-10-07T23:09:56+00:00,buy_all_no,KXBRPRES2MOV-26OCT25,KXBRPRES2MOV-26OCT25,5,KXBRPRES2MOV-26OCT25-FBOL-P4;KXBRPRES2MOV-26OCT25-FBOL-P1;KXBRPRES2MOV-26OCT25-LSIL-P1;KXBRPRES2MOV-26OCT25-FBOL-P7;KXBRPRES2MOV-26OCT25-FBOL-P9,no;no;no;no;no,0.5500;0.7100;0.8700;0.9000;0.9500,90;326.12;1343.45;1472.87;4311.03,0,0.0,3.98,4,0.07,0.005,0.02,-0.055,-0.055,3.98,False,NO_POSITIVE_MARGINAL_EDGE,event_legs=8;fits_budget=True;gross_top_prefilter=0.02;k=5;min_bundle_outlay=4.055
2026-10-07T23:09:56+00:00,buy_all_no,KXDWTSRANK-326DEC31,KXDWTSRANK-326DEC31,8,KXDWTSRANK-326DEC31-AGLE;KXDWTSRANK-326DEC31-HSHU;KXDWTSRANK-326DEC31-MHIG;KXDWTSRANK-326DEC31-EFRE;KXDWTSRANK-326DEC31-GROD;KXDWTSRANK-326DEC31-JDEW;KXDWTSRANK-326DEC31-CWOO;KXDWTSRANK-326DEC31-JSTIL,no;no;no;no;no;no;no;no,0.7500;0.7500;0.7500;0.8900;0.9500;0.9600;0.9600;0.9700,4;9;1307;2162.4;2731.27;2400;3000;4200,0,0.0,6.98,7,0.11,0.008,0.02,-0.098,-0.098,6.98,False,NO_POSITIVE_MARGINAL_EDGE,event_legs=16;fits_budget=True;gross_top_prefilter=0.02;k=8;min_bundle_outlay=7.098
2026-10-07T23:09:56+00:00,buy_all_no,KXHIGHNY-26OCT08,KXHIGHNY-26OCT08,5,KXHIGHNY-26OCT08-B74.5;KXHIGHNY-26OCT08-B76.5;KXHIGHNY-26OCT08-B72.5;KXHIGHNY-26OCT08-T72;KXHIGHNY-26OCT08-B78.5,no;no;no;no;no,0.4900;0.7800;0.7900;0.9500;0.9700,27;41;200;857.13;156,0,0.0,3.98,4,0.08,0.005,0.02,-0.065,-0.065,3.98,False,NO_POSITIVE_MARGINAL_EDGE,event_legs=6;fits_budget=True;gross_top_prefilter=0.02;k=5;min_bundle_outlay=4.065
2026-10-07T23:09:56+00:00,buy_all_no,KXARGENTINAPRES1R-27OCT24,KXARGENTINAPRES1R-27OCT24,9,KXARGENTINAPRES1R-27OCT24-JMIL;KXARGENTINAPRES1R-27OCT24-AKIC;KXARGENTINAPRES1R-27OCT24-SMAS;KXARGENTINAPRES1R-27OCT24-MBRE;KXARGENTINAPRES1R-27OCT24-JSCH;KXARGENTINAPRES1R-27OCT24-JGRA;KXARGENTINAPRES1R-27OCT24-PBUL;KXARGENTINAPRES1R-27OCT24-MMAC;KXARGENTINAPRES1R-27OCT24-VVIL,no;no;no;no;no;no;no;no;no,0.6200;0.7500;0.9300;0.9400;0.9400;0.9400;0.9500;0.9500;0.9600,4600;6076.2;11387;11633.4;11633.4;15421.5;13358.4;13358.4;14194.6,0,0.0,7.98,8,0.11,0.009,0.02,-0.099,-0.099,7.98,False,NO_POSITIVE_MARGINAL_EDGE,event_legs=9;fits_budget=True;gross_top_prefilter=0.02;k=9;min_bundle_outlay=8.099
2026-10-07T23:09:56+00:00,buy_all_no,KXNBAATLANTIC-26,KXNBAATLANTIC-26,4,KXNBAATLANTIC-26-NYK;KXNBAATLANTIC-26-BOS;KXNBAATLANTIC-26-PHI;KXNBAATLANTIC-26-TOR,no;no;no;no,0.6700;0.7100;0.7200;0.8900,291.67;500.17;5.42;1000,0,0.0,2.99,3,0.07,0.004,0.01,-0.064,-0.064,2.99,False,NO_POSITIVE_MARGINAL_EDGE,event_legs=5;fits_budget=True;gross_top_prefilter=0.01;k=4;min_bundle_outlay=3.064
2026-10-07T23:09:56+00:00,buy_all_no,KXESGOV-26OCT25,KXESGOV-26OCT25,2,KXESGOV-26OCT25-LPAZ;KXESGOV-26OCT25-RFER,no;no,0.1300;0.8600,3283.35;1468.85,0,0.0,0.99,1,0.02,0.002,0.01,-0.012,-0.012,0.99,False,NO_POSITIVE_MARGINAL_EDGE,event_legs=2;fits_budget=True;gross_top_prefilter=0.01;k=2;min_bundle_outlay=1.012
2026-10-07T23:09:56+00:00,buy_all_no,KXCRITICSEDIT-27,KXCRITICSEDIT-27,16,KXCRITICSEDIT-27-ODY;KXCRITICSEDIT-27-DUN;KXCRITICSEDIT-27-LAB;KXCRITICSEDIT-27-PRO;KXCRITICSEDIT-27-INV;KXCRITICSEDIT-27-WIL;KXCRITICSEDIT-27-ELS;KXCRITICSEDIT-27-DIG;KXCRITICSEDIT-27-IPL;KXCRITICSEDIT-27-DEB;KXCRITICSEDIT-27-FJO;KXCRITICSEDIT-27-YOU;KXCRITICSEDIT-27-CLU;KXCRITICSEDIT-27-INK;KXCRITICSEDIT-27-SOC;KXCRITICSEDIT-27-TIE,no;no;no;no;no;no;no;no;no;no;no;no;no;no;no;no,0.4800;0.8600;0.9000;0.9600;0.9700;0.9800;0.9800;0.9800;0.9800;0.9800;0.9800;0.9800;0.9800;0.9800;0.9800;0.9800,65;4589;1699.5;6665;4529;10696;6019;5544;5544;8043;6144;9443;6019;8416;6144;5269,0,0.0,14.95,15,0.17,0.016,0.05,-0.136,-0.136,14.95,False,NO_POSITIVE_MARGINAL_EDGE,event_legs=16;fits_budget=False;gross_top_prefilter=0.05;k=16;min_bundle_outlay=15.136
2026-10-07T23:09:56+00:00,buy_all_no,KXCRITICSCINE-27,KXCRITICSCINE-27,16,KXCRITICSCINE-27-ODY;KXCRITICSCINE-27-DUN;KXCRITICSCINE-27-LAB;KXCRITICSCINE-27-WER;KXCRITICSCINE-27-PRO;KXCRITICSCINE-27-FAT;KXCRITICSCINE-27-FUR;KXCRITICSCINE-27-WIL;KXCRITICSCINE-27-DIG;KXCRITICSCINE-27-INK;KXCRITICSCINE-27-DIS;KXCRITICSCINE-27-ROS;KXCRITICSCINE-27-MIN;KXCRITICSCINE-27-FJO;KXCRITICSCINE-27-BEH;KXCRITICSCINE-27-TIE,no;no;no;no;no;no;no;no;no;no;no;no;no;no;no;no,0.5800;0.8500;0.9000;0.9300;0.9400;0.9600;0.9700;0.9800;0.9800;0.9800;0.9800;0.9800;0.9800;0.9800;0.9800;0.9800,4360;5214;3550.5;1943;10911;9016;9616;9584;9684;9579;7309;5584;5959;6309;5684;5584,0,0.0,14.95,15,0.17,0.016,0.05,-0.136,-0.136,14.95,False,NO_POSITIVE_MARGINAL_EDGE,event_legs=16;fits_budget=False;gross_top_prefilter=0.05;k=16;min_bundle_outlay=15.136
2026-10-07T23:09:56+00:00,buy_all_no,KXDSENATESEATS-27,KXDSENATESEATS-27,9,KXDSENATESEATS-27-ABOVE52;KXDSENATESEATS-27-52;KXDSENATESEATS-27-51;KXDSENATESEATS-27-50;KXDSENATESEATS-27-49;KXDSENATESEATS-27-48;KXDSENATESEATS-27-47;KXDSENATESEATS-27-BELOW45;KXDSENATESEATS-27-46,no;no;no;no;no;no;no;no;no,0.6300;0.8100;0.8600;0.8800;0.9240;0.9390;0.9710;0.9840;0.9840,9781.97;28;5200.11;424;513.14;13.58;2;16.83;259.46,0,0.0,7.982,8,0.11,0.009,0.018,-0.101,-0.101,7.982,False,NO_POSITIVE_MARGINAL_EDGE,event_legs=10;fits_budget=True;gross_top_prefilter=0.018;k=9;min_bundle_outlay=8.101
2026-10-07T23:09:56+00:00,buy_all_no,KXWTA-26BEIJIN,KXWTA-26BEIJIN,8,KXWTA-26BEIJIN-SWI;KXWTA-26BEIJIN-AND;KXWTA-26BEIJIN-MUC;KXWTA-26BEIJIN-SVI;KXWTA-26BEIJIN-ZHE;KXWTA-26BEIJIN-MER;KXWTA-26BEIJIN-BAR;KXWTA-26BEIJIN-ALE,no;no;no;no;no;no;no;no,0.6700;0.7300;0.8200;0.8800;0.9600;0.9700;0.9700;0.9800,1;1;27;100;504;432;100;234,0,0.0,6.98,7,0.11,0.008,0.02,-0.098,-0.098,6.98,False,NO_POSITIVE_MARGINAL_EDGE,event_legs=32;fits_budget=True;gross_top_prefilter=0.02;k=8;min_bundle_outlay=7.098
2026-10-07T23:09:56+00:00,buy_all_no,KXHIGHTLV-26OCT08,KXHIGHTLV-26OCT08,3,KXHIGHTLV-26OCT08-B97.5;KXHIGHTLV-26OCT08-B99.5;KXHIGHTLV-26OCT08-B95.5,no;no;no,0.3600;0.7300;0.9000,120;8.45;63,0,0.0,1.99,2,0.05,0.003,0.01,-0.043,-0.043,1.99,False,NO_POSITIVE_MARGINAL_EDGE,event_legs=6;fits_budget=True;gross_top_prefilter=0.01;k=3;min_bundle_outlay=2.043
2026-10-07T23:09:56+00:00,buy_all_no,KXHIGHDEN-26OCT08,KXHIGHDEN-26OCT08,4,KXHIGHDEN-26OCT08-B85.5;KXHIGHDEN-26OCT08-B83.5;KXHIGHDEN-26OCT08-B87.5;KXHIGHDEN-26OCT08-B81.5,no;no;no;no,0.4500;0.6600;0.9000;0.9800,25;25;3;85.99,0,0.0,2.99,3,0.06,0.004,0.01,-0.054,-0.054,2.99,False,NO_POSITIVE_MARGINAL_EDGE,event_legs=6;fits_budget=True;gross_top_prefilter=0.01;k=4;min_bundle_outlay=3.054
2026-10-07T23:09:56+00:00,buy_all_no,KXFEDDECISION-26DEC,KXFEDDECISION-26DEC,4,KXFEDDECISION-26DEC-H25;KXFEDDECISION-26DEC-H0;KXFEDDECISION-26DEC-C25;KXFEDDECISION-26DEC-H26,no;no;no;no,0.2900;0.7400;0.9800;0.9800,696;1250;42;5000.24,0,0.0,2.99,3,0.06,0.004,0.01,-0.054,-0.054,2.99,False,NO_POSITIVE_MARGINAL_EDGE,event_legs=5;fits_budget=True;gross_top_prefilter=0.01;k=4;min_bundle_outlay=3.054
2026-10-07T23:09:56+00:00,buy_all_no,GOVPARTYNE-26,GOVPARTYNE-26,2,GOVPARTYNE-26-R;GOVPARTYNE-26-D,no;no,0.1000;0.8900,50;1646,0,0.0,0.99,1,0.02,0.002,0.01,-0.012,-0.012,0.99,False,NO_POSITIVE_MARGINAL_EDGE,event_legs=2;fits_budget=True;gross_top_prefilter=0.01;k=2;min_bundle_outlay=1.012
2026-10-07T23:09:56+00:00,buy_all_no,KXSPAIN3RD-26NOV29-3,KXSPAIN3RD-26NOV29-3,3,KXSPAIN3RD-26NOV29-3-VOX;KXSPAIN3RD-26NOV29-3-PSOE;KXSPAIN3RD-26NOV29-3-PP,no;no;no,0.0800;0.9500;0.9600,7589.08;21164.7;24776,0,0.0,1.99,2,0.03,0.003,0.01,-0.023,-0.023,1.99,False,NO_POSITIVE_MARGINAL_EDGE,event_legs=3;fits_budget=True;gross_top_prefilter=0.01;k=3;min_bundle_outlay=2.023
2026-10-07T23:09:56+00:00,buy_all_no,KXCRITICSHAIR-27,KXCRITICSHAIR-27,15,KXCRITICSHAIR-27-WER;KXCRITICSHAIR-27-DIG;KXCRITICSHAIR-27-ODY;KXCRITICSHAIR-27-DUN;KXCRITICSHAIR-27-CLA;KXCRITICSHAIR-27-BRI;KXCRITICSHAIR-27-EBE;KXCRITICSHAIR-27-WIC;KXCRITICSHAIR-27-MIC;KXCRITICSHAIR-27-LAB;KXCRITICSHAIR-27-IPL;KXCRITICSHAIR-27-FUR;KXCRITICSHAIR-27-ELS;KXCRITICSHAIR-27-ROS;KXCRITICSHAIR-27-ISG,no;no;no;no;no;no;no;no;no;no;no;no;no;no;no,0.7300;0.8200;0.8300;0.9000;0.9500;0.9500;0.9600;0.9600;0.9700;0.9800;0.9800;0.9800;0.9800;0.9800;0.9800,318;2808.3;387.2;4976.86;6653.9;6653.9;5049;7049;7882;4951;1816;4173;6217;3889;4173,0,0.0,13.95,14,0.17,0.015,0.05,-0.135,-0.135,13.95,False,NO_POSITIVE_MARGINAL_EDGE,event_legs=16;fits_budget=False;gross_top_prefilter=0.05;k=15;min_bundle_outlay=14.135
2026-10-07T23:09:56+00:00,buy_all_no,SENATEFLS-26,SENATEFLS-26,2,SENATEFLS-26-R;SENATEFLS-26-D,no;no,0.0900;0.9020,8287.29;70.29,0,0.0,0.992,1,0.02,0.002,0.008,-0.014,-0.014,0.992,False,NO_POSITIVE_MARGINAL_EDGE,event_legs=2;fits_budget=True;gross_top_prefilter=0.008;k=2;min_bundle_outlay=1.014
2026-10-07T23:09:56+00:00,buy_all_no,KXLIGAMXGAME-26OCT09TIGTOL,KXLIGAMXGAME-26OCT09TIGTOL,3,KXLIGAMXGAME-26OCT09TIGTOL-TOL;KXLIGAMXGAME-26OCT09TIGTOL-TIG;KXLIGAMXGAME-26OCT09TIGTOL-TIE,no;no;no,0.5700;0.6800;0.7400,809.69;9.07;1042.16,0,0.0,1.99,2,0.06,0.003,0.01,-0.053,-0.053,1.99,False,NO_POSITIVE_MARGINAL_EDGE,event_legs=3;fits_budget=True;gross_top_prefilter=0.01;k=3;min_bundle_outlay=2.053
2026-10-07T23:09:56+00:00,buy_all_no,KXNHLGAME-26OCT08UTABOS,KXNHLGAME-26OCT08UTABOS,2,KXNHLGAME-26OCT08UTABOS-UTA;KXNHLGAME-26OCT08UTABOS-BOS,no;no,0.4600;0.5300,20.99;92.02,0,0.0,0.99,1,0.04,0.002,0.01,-0.032,-0.032,0.99,False,NO_POSITIVE_MARGINAL_EDGE,event_legs=2;fits_budget=True;gross_top_prefilter=0.01;k=2;min_bundle_outlay=1.032
2026-10-07T23:09:56+00:00,buy_all_no,SENATEAR-26,SENATEAR-26,2,SENATEAR-26-R;SENATEAR-26-D,no;no,0.0620;0.9350,6532.31;631.11,0,0.0,0.997,1,0.02,0.002,0.003,-0.019,-0.019,0.997,False,NO_POSITIVE_MARGINAL_EDGE,event_legs=2;fits_budget=True;gross_top_prefilter=0.003;k=2;min_bundle_outlay=1.019
2026-10-07T23:09:56+00:00,buy_all_no,KXKSSENGOVCOMBO-26NOV,KXKSSENGOVCOMBO-26NOV,4,KXKSSENGOVCOMBO-26NOV-REPREP;KXKSSENGOVCOMBO-26NOV-REPDEM;KXKSSENGOVCOMBO-26NOV-DEMDEM;KXKSSENGOVCOMBO-26NOV-DEMREP,no;no;no;no,0.4300;0.7900;0.8100;0.9600,1;294;17;40,0,0.0,2.99,3,0.07,0.004,0.01,-0.064,-0.064,2.99,False,NO_POSITIVE_MARGINAL_EDGE,event_legs=4;fits_budget=True;gross_top_prefilter=0.01;k=4;min_bundle_outlay=3.064
2026-10-07T23:09:56+00:00,buy_all_no,KXBRASILEIROGAME-26OCT07RBBMIR,KXBRASILEIROGAME-26OCT07RBBMIR,3,KXBRASILEIROGAME-26OCT07RBBMIR-RBB;KXBRASILEIROGAME-26OCT07RBBMIR-TIE;KXBRASILEIROGAME-26OCT07RBBMIR-MIR,no;no;no,0.2750;0.7900;0.9400,1099.1;525;11026.3,0,0.0,2.005,2,0.05,0.003,-0.005,-0.058,-0.058,2.005,False,NO_POSITIVE_MARGINAL_EDGE,event_legs=3;fits_budget=True;gross_top_prefilter=0.005;k=3;min_bundle_outlay=2.058
2026-10-07T23:09:56+00:00,buy_all_no,KXATTYGENNY-26,KXATTYGENNY-26,2,KXATTYGENNY-26-D;KXATTYGENNY-26-R,no;no,0.0360;0.9590,6245.68;5989.28,0,0.0,0.995,1,0.02,0.002,0.005,-0.017,-0.017,0.995,False,NO_POSITIVE_MARGINAL_EDGE,event_legs=2;fits_budget=True;gross_top_prefilter=0.005;k=2;min_bundle_outlay=1.017
2026-10-07T23:09:56+00:00,buy_all_no,GOVPARTYOK-26,GOVPARTYOK-26,2,GOVPARTYOK-26-R;GOVPARTYOK-26-D,no;no,0.0900;0.9090,25;10,0,0.0,0.999,1,0.02,0.002,0.001,-0.021,-0.021,0.999,False,NO_POSITIVE_MARGINAL_EDGE,event_legs=2;fits_budget=True;gross_top_prefilter=0.001;k=2;min_bundle_outlay=1.021
2026-10-07T23:09:56+00:00,buy_all_no,KXCRITICSCOMEDY-27,KXCRITICSCOMEDY-27,14,KXCRITICSCOMEDY-27-WID;KXCRITICSCOMEDY-27-HAC;KXCRITICSCOMEDY-27-BEA;KXCRITICSCOMEDY-27-ABB;KXCRITICSCOMEDY-27-SHR;KXCRITICSCOMEDY-27-MAR;KXCRITICSCOMEDY-27-NOB;KXCRITICSCOMEDY-27-ROO;KXCRITICSCOMEDY-27-COM;KXCRITICSCOMEDY-27-FOU;KXCRITICSCOMEDY-27-JUR;KXCRITICSCOMEDY-27-GHO;KXCRITICSCOMEDY-27-SCR;KXCRITICSCOMEDY-27-TIE,no;no;no;no;no;no;no;no;no;no;no;no;no;no,0.3500;0.8900;0.9600;0.9800;0.9800;0.9800;0.9800;0.9800;0.9800;0.9800;0.9800;0.9800;0.9800;0.9800,50;4454.29;10241;6545;8678;10075;9440;8890;9584;6184;6184;6184;6184;7184,0,0.0,12.98,13,0.15,0.014,0.02,-0.144,-0.144,12.98,False,NO_POSITIVE_MARGINAL_EDGE,event_legs=16;fits_budget=False;gross_top_prefilter=0.02;k=14;min_bundle_outlay=13.144
2026-10-07T23:09:56+00:00,buy_all_no,KXTAIPEIMAYOR-26NOV28,KXTAIPEIMAYOR-26NOV28,2,KXTAIPEIMAYOR-26NOV28-CWAN;KXTAIPEIMAYOR-26NOV28-SPY,no;no,0.2700;0.7300,25;91,0,0.0,1.0,1,0.04,0.002,0.0,-0.042,-0.042,1.0,False,NO_POSITIVE_MARGINAL_EDGE,event_legs=6;fits_budget=True;gross_top_prefilter=0.0;k=2;min_bundle_outlay=1.042
2026-10-07T23:09:56+00:00,buy_all_no,GOVPARTYNY-26,GOVPARTYNY-26,2,GOVPARTYNY-26-D;GOVPARTYNY-26-R,no;no,0.0490;0.9500,13614.5;112.01,0,0.0,0.999,1,0.02,0.002,0.001,-0.021,-0.021,0.999,False,NO_POSITIVE_MARGINAL_EDGE,event_legs=2;fits_budget=True;gross_top_prefilter=0.001;k=2;min_bundle_outlay=1.021
2026-10-07T23:09:56+00:00,buy_all_no,KXCAATTORNEYGENERAL-26,KXCAATTORNEYGENERAL-26,2,KXCAATTORNEYGENERAL-26-RBON;KXCAATTORNEYGENERAL-26-MGAT,no;no,0.0400;0.9600,16484;5978.03,0,0.0,1.0,1,0.02,0.002,0.0,-0.022,-0.022,1.0,False,NO_POSITIVE_MARGINAL_EDGE,event_legs=2;fits_budget=True;gross_top_prefilter=0.0;k=2;min_bundle_outlay=1.022
2026-10-07T23:09:56+00:00,buy_all_no,KXRELOCATIONCHI-28,KXRELOCATIONCHI-28,3,KXRELOCATIONCHI-28-ILL;KXRELOCATIONCHI-28-IND;KXRELOCATIONCHI-28-REMAIN,no;no;no,0.3800;0.6600;0.9600,6.78;15.32;782.8,0,0.0,2.0,2,0.05,0.003,0.0,-0.053,-0.053,2.0,False,NO_POSITIVE_MARGINAL_EDGE,event_legs=4;fits_budget=True;gross_top_prefilter=0.0;k=3;min_bundle_outlay=2.053
2026-10-07T23:09:56+00:00,buy_all_no,GOVPARTYTX-26,GOVPARTYTX-26,2,GOVPARTYTX-26-R;GOVPARTYTX-26-D,no;no,0.2600;0.7400,71.75;2715.75,0,0.0,1.0,1,0.04,0.002,0.0,-0.042,-0.042,1.0,False,NO_POSITIVE_MARGINAL_EDGE,event_legs=2;fits_budget=True;gross_top_prefilter=0.0;k=2;min_bundle_outlay=1.042
2026-10-07T23:09:56+00:00,buy_all_no,GOVPARTYOH-26,GOVPARTYOH-26,2,GOVPARTYOH-26-D;GOVPARTYOH-26-R,no;no,0.3400;0.6600,46.96;163.28,0,0.0,1.0,1,0.04,0.002,0.0,-0.042,-0.042,1.0,False,NO_POSITIVE_MARGINAL_EDGE,event_legs=2;fits_budget=True;gross_top_prefilter=0.0;k=2;min_bundle_outlay=1.042
2026-10-07T23:09:56+00:00,buy_all_no,KXMLB-26,KXMLB-26,8,KXMLB-26-LAD;KXMLB-26-MIL;KXMLB-26-TB;KXMLB-26-CWS;KXMLB-26-SD;KXMLB-26-NYY;KXMLB-26-ATL;KXMLB-26-CLE,no;no;no;no;no;no;no;no,0.6240;0.7940;0.8260;0.9170;0.9520;0.9530;0.9600;0.9650,5.74;83.32;265.02;5720.73;9791.9;247.18;108.86;2310.3,0,0.0,6.991,7,0.11,0.008,0.009,-0.109,-0.109,6.991,False,NO_POSITIVE_MARGINAL_EDGE,event_legs=30;fits_budget=True;gross_top_prefilter=0.007;k=8;min_bundle_outlay=7.109
2026-10-07T23:09:56+00:00,buy_all_no,KXATTYGENMN-26,KXATTYGENMN-26,2,KXATTYGENMN-26-D;KXATTYGENMN-26-R,no;no,0.2500;0.7500,4948;4294.36,0,0.0,1.0,1,0.04,0.002,0.0,-0.042,-0.042,1.0,False,NO_POSITIVE_MARGINAL_EDGE,event_legs=2;fits_budget=True;gross_top_prefilter=0.0;k=2;min_bundle_outlay=1.042
2026-10-07T23:09:56+00:00,buy_all_no,GOVPARTYGA-26,GOVPARTYGA-26,2,GOVPARTYGA-26-R;GOVPARTYGA-26-D,no;no,0.4600;0.5400,102.56;17.3,0,0.0,1.0,1,0.04,0.002,0.0,-0.042,-0.042,1.0,False,NO_POSITIVE_MARGINAL_EDGE,event_legs=2;fits_budget=True;gross_top_prefilter=0.0;k=2;min_bundle_outlay=1.042
2026-10-07T23:09:56+00:00,buy_all_no,SENATEMS-26,SENATEMS-26,2,SENATEMS-26-R;SENATEMS-26-D,no;no,0.0880;0.9100,15793.2;81.51,0,0.0,0.998,1,0.02,0.002,0.002,-0.02,-0.02,0.998,False,NO_POSITIVE_MARGINAL_EDGE,event_legs=2;fits_budget=True;gross_top_prefilter=0.002;k=2;min_bundle_outlay=1.02
2026-10-07T23:09:56+00:00,buy_all_no,KXHOUSERACE-TX23-26,KXHOUSERACE-TX23-26,2,KXHOUSERACE-TX23-26-R;KXHOUSERACE-TX23-26-D,no;no,0.3700;0.6300,149;335.01,0,0.0,1.0,1,0.04,0.002,0.0,-0.042,-0.042,1.0,False,NO_POSITIVE_MARGINAL_EDGE,event_legs=2;fits_budget=True;gross_top_prefilter=0.0;k=2;min_bundle_outlay=1.042
2026-10-07T23:09:56+00:00,buy_all_no,KXHOUSERACE-OH07-26,KXHOUSERACE-OH07-26,2,KXHOUSERACE-OH07-26-D;KXHOUSERACE-OH07-26-R,no;no,0.1900;0.8100,95;642,0,0.0,1.0,1,0.04,0.002,0.0,-0.042,-0.042,1.0,False,NO_POSITIVE_MARGINAL_EDGE,event_legs=2;fits_budget=True;gross_top_prefilter=0.0;k=2;min_bundle_outlay=1.042
2026-10-07T23:09:56+00:00,buy_all_no,GOVPARTYOR-26,GOVPARTYOR-26,2,GOVPARTYOR-26-D;GOVPARTYOR-26-R,no;no,0.2500;0.7500,234.66;29,0,0.0,1.0,1,0.04,0.002,0.0,-0.042,-0.042,1.0,False,NO_POSITIVE_MARGINAL_EDGE,event_legs=2;fits_budget=True;gross_top_prefilter=0.0;k=2;min_bundle_outlay=1.042
2026-10-07T23:09:56+00:00,buy_all_no,SENATEAK-26,SENATEAK-26,2,SENATEAK-26-D;SENATEAK-26-R,no;no,0.2400;0.7600,284124;3050.74,0,0.0,1.0,1,0.04,0.002,0.0,-0.042,-0.042,1.0,False,NO_POSITIVE_MARGINAL_EDGE,event_legs=2;fits_budget=True;gross_top_prefilter=0.0;k=2;min_bundle_outlay=1.042
2026-10-07T23:09:56+00:00,buy_all_no,KXOSCARACTO-27,KXOSCARACTO-27,6,KXOSCARACTO-27-JOH;KXOSCARACTO-27-MATT;KXOSCARACTO-27-AND;KXOSCARACTO-27-TOM;KXOSCARACTO-27-ROB;KXOSCARACTO-27-TIM,no;no;no;no;no;no,0.6000;0.7600;0.8300;0.8700;0.9700;0.9700,14.24;55.02;4.72;216.59;221.24;1.38,0,0.0,5.0,5,0.08,0.006,0.0,-0.086,-0.086,5.0,False,NO_POSITIVE_MARGINAL_EDGE,event_legs=25;fits_budget=True;gross_top_prefilter=0.0;k=6;min_bundle_outlay=5.086
2026-10-07T23:09:56+00:00,buy_all_no,KXGOVCA-26,KXGOVCA-26,2,KXGOVCA-26-XBEC;KXGOVCA-26-SHIL,no;no,0.0370;0.9630,18903.7;501,0,0.0,1.0,1,0.02,0.002,0.0,-0.022,-0.022,1.0,False,NO_POSITIVE_MARGINAL_EDGE,event_legs=2;fits_budget=True;gross_top_prefilter=0.0;k=2;min_bundle_outlay=1.022
2026-10-07T23:09:56+00:00,buy_all_no,GOVPARTYFL-26,GOVPARTYFL-26,2,GOVPARTYFL-26-R;GOVPARTYFL-26-D,no;no,0.2300;0.7700,666.65;250150,0,0.0,1.0,1,0.04,0.002,0.0,-0.042,-0.042,1.0,False,NO_POSITIVE_MARGINAL_EDGE,event_legs=2;fits_budget=True;gross_top_prefilter=0.0;k=2;min_bundle_outlay=1.042
2026-10-07T23:09:56+00:00,buy_all_no,KXATTYGENAZ-26,KXATTYGENAZ-26,2,KXATTYGENAZ-26-D;KXATTYGENAZ-26-R,no;no,0.1900;0.8100,10;6275.34,0,0.0,1.0,1,0.04,0.002,0.0,-0.042,-0.042,1.0,False,NO_POSITIVE_MARGINAL_EDGE,event_legs=2;fits_budget=True;gross_top_prefilter=0.0;k=2;min_bundle_outlay=1.042
2026-10-07T23:09:56+00:00,buy_all_no,KXHOUSERACE-CO05-26,KXHOUSERACE-CO05-26,2,KXHOUSERACE-CO05-26-R;KXHOUSERACE-CO05-26-D,no;no,0.2500;0.7500,2.93;25,0,0.0,1.0,1,0.04,0.002,0.0,-0.042,-0.042,1.0,False,NO_POSITIVE_MARGINAL_EDGE,event_legs=2;fits_budget=True;gross_top_prefilter=0.0;k=2;min_bundle_outlay=1.042
2026-10-07T23:09:56+00:00,buy_all_no,GOVPARTYAZ-26,GOVPARTYAZ-26,2,GOVPARTYAZ-26-D;GOVPARTYAZ-26-R,no;no,0.1100;0.8900,28;102.69,0,0.0,1.0,1,0.02,0.002,0.0,-0.022,-0.022,1.0,False,NO_POSITIVE_MARGINAL_EDGE,event_legs=2;fits_budget=True;gross_top_prefilter=0.0;k=2;min_bundle_outlay=1.022
2026-10-07T23:09:56+00:00,buy_all_no,KXNCAAFSEED-27S1,KXNCAAFSEED-27S1,8,KXNCAAFSEED-27S1-ND;KXNCAAFSEED-27S1-TEX;KXNCAAFSEED-27S1-ALA;KXNCAAFSEED-27S1-MIA;KXNCAAFSEED-27S1-UGA;KXNCAAFSEED-27S1-OSU;KXNCAAFSEED-27S1-IND;KXNCAAFSEED-27S1-LSU,no;no;no;no;no;no;no;no,0.7900;0.8000;0.8100;0.8500;0.9000;0.9300;0.9500;0.9700,40.07;30;20;3.39;3;5.2;5;26.5,0,0.0,7.0,7,0.11,0.008,0.0,-0.118,-0.118,7.0,False,NO_POSITIVE_MARGINAL_EDGE,event_legs=50;fits_budget=True;gross_top_prefilter=0.0;k=8;min_bundle_outlay=7.118
2026-10-07T23:09:56+00:00,buy_all_no,KXUFCLHEAVYWEIGHTTITLE-26,KXUFCLHEAVYWEIGHTTITLE-26,2,KXUFCLHEAVYWEIGHTTITLE-26-CULB;KXUFCLHEAVYWEIGHTTITLE-26-MANK,no;no,0.0600;0.9400,382.23;197.67,0,0.0,1.0,1,0.02,0.002,0.0,-0.022,-0.022,1.0,False,NO_POSITIVE_MARGINAL_EDGE,event_legs=10;fits_budget=True;gross_top_prefilter=0.0;k=2;min_bundle_outlay=1.022
2026-10-07T23:09:56+00:00,buy_all_no,HOUSEMI7-26,HOUSEMI7-26,2,HOUSEMI7-26-D;HOUSEMI7-26-R,no;no,0.4000;0.6000,285.44;3169.38,0,0.0,1.0,1,0.04,0.002,0.0,-0.042,-0.042,1.0,False,NO_POSITIVE_MARGINAL_EDGE,event_legs=2;fits_budget=True;gross_top_prefilter=0.0;k=2;min_bundle_outlay=1.042
2026-10-07T23:09:56+00:00,buy_all_no,KXCRITICSPROD-27,KXCRITICSPROD-27,16,KXCRITICSPROD-27-ODY;KXCRITICSPROD-27-DUN;KXCRITICSPROD-27-LAB;KXCRITICSPROD-27-WER;KXCRITICSPROD-27-FUR;KXCRITICSPROD-27-PRO;KXCRITICSPROD-27-WUT;KXCRITICSPROD-27-SEN;KXCRITICSPROD-27-WIL;KXCRITICSPROD-27-BAC;KXCRITICSPROD-27-FAT;KXCRITICSPROD-27-WILD;KXCRITICSPROD-27-INK;KXCRITICSPROD-27-DEV;KXCRITICSPROD-27-DIG;KXCRITICSPROD-27-TIE,no;no;no;no;no;no;no;no;no;no;no;no;no;no;no;no,0.5400;0.8500;0.9500;0.9500;0.9500;0.9600;0.9700;0.9800;0.9800;0.9800;0.9800;0.9800;0.9800;0.9800;0.9800;0.9800,3500;3980;7321.55;7321.55;6455.76;7616;10102;8584;8584;8584;8584;8584;8584;9584;9584;6834,0,0.0,14.99,15,0.17,0.016,0.01,-0.176,-0.176,14.99,False,NO_POSITIVE_MARGINAL_EDGE,event_legs=16;fits_budget=False;gross_top_prefilter=0.01;k=16;min_bundle_outlay=15.176
2026-10-07T23:09:56+00:00,buy_all_no,KXMLBALMVP-26,KXMLBALMVP-26,3,KXMLBALMVP-26-YALV;KXMLBALMVP-26-JCAM;KXMLBALMVP-26-CSCHLITTLER31,no;no;no,0.0400;0.9800;0.9800,27.67;156.88;410.73,0,0.0,2.0,2,0.03,0.003,0.0,-0.033,-0.033,2.0,False,NO_POSITIVE_MARGINAL_EDGE,event_legs=49;fits_budget=True;gross_top_prefilter=0.0;k=3;min_bundle_outlay=2.033
2026-10-07T23:09:56+00:00,buy_all_no,KXRATECUTCOUNT-26DEC31,KXRATECUTCOUNT-26DEC31,3,KXRATECUTCOUNT-26DEC31-T0;KXRATECUTCOUNT-26DEC31-T1;KXRATECUTCOUNT-26DEC31-T2,no;no;no,0.0490;0.9630;0.9880,47.66;75.28;5032.24,0,0.0,2.0,2,0.03,0.003,0.0,-0.033,-0.033,2.0,False,NO_POSITIVE_MARGINAL_EDGE,event_legs=21;fits_budget=True;gross_top_prefilter=0.0;k=3;min_bundle_outlay=2.033
2026-10-07T23:09:56+00:00,buy_all_no,KXDHOUSESEATS-27,KXDHOUSESEATS-27,12,KXDHOUSESEATS-27-232;KXDHOUSESEATS-27-236;KXDHOUSESEATS-27-240;KXDHOUSESEATS-27-249;KXDHOUSESEATS-27-244;KXDHOUSESEATS-27-228;KXDHOUSESEATS-27-248;KXDHOUSESEATS-27-224;KXDHOUSESEATS-27-210;KXDHOUSESEATS-27-220;KXDHOUSESEATS-27-212;KXDHOUSESEATS-27-216,no;no;no;no;no;no;no;no;no;no;no;no,0.8300;0.8700;0.8800;0.9000;0.9040;0.9080;0.9240;0.9260;0.9550;0.9610;0.9670;0.9690,57.37;1431.68;1323.62;692;2000;0.67;1618.09;13.41;12.38;1;0.44;3.06,0,0.0,10.994,11,0.12,0.012,0.006,-0.126,-0.126,10.994,False,NO_POSITIVE_MARGINAL_EDGE,event_legs=12;fits_budget=False;gross_top_prefilter=0.006;k=12;min_bundle_outlay=11.126
2026-10-07T23:09:56+00:00,buy_all_no,KXVALORANT-CHAMPSH26,KXVALORANT-CHAMPSH26,7,KXVALORANT-CHAMPSH26-100T;KXVALORANT-CHAMPSH26-NRG;KXVALORANT-CHAMPSH26-LOUD;KXVALORANT-CHAMPSH26-PR;KXVALORANT-CHAMPSH26-NS;KXVALORANT-CHAMPSH26-G2;KXVALORANT-CHAMPSH26-VIT,no;no;no;no;no;no;no,0.6800;0.7300;0.8200;0.9400;0.9400;0.9400;0.9500,66.04;2.43;7;28;575.97;28;3,0,0.0,6.0,6,0.1,0.007,0.0,-0.107,-0.107,6.0,False,NO_POSITIVE_MARGINAL_EDGE,event_legs=16;fits_budget=True;gross_top_prefilter=0.0;k=7;min_bundle_outlay=6.107
2026-10-07T23:09:56+00:00,buy_all_no,KXBALLONDOR-26,KXBALLONDOR-26,4,KXBALLONDOR-26-HKAN;KXBALLONDOR-26-LYAM;KXBALLONDOR-26-LMES;KXBALLONDOR-26-KMBA,no;no;no;no,0.5000;0.5700;0.9600;0.9700,3128.84;4303.5;6342.41;33928.8,0,0.0,3.0,3,0.06,0.004,0.0,-0.064,-0.064,3.0,False,NO_POSITIVE_MARGINAL_EDGE,event_legs=31;fits_budget=True;gross_top_prefilter=0.0;k=4;min_bundle_outlay=3.064
2026-10-07T23:09:56+00:00,buy_all_no,KXNFLGAME-26OCT18BALCLE,KXNFLGAME-26OCT18BALCLE,2,KXNFLGAME-26OCT18BALCLE-BAL;KXNFLGAME-26OCT18BALCLE-CLE,no;no,0.4400;0.5600,4.01;419.61,0,0.0,1.0,1,0.04,0.002,0.0,-0.042,-0.042,1.0,False,NO_POSITIVE_MARGINAL_EDGE,event_legs=2;fits_budget=True;gross_top_prefilter=0.0;k=2;min_bundle_outlay=1.042
2026-10-07T23:09:56+00:00,buy_all_no,KXNEXTTEAMNFL-26ARODGERS8,KXNEXTTEAMNFL-26ARODGERS8,2,KXNEXTTEAMNFL-26ARODGERS8-PIT;KXNEXTTEAMNFL-26ARODGERS8-NONE,no;no,0.0800;0.9200,88.01;25.17,0,0.0,1.0,1,0.02,0.002,0.0,-0.022,-0.022,1.0,False,NO_POSITIVE_MARGINAL_EDGE,event_legs=33;fits_budget=True;gross_top_prefilter=0.0;k=2;min_bundle_outlay=1.022
2026-10-07T23:09:56+00:00,buy_all_no,KXNFLGAME-26OCT12BUFLAR,KXNFLGAME-26OCT12BUFLAR,2,KXNFLGAME-26OCT12BUFLAR-LAR;KXNFLGAME-26OCT12BUFLAR-BUF,no;no,0.4000;0.6000,41.26;9231.3,0,0.0,1.0,1,0.04,0.002,0.0,-0.042,-0.042,1.0,False,NO_POSITIVE_MARGINAL_EDGE,event_legs=2;fits_budget=True;gross_top_prefilter=0.0;k=2;min_bundle_outlay=1.042
2026-10-07T23:09:56+00:00,buy_all_no,KXNFLGAME-26OCT18CHIATL,KXNFLGAME-26OCT18CHIATL,2,KXNFLGAME-26OCT18CHIATL-CHI;KXNFLGAME-26OCT18CHIATL-ATL,no;no,0.4700;0.5300,30.01;56.5,0,0.0,1.0,1,0.04,0.002,0.0,-0.042,-0.042,1.0,False,NO_POSITIVE_MARGINAL_EDGE,event_legs=2;fits_budget=True;gross_top_prefilter=0.0;k=2;min_bundle_outlay=1.042
2026-10-07T23:09:56+00:00,buy_all_no,KXNCAAFGAME-26OCT10CARKAC,KXNCAAFGAME-26OCT10CARKAC,2,KXNCAAFGAME-26OCT10CARKAC-AC;KXNCAAFGAME-26OCT10CARKAC-CARK,no;no,0.2600;0.7400,0.67;4,0,0.0,1.0,1,0.04,0.002,0.0,-0.042,-0.042,1.0,False,NO_POSITIVE_MARGINAL_EDGE,event_legs=2;fits_budget=True;gross_top_prefilter=0.0;k=2;min_bundle_outlay=1.042
2026-10-07T23:09:56+00:00,buy_all_no,KXWODIMATCH-26OCT102350BANAUS,KXWODIMATCH-26OCT102350BANAUS,2,KXWODIMATCH-26OCT102350BANAUS-AUS;KXWODIMATCH-26OCT102350BANAUS-BAN,no;no,0.0400;0.9600,229.12;300,0,0.0,1.0,1,0.02,0.002,0.0,-0.022,-0.022,1.0,False,NO_POSITIVE_MARGINAL_EDGE,event_legs=2;fits_budget=True;gross_top_prefilter=0.0;k=2;min_bundle_outlay=1.022
2026-10-07T23:09:56+00:00,buy_all_no,KXNCAAFGAME-26OCT10SDSUORST,KXNCAAFGAME-26OCT10SDSUORST,2,KXNCAAFGAME-26OCT10SDSUORST-ORST;KXNCAAFGAME-26OCT10SDSUORST-SDSU,no;no,0.1500;0.8500,3331;41.84,0,0.0,1.0,1,0.02,0.002,0.0,-0.022,-0.022,1.0,False,NO_POSITIVE_MARGINAL_EDGE,event_legs=2;fits_budget=True;gross_top_prefilter=0.0;k=2;min_bundle_outlay=1.022
2026-10-07T23:09:56+00:00,buy_all_no,KXMISENATE-26,KXMISENATE-26,2,KXMISENATE-26-AELS;KXMISENATE-26-MROG,no;no,0.2900;0.7100,163.08;306.84,0,0.0,1.0,1,0.04,0.002,0.0,-0.042,-0.042,1.0,False,NO_POSITIVE_MARGINAL_EDGE,event_legs=4;fits_budget=True;gross_top_prefilter=0.0;k=2;min_bundle_outlay=1.042
2026-10-07T23:09:56+00:00,buy_all_no,KXCBDECISIONCANADA-26OCT,KXCBDECISIONCANADA-26OCT,2,KXCBDECISIONCANADA-26OCT-H0;KXCBDECISIONCANADA-26OCT-H25,no;no,0.1900;0.8100,25.74;266.88,0,0.0,1.0,1,0.04,0.002,0.0,-0.042,-0.042,1.0,False,NO_POSITIVE_MARGINAL_EDGE,event_legs=5;fits_budget=True;gross_top_prefilter=0.0;k=2;min_bundle_outlay=1.042
2026-10-07T23:09:56+00:00,buy_all_no,KXSPAIN2ND-26NOV29-2,KXSPAIN2ND-26NOV29-2,3,KXSPAIN2ND-26NOV29-2-PSOE;KXSPAIN2ND-26NOV29-2-PP;KXSPAIN2ND-26NOV29-2-VOX,no;no;no,0.1500;0.8900;0.9600,5352.94;11492.7;23675,0,0.0,2.0,2,0.03,0.003,0.0,-0.033,-0.033,2.0,False,NO_POSITIVE_MARGINAL_EDGE,event_legs=3;fits_budget=True;gross_top_prefilter=0.0;k=3;min_bundle_outlay=2.033
2026-10-07T23:09:56+00:00,buy_all_no,KXNCAAFGAME-26OCT10KENTWMU,KXNCAAFGAME-26OCT10KENTWMU,2,KXNCAAFGAME-26OCT10KENTWMU-WMU;KXNCAAFGAME-26OCT10KENTWMU-KENT,no;no,0.1600;0.8400,1;3875,0,0.0,1.0,1,0.02,0.002,0.0,-0.022,-0.022,1.0,False,NO_POSITIVE_MARGINAL_EDGE,event_legs=2;fits_budget=True;gross_top_prefilter=0.0;k=2;min_bundle_outlay=1.022
2026-10-07T23:09:56+00:00,buy_all_no,KXNCAAFGAME-26OCT10ARIZWVU,KXNCAAFGAME-26OCT10ARIZWVU,2,KXNCAAFGAME-26OCT10ARIZWVU-ARIZ;KXNCAAFGAME-26OCT10ARIZWVU-WVU,no;no,0.4000;0.6000,55.38;35,0,0.0,1.0,1,0.04,0.002,0.0,-0.042,-0.042,1.0,False,NO_POSITIVE_MARGINAL_EDGE,event_legs=2;fits_budget=True;gross_top_prefilter=0.0;k=2;min_bundle_outlay=1.042
2026-10-07T23:09:56+00:00,buy_all_no,KXNCAAFGAME-26OCT10UCFOKST,KXNCAAFGAME-26OCT10UCFOKST,2,KXNCAAFGAME-26OCT10UCFOKST-OKST;KXNCAAFGAME-26OCT10UCFOKST-UCF,no;no,0.2100;0.7900,13183.6;7144.85,0,0.0,1.0,1,0.04,0.002,0.0,-0.042,-0.042,1.0,False,NO_POSITIVE_MARGINAL_EDGE,event_legs=2;fits_budget=True;gross_top_prefilter=0.0;k=2;min_bundle_outlay=1.042
2026-10-07T23:09:56+00:00,buy_all_no,KXNCAAFGAME-26OCT10JMUGASO,KXNCAAFGAME-26OCT10JMUGASO,2,KXNCAAFGAME-26OCT10JMUGASO-JMU;KXNCAAFGAME-26OCT10JMUGASO-GASO,no;no,0.2600;0.7400,2.4;3162,0,0.0,1.0,1,0.04,0.002,0.0,-0.042,-0.042,1.0,False,NO_POSITIVE_MARGINAL_EDGE,event_legs=2;fits_budget=True;gross_top_prefilter=0.0;k=2;min_bundle_outlay=1.042
2026-10-07T23:09:56+00:00,buy_all_no,KXEPLGAME-26OCT10MUNTOT,KXEPLGAME-26OCT10MUNTOT,3,KXEPLGAME-26OCT10MUNTOT-MUN;KXEPLGAME-26OCT10MUNTOT-TIE;KXEPLGAME-26OCT10MUNTOT-TOT,no;no;no,0.4300;0.7800;0.7900,6033.95;290;28,0,0.0,2.0,2,0.06,0.003,0.0,-0.063,-0.063,2.0,False,NO_POSITIVE_MARGINAL_EDGE,event_legs=3;fits_budget=True;gross_top_prefilter=0.0;k=3;min_bundle_outlay=2.063
2026-10-07T23:09:56+00:00,buy_all_no,KXNCAAFGAME-26OCT10TULNARMY,KXNCAAFGAME-26OCT10TULNARMY,2,KXNCAAFGAME-26OCT10TULNARMY-ARMY;KXNCAAFGAME-26OCT10TULNARMY-TULN,no;no,0.4000;0.6000,46.22;39.88,0,0.0,1.0,1,0.04,0.002,0.0,-0.042,-0.042,1.0,False,NO_POSITIVE_MARGINAL_EDGE,event_legs=2;fits_budget=True;gross_top_prefilter=0.0;k=2;min_bundle_outlay=1.042
2026-10-07T23:09:56+00:00,buy_all_no,KXNCAAFGAME-26OCT10PRINWAG,KXNCAAFGAME-26OCT10PRINWAG,2,KXNCAAFGAME-26OCT10PRINWAG-PRIN;KXNCAAFGAME-26OCT10PRINWAG-WAG,no;no,0.0800;0.9200,7.77;289.56,0,0.0,1.0,1,0.02,0.002,0.0,-0.022,-0.022,1.0,False,NO_POSITIVE_MARGINAL_EDGE,event_legs=2;fits_budget=True;gross_top_prefilter=0.0;k=2;min_bundle_outlay=1.022
2026-10-07T23:09:56+00:00,buy_all_no,KXUFCFIGHT-26OCT10PRABON,KXUFCFIGHT-26OCT10PRABON,2,KXUFCFIGHT-26OCT10PRABON-PRA;KXUFCFIGHT-26OCT10PRABON-BON,no;no,0.5000;0.5000,10843.4;3.76,0,0.0,1.0,1,0.04,0.002,0.0,-0.042,-0.042,1.0,False,NO_POSITIVE_MARGINAL_EDGE,event_legs=2;fits_budget=True;gross_top_prefilter=0.0;k=2;min_bundle_outlay=1.042
2026-10-07T23:09:56+00:00,buy_all_no,KXNCAAFGAME-26OCT10TEXOKLA,KXNCAAFGAME-26OCT10TEXOKLA,2,KXNCAAFGAME-26OCT10TEXOKLA-TEX;KXNCAAFGAME-26OCT10TEXOKLA-OKLA,no;no,0.2500;0.7500,13643.6;6843.11,0,0.0,1.0,1,0.04,0.002,0.0,-0.042,-0.042,1.0,False,NO_POSITIVE_MARGINAL_EDGE,event_legs=2;fits_budget=True;gross_top_prefilter=0.0;k=2;min_bundle_outlay=1.042
2026-10-07T23:09:56+00:00,buy_all_no,KXMLBAL-26,KXMLBAL-26,4,KXMLBAL-26-TB;KXMLBAL-26-CWS;KXMLBAL-26-NYY;KXMLBAL-26-CLE,no;no;no;no,0.4900;0.7100;0.9000;0.9000,152.87;243.45;2187.99;946.55,0,0.0,3.0,3,0.06,0.004,0.0,-0.064,-0.064,3.0,False,NO_POSITIVE_MARGINAL_EDGE,event_legs=15;fits_budget=True;gross_top_prefilter=0.0;k=4;min_bundle_outlay=3.064
2026-10-07T23:09:56+00:00,buy_all_no,KXNCAAFGAME-26OCT09WSUUSU,KXNCAAFGAME-26OCT09WSUUSU,2,KXNCAAFGAME-26OCT09WSUUSU-USU;KXNCAAFGAME-26OCT09WSUUSU-WSU,no;no,0.3500;0.6500,243;272.77,0,0.0,1.0,1,0.04,0.002,0.0,-0.042,-0.042,1.0,False,NO_POSITIVE_MARGINAL_EDGE,event_legs=2;fits_budget=True;gross_top_prefilter=0.0;k=2;min_bundle_outlay=1.042
2026-10-07T23:09:56+00:00,buy_all_no,KXHIGHTATL-26OCT08,KXHIGHTATL-26OCT08,4,KXHIGHTATL-26OCT08-B84.5;KXHIGHTATL-26OCT08-B86.5;KXHIGHTATL-26OCT08-B82.5;KXHIGHTATL-26OCT08-T82,no;no;no;no,0.5000;0.6500;0.8700;0.9800,3;75;2;2,0,0.0,3.0,3,0.06,0.004,0.0,-0.064,-0.064,3.0,False,NO_POSITIVE_MARGINAL_EDGE,event_legs=6;fits_budget=True;gross_top_prefilter=0.0;k=4;min_bundle_outlay=3.064
2026-10-07T23:09:56+00:00,buy_all_no,KXNHLGAME-26OCT08COLCGY,KXNHLGAME-26OCT08COLCGY,2,KXNHLGAME-26OCT08COLCGY-COL;KXNHLGAME-26OCT08COLCGY-CGY,no;no,0.3200;0.6800,368;44,0,0.0,1.0,1,0.04,0.002,0.0,-0.042,-0.042,1.0,False,NO_POSITIVE_MARGINAL_EDGE,event_legs=2;fits_budget=True;gross_top_prefilter=0.0;k=2;min_bundle_outlay=1.042
2026-10-07T23:09:56+00:00,buy_all_no,KXHIGHLAX-26OCT08,KXHIGHLAX-26OCT08,5,KXHIGHLAX-26OCT08-T83;KXHIGHLAX-26OCT08-B83.5;KXHIGHLAX-26OCT08-B85.5;KXHIGHLAX-26OCT08-B87.5;KXHIGHLAX-26OCT08-B89.5,no;no;no;no;no,0.4200;0.7600;0.8800;0.9700;0.9700,38.01;34;60.54;223.99;224.57,0,0.0,4.0,4,0.07,0.005,0.0,-0.075,-0.075,4.0,False,NO_POSITIVE_MARGINAL_EDGE,event_legs=6;fits_budget=True;gross_top_prefilter=0.0;k=5;min_bundle_outlay=4.075
2026-10-07T23:09:56+00:00,buy_all_no,KXT20MATCH-26OCT090930WIIND,KXT20MATCH-26OCT090930WIIND,2,KXT20MATCH-26OCT090930WIIND-IND;KXT20MATCH-26OCT090930WIIND-WI,no;no,0.2400;0.7600,74.01;667.64,0,0.0,1.0,1,0.04,0.002,0.0,-0.042,-0.042,1.0,False,NO_POSITIVE_MARGINAL_EDGE,event_legs=2;fits_budget=True;gross_top_prefilter=0.0;k=2;min_bundle_outlay=1.042
2026-10-07T23:09:56+00:00,buy_all_no,KXNBAGAME-26OCT09HOUDAL,KXNBAGAME-26OCT09HOUDAL,2,KXNBAGAME-26OCT09HOUDAL-DAL;KXNBAGAME-26OCT09HOUDAL-HOU,no;no,0.3400;0.6600,2.79;40,0,0.0,1.0,1,0.04,0.002,0.0,-0.042,-0.042,1.0,False,NO_POSITIVE_MARGINAL_EDGE,event_legs=2;fits_budget=True;gross_top_prefilter=0.0;k=2;min_bundle_outlay=1.042
2026-10-07T23:09:56+00:00,buy_all_no,KXCS2GAME-26OCT081300BLASIN,KXCS2GAME-26OCT081300BLASIN,2,KXCS2GAME-26OCT081300BLASIN-BLA;KXCS2GAME-26OCT081300BLASIN-SIN,no;no,0.5000;0.5000,99;276,0,0.0,1.0,1,0.04,0.002,0.0,-0.042,-0.042,1.0,False,NO_POSITIVE_MARGINAL_EDGE,event_legs=2;fits_budget=True;gross_top_prefilter=0.0;k=2;min_bundle_outlay=1.042
2026-10-07T23:09:56+00:00,buy_all_no,KXNHLGAME-26OCT08VANCAR,KXNHLGAME-26OCT08VANCAR,2,KXNHLGAME-26OCT08VANCAR-CAR;KXNHLGAME-26OCT08VANCAR-VAN,no;no,0.2500;0.7500,145.63;85,0,0.0,1.0,1,0.04,0.002,0.0,-0.042,-0.042,1.0,False,NO_POSITIVE_MARGINAL_EDGE,event_legs=2;fits_budget=True;gross_top_prefilter=0.0;k=2;min_bundle_outlay=1.042
2026-10-07T23:09:56+00:00,buy_all_no,KXOWGAME-26OCT090700ZETASEI,KXOWGAME-26OCT090700ZETASEI,2,KXOWGAME-26OCT090700ZETASEI-ZETA;KXOWGAME-26OCT090700ZETASEI-SEI,no;no,0.0400;0.9600,226.05;248.32,0,0.0,1.0,1,0.02,0.002,0.0,-0.022,-0.022,1.0,False,NO_POSITIVE_MARGINAL_EDGE,event_legs=2;fits_budget=True;gross_top_prefilter=0.0;k=2;min_bundle_outlay=1.022
2026-10-07T23:09:56+00:00,buy_all_no,KXWTAMATCH-26OCT07MERSWI,KXWTAMATCH-26OCT07MERSWI,2,KXWTAMATCH-26OCT07MERSWI-SWI;KXWTAMATCH-26OCT07MERSWI-MER,no;no,0.2000;0.8000,86.73;10,0,0.0,1.0,1,0.04,0.002,0.0,-0.042,-0.042,1.0,False,NO_POSITIVE_MARGINAL_EDGE,event_legs=2;fits_budget=True;gross_top_prefilter=0.0;k=2;min_bundle_outlay=1.042
2026-10-07T23:09:56+00:00,buy_all_no,KXNCAAFGAME-26OCT10UGAALA,KXNCAAFGAME-26OCT10UGAALA,2,KXNCAAFGAME-26OCT10UGAALA-ALA;KXNCAAFGAME-26OCT10UGAALA-UGA,no;no,0.4800;0.5200,9.3;4.52,0,0.0,1.0,1,0.04,0.002,0.0,-0.042,-0.042,1.0,False,NO_POSITIVE_MARGINAL_EDGE,event_legs=2;fits_budget=True;gross_top_prefilter=0.0;k=2;min_bundle_outlay=1.042
2026-10-07T23:09:56+00:00,buy_all_no,KXWTACHALLENGERMATCH-26OCT07KALKOR,KXWTACHALLENGERMATCH-26OCT07KALKOR,2,KXWTACHALLENGERMATCH-26OCT07KALKOR-KAL;KXWTACHALLENGERMATCH-26OCT07KALKOR-KOR,no;no,0.5000;0.5000,133;3235.06,0,0.0,1.0,1,0.04,0.002,0.0,-0.042,-0.042,1.0,False,NO_POSITIVE_MARGINAL_EDGE,event_legs=2;fits_budget=True;gross_top_prefilter=0.0;k=2;min_bundle_outlay=1.042
2026-10-07T23:09:56+00:00,buy_all_no,KXITFMATCH-26OCT07DELCHI,KXITFMATCH-26OCT07DELCHI,2,KXITFMATCH-26OCT07DELCHI-DEL;KXITFMATCH-26OCT07DELCHI-CHI,no;no,0.1000;0.9000,9;394,0,0.0,1.0,1,0.02,0.002,0.0,-0.022,-0.022,1.0,False,NO_POSITIVE_MARGINAL_EDGE,event_legs=2;fits_budget=True;gross_top_prefilter=0.0;k=2;min_bundle_outlay=1.022
2026-10-07T23:09:56+00:00,buy_all_no,KXWNBAGAME-26OCT07LVGS,KXWNBAGAME-26OCT07LVGS,2,KXWNBAGAME-26OCT07LVGS-GS;KXWNBAGAME-26OCT07LVGS-LV,no;no,0.4700;0.5300,125007;59435.6,0,0.0,1.0,1,0.04,0.002,0.0,-0.042,-0.042,1.0,False,NO_POSITIVE_MARGINAL_EDGE,event_legs=2;fits_budget=True;gross_top_prefilter=0.0;k=2;min_bundle_outlay=1.042
2026-10-07T23:09:56+00:00,buy_all_no,KXT20MATCH-26OCT072115MYABAH,KXT20MATCH-26OCT072115MYABAH,2,KXT20MATCH-26OCT072115MYABAH-BAH;KXT20MATCH-26OCT072115MYABAH-MYA,no;no,0.0500;0.9500,1041.32;6748,0,0.0,1.0,1,0.02,0.002,0.0,-0.022,-0.022,1.0,False,NO_POSITIVE_MARGINAL_EDGE,event_legs=2;fits_budget=True;gross_top_prefilter=0.0;k=2;min_bundle_outlay=1.022
2026-10-07T23:09:56+00:00,buy_all_no,KXHIGHTDAL-26OCT08,KXHIGHTDAL-26OCT08,4,KXHIGHTDAL-26OCT08-B89.5;KXHIGHTDAL-26OCT08-T90;KXHIGHTDAL-26OCT08-B87.5;KXHIGHTDAL-26OCT08-B85.5,no;no;no;no,0.3200;0.8400;0.8600;0.9800,53;58;16;336.92,0,0.0,3.0,3,0.05,0.004,0.0,-0.054,-0.054,3.0,False,NO_POSITIVE_MARGINAL_EDGE,event_legs=6;fits_budget=True;gross_top_prefilter=0.0;k=4;min_bundle_outlay=3.054
2026-10-07T23:09:56+00:00,buy_all_no,KXBOXING-26OCT08IGLESIZAREN,KXBOXING-26OCT08IGLESIZAREN,2,KXBOXING-26OCT08IGLESIZAREN-IGLESI;KXBOXING-26OCT08IGLESIZAREN-ZAREN,no;no,0.0700;0.9300,33.01;67.4,0,0.0,1.0,1,0.02,0.002,0.0,-0.022,-0.022,1.0,False,NO_POSITIVE_MARGINAL_EDGE,event_legs=2;fits_budget=True;gross_top_prefilter=0.0;k=2;min_bundle_outlay=1.022
2026-10-07T23:09:56+00:00,buy_all_no,KXBRASILEIROBGAME-26OCT07VINCUI,KXBRASILEIROBGAME-26OCT07VINCUI,3,KXBRASILEIROBGAME-26OCT07VINCUI-VIN;KXBRASILEIROBGAME-26OCT07VINCUI-TIE;KXBRASILEIROBGAME-26OCT07VINCUI-CUI,no;no;no,0.5400;0.7000;0.7600,13796.5;833.56;72.07,0,0.0,2.0,2,0.06,0.003,0.0,-0.063,-0.063,2.0,False,NO_POSITIVE_MARGINAL_EDGE,event_legs=3;fits_budget=True;gross_top_prefilter=0.0;k=3;min_bundle_outlay=2.063
2026-10-07T23:09:56+00:00,buy_all_no,KXNBAGAME-26OCT07MININD,KXNBAGAME-26OCT07MININD,2,KXNBAGAME-26OCT07MININD-MIN;KXNBAGAME-26OCT07MININD-IND,no;no,0.4400;0.5600,1143.41;37.74,0,0.0,1.0,1,0.04,0.002,0.0,-0.042,-0.042,1.0,False,NO_POSITIVE_MARGINAL_EDGE,event_legs=2;fits_budget=True;gross_top_prefilter=0.0;k=2;min_bundle_outlay=1.042
2026-10-07T23:09:56+00:00,buy_all_no,KXNBAGAME-26OCT07ORLMEM,KXNBAGAME-26OCT07ORLMEM,2,KXNBAGAME-26OCT07ORLMEM-ORL;KXNBAGAME-26OCT07ORLMEM-MEM,no;no,0.4600;0.5400,355;25605.5,0,0.0,1.0,1,0.04,0.002,0.0,-0.042,-0.042,1.0,False,NO_POSITIVE_MARGINAL_EDGE,event_legs=2;fits_budget=True;gross_top_prefilter=0.0;k=2;min_bundle_outlay=1.042
2026-10-07T23:09:56+00:00,buy_all_no,KXATPSETWINNER-26OCT06VANMER-1,KXATPSETWINNER-26OCT06VANMER-1,2,KXATPSETWINNER-26OCT06VANMER-1-VAN;KXATPSETWINNER-26OCT06VANMER-1-MER,no;no,0.4900;0.5100,1993;0.02,0,0.0,1.0,1,0.04,0.002,0.0,-0.042,-0.042,1.0,False,NO_POSITIVE_MARGINAL_EDGE,event_legs=2;fits_budget=True;gross_top_prefilter=0.0;k=2;min_bundle_outlay=1.042
2026-10-07T23:09:56+00:00,buy_all_no,KXMLBF5-26OCT072000TBNYY,KXMLBF5-26OCT072000TBNYY,3,KXMLBF5-26OCT072000TBNYY-NYY;KXMLBF5-26OCT072000TBNYY-TB;KXMLBF5-26OCT072000TBNYY-TIE,no;no;no,0.4900;0.6800;0.8300,270.07;3784.17;4190,0,0.0,2.0,2,0.05,0.003,0.0,-0.053,-0.053,2.0,False,NO_POSITIVE_MARGINAL_EDGE,event_legs=3;fits_budget=True;gross_top_prefilter=0.0;k=3;min_bundle_outlay=2.053
2026-10-07T23:09:56+00:00,buy_all_no,KXATPMATCH-26OCT06MARSVA,KXATPMATCH-26OCT06MARSVA,2,KXATPMATCH-26OCT06MARSVA-MAR;KXATPMATCH-26OCT06MARSVA-SVA,no;no,0.4500;0.5500,774;150,0,0.0,1.0,1,0.04,0.002,0.0,-0.042,-0.042,1.0,False,NO_POSITIVE_MARGINAL_EDGE,event_legs=2;fits_budget=True;gross_top_prefilter=0.0;k=2;min_bundle_outlay=1.042
2026-10-07T23:09:56+00:00,buy_all_no,KXNBAGAME-26OCT08WASNYK,KXNBAGAME-26OCT08WASNYK,2,KXNBAGAME-26OCT08WASNYK-NYK;KXNBAGAME-26OCT08WASNYK-WAS,no;no,0.3500;0.6500,0.76;2932.28,0,0.0,1.0,1,0.04,0.002,0.0,-0.042,-0.042,1.0,False,NO_POSITIVE_MARGINAL_EDGE,event_legs=2;fits_budget=True;gross_top_prefilter=0.0;k=2;min_bundle_outlay=1.042
2026-10-07T23:09:56+00:00,buy_all_no,KXATPMATCH-26OCT06BORDIA,KXATPMATCH-26OCT06BORDIA,2,KXATPMATCH-26OCT06BORDIA-BOR;KXATPMATCH-26OCT06BORDIA-DIA,no;no,0.2500;0.7500,56.81;7604,0,0.0,1.0,1,0.04,0.002,0.0,-0.042,-0.042,1.0,False,NO_POSITIVE_MARGINAL_EDGE,event_legs=2;fits_budget=True;gross_top_prefilter=0.0;k=2;min_bundle_outlay=1.042
2026-10-07T23:09:56+00:00,buy_all_no,KXMAYORLA-26,KXMAYORLA-26,2,KXMAYORLA-26-NRAM;KXMAYORLA-26-KBAS,no;no,0.4200;0.5800,22070;113470,0,0.0,1.0,1,0.04,0.002,0.0,-0.042,-0.042,1.0,False,NO_POSITIVE_MARGINAL_EDGE,event_legs=2;fits_budget=True;gross_top_prefilter=0.0;k=2;min_bundle_outlay=1.042
2026-10-07T23:09:56+00:00,buy_all_no,KXNHLGAME-26OCT07PITWSH,KXNHLGAME-26OCT07PITWSH,2,KXNHLGAME-26OCT07PITWSH-WSH;KXNHLGAME-26OCT07PITWSH-PIT,no;no,0.4100;0.5900,208.4;2311.8,0,0.0,1.0,1,0.04,0.002,0.0,-0.042,-0.042,1.0,False,NO_POSITIVE_MARGINAL_EDGE,event_legs=2;fits_budget=True;gross_top_prefilter=0.0;k=2;min_bundle_outlay=1.042
2026-10-07T23:09:56+00:00,buy_all_no,KXR6GAME-26OCT081100DZC9,KXR6GAME-26OCT081100DZC9,2,KXR6GAME-26OCT081100DZC9-DZ;KXR6GAME-26OCT081100DZC9-C9,no;no,0.3400;0.6600,37.04;20,0,0.0,1.0,1,0.04,0.002,0.0,-0.042,-0.042,1.0,False,NO_POSITIVE_MARGINAL_EDGE,event_legs=2;fits_budget=True;gross_top_prefilter=0.0;k=2;min_bundle_outlay=1.042
2026-10-07T23:09:56+00:00,buy_all_no,GOVPARTYAL-26,GOVPARTYAL-26,2,GOVPARTYAL-26-R;GOVPARTYAL-26-D,no;no,0.0850;0.9170,103.33;3546,0,0.0,1.002,1,0.02,0.002,-0.002,-0.024,-0.024,1.002,False,NO_POSITIVE_MARGINAL_EDGE,event_legs=2;fits_budget=True;gross_top_prefilter=-0.002;k=2;min_bundle_outlay=1.024
2026-10-07T23:09:56+00:00,buy_all_no,KXBRASILEIROGAME-26OCT07VITCHA,KXBRASILEIROGAME-26OCT07VITCHA,3,KXBRASILEIROGAME-26OCT07VITCHA-VIT;KXBRASILEIROGAME-26OCT07VITCHA-TIE;KXBRASILEIROGAME-26OCT07VITCHA-CHA,no;no;no,0.3850;0.7700;0.8450,125;10630.4;1186,0,0.0,2.0,2,0.05,0.003,0.0,-0.053,-0.053,2.0,False,NO_POSITIVE_MARGINAL_EDGE,event_legs=3;fits_budget=True;gross_top_prefilter=0.0;k=3;min_bundle_outlay=2.053
2026-10-07T23:09:56+00:00,buy_all_no,SENATENC-26,SENATENC-26,2,SENATENC-26-D;SENATENC-26-R,no;no,0.0330;0.9710,153.73;599.93,0,0.0,1.004,1,0.02,0.002,-0.004,-0.026,-0.026,1.004,False,NO_POSITIVE_MARGINAL_EDGE,event_legs=2;fits_budget=True;gross_top_prefilter=-0.004;k=2;min_bundle_outlay=1.026
2026-10-07T23:09:56+00:00,buy_all_no,GOVPARTYPA-26,GOVPARTYPA-26,2,GOVPARTYPA-26-D;GOVPARTYPA-26-R,no;no,0.0260;0.9780,104.92;832.15,0,0.0,1.004,1,0.02,0.002,-0.004,-0.026,-0.026,1.004,False,NO_POSITIVE_MARGINAL_EDGE,event_legs=2;fits_budget=True;gross_top_prefilter=-0.004;k=2;min_bundle_outlay=1.026
2026-10-07T23:09:56+00:00,buy_all_no,KXATPMATCH-26OCT06NAVCAR,KXATPMATCH-26OCT06NAVCAR,2,KXATPMATCH-26OCT06NAVCAR-NAV;KXATPMATCH-26OCT06NAVCAR-CAR,no;no,0.4200;0.5800,330;1300,0,0.0,1.0,1,0.04,0.002,0.0,-0.042,-0.042,1.0,False,NO_POSITIVE_MARGINAL_EDGE,event_legs=2;fits_budget=True;gross_top_prefilter=0.0;k=2;min_bundle_outlay=1.042
2026-10-07T23:09:56+00:00,buy_all_no,GOVPARTYMA-26,GOVPARTYMA-26,2,GOVPARTYMA-26-D;GOVPARTYMA-26-R,no;no,0.0500;0.9510,550;701,0,0.0,1.001,1,0.02,0.002,-0.001,-0.023,-0.023,1.001,False,NO_POSITIVE_MARGINAL_EDGE,event_legs=2;fits_budget=True;gross_top_prefilter=-0.001;k=2;min_bundle_outlay=1.023
2026-10-07T23:09:56+00:00,buy_all_no,KXATPMATCH-26OCT06HURDUC,KXATPMATCH-26OCT06HURDUC,2,KXATPMATCH-26OCT06HURDUC-HUR;KXATPMATCH-26OCT06HURDUC-DUC,no;no,0.3000;0.7000,1053.92;750,0,0.0,1.0,1,0.04,0.002,0.0,-0.042,-0.042,1.0,False,NO_POSITIVE_MARGINAL_EDGE,event_legs=2;fits_budget=True;gross_top_prefilter=0.0;k=2;min_bundle_outlay=1.042
2026-10-07T23:09:56+00:00,buy_all_no,GOVPARTYCA-26,GOVPARTYCA-26,2,GOVPARTYCA-26-D;GOVPARTYCA-26-R,no;no,0.0380;0.9680,1;45.71,0,0.0,1.006,1,0.02,0.002,-0.006,-0.028,-0.028,1.006,False,NO_POSITIVE_MARGINAL_EDGE,event_legs=2;fits_budget=True;gross_top_prefilter=-0.006;k=2;min_bundle_outlay=1.028
2026-10-07T23:09:56+00:00,buy_all_no,KXATPMATCH-26OCT06MUNBRO,KXATPMATCH-26OCT06MUNBRO,2,KXATPMATCH-26OCT06MUNBRO-MUN;KXATPMATCH-26OCT06MUNBRO-BRO,no;no,0.3600;0.6400,7412.95;1232.47,0,0.0,1.0,1,0.04,0.002,0.0,-0.042,-0.042,1.0,False,NO_POSITIVE_MARGINAL_EDGE,event_legs=2;fits_budget=True;gross_top_prefilter=0.0;k=2;min_bundle_outlay=1.042
2026-10-07T23:09:56+00:00,buy_all_no,KXBRASILEIROGAME-26OCT08PALBAH,KXBRASILEIROGAME-26OCT08PALBAH,3,KXBRASILEIROGAME-26OCT08PALBAH-PAL;KXBRASILEIROGAME-26OCT08PALBAH-TIE;KXBRASILEIROGAME-26OCT08PALBAH-BAH,no;no;no,0.3800;0.7900;0.8350,6;2708.09;810.08,0,0.0,2.005,2,0.05,0.003,-0.005,-0.058,-0.058,2.005,False,NO_POSITIVE_MARGINAL_EDGE,event_legs=3;fits_budget=True;gross_top_prefilter=-0.005;k=3;min_bundle_outlay=2.058
2026-10-07T23:09:56+00:00,buy_all_no,GOVPARTYMN-26,GOVPARTYMN-26,2,GOVPARTYMN-26-D;GOVPARTYMN-26-R,no;no,0.0550;0.9520,500.34;57.87,0,0.0,1.007,1,0.02,0.002,-0.007,-0.029,-0.029,1.007,False,NO_POSITIVE_MARGINAL_EDGE,event_legs=2;fits_budget=True;gross_top_prefilter=-0.007;k=2;min_bundle_outlay=1.029
2026-10-07T23:09:56+00:00,buy_all_no,SENATELA-26,SENATELA-26,2,SENATELA-26-R;SENATELA-26-D,no;no,0.0380;0.9670,40;50,0,0.0,1.005,1,0.02,0.002,-0.005,-0.027,-0.027,1.005,False,NO_POSITIVE_MARGINAL_EDGE,event_legs=2;fits_budget=True;gross_top_prefilter=-0.005;k=2;min_bundle_outlay=1.027
2026-10-07T23:09:56+00:00,buy_all_no,SENATEGA-26,SENATEGA-26,2,SENATEGA-26-D;SENATEGA-26-R,no;no,0.0370;0.9660,2720.22;31.09,0,0.0,1.003,1,0.02,0.002,-0.003,-0.025,-0.025,1.003,False,NO_POSITIVE_MARGINAL_EDGE,event_legs=2;fits_budget=True;gross_top_prefilter=-0.003;k=2;min_bundle_outlay=1.025
2026-10-07T23:09:56+00:00,buy_all_no,KXHOUSERACE-TX24-26,KXHOUSERACE-TX24-26,2,KXHOUSERACE-TX24-26-R;KXHOUSERACE-TX24-26-D,no;no,0.0840;0.9230,23;10,0,0.0,1.007,1,0.02,0.002,-0.007,-0.029,-0.029,1.007,False,NO_POSITIVE_MARGINAL_EDGE,event_legs=2;fits_budget=True;gross_top_prefilter=-0.007;k=2;min_bundle_outlay=1.029
2026-10-07T23:09:56+00:00,buy_all_no,KXGOVAK-26,KXGOVAK-26,3,KXGOVAK-26-JKRE;KXGOVAK-26-BWIL;KXGOVAK-26-TTAY,no;no;no,0.2300;0.7900;0.9860,48.67;0.71;63,0,0.0,2.006,2,0.05,0.003,-0.006,-0.059,-0.059,2.006,False,NO_POSITIVE_MARGINAL_EDGE,event_legs=16;fits_budget=True;gross_top_prefilter=-0.006;k=3;min_bundle_outlay=2.059
2026-10-07T23:09:56+00:00,buy_all_no,KXBRASILEIROGAME-26OCT07INTCOR,KXBRASILEIROGAME-26OCT07INTCOR,3,KXBRASILEIROGAME-26OCT07INTCOR-INT;KXBRASILEIROGAME-26OCT07INTCOR-TIE;KXBRASILEIROGAME-26OCT07INTCOR-COR,no;no;no,0.3600;0.7550;0.8900,1468.86;1329.01;736.84,0,0.0,2.005,2,0.05,0.003,-0.005,-0.058,-0.058,2.005,False,NO_POSITIVE_MARGINAL_EDGE,event_legs=3;fits_budget=True;gross_top_prefilter=-0.005;k=3;min_bundle_outlay=2.058
2026-10-07T23:09:56+00:00,buy_all_no,HOUSECA21-26,HOUSECA21-26,2,HOUSECA21-26-D;HOUSECA21-26-R,no;no,0.0560;0.9510,52;1297,0,0.0,1.007,1,0.02,0.002,-0.007,-0.029,-0.029,1.007,False,NO_POSITIVE_MARGINAL_EDGE,event_legs=2;fits_budget=True;gross_top_prefilter=-0.007;k=2;min_bundle_outlay=1.029
2026-10-07T23:09:56+00:00,buy_all_no,KXHOUSERACE-TN05-26,KXHOUSERACE-TN05-26,2,KXHOUSERACE-TN05-26-R;KXHOUSERACE-TN05-26-D,no;no,0.0860;0.9220,249;78.47,0,0.0,1.008,1,0.02,0.002,-0.008,-0.03,-0.03,1.008,False,NO_POSITIVE_MARGINAL_EDGE,event_legs=2;fits_budget=True;gross_top_prefilter=-0.008;k=2;min_bundle_outlay=1.03
2026-10-07T23:09:56+00:00,buy_all_no,GOVPARTYCO-26,GOVPARTYCO-26,2,GOVPARTYCO-26-D;GOVPARTYCO-26-R,no;no,0.0390;0.9690,292.67;449.33,0,0.0,1.008,1,0.02,0.002,-0.008,-0.03,-0.03,1.008,False,NO_POSITIVE_MARGINAL_EDGE,event_legs=2;fits_budget=True;gross_top_prefilter=-0.008;k=2;min_bundle_outlay=1.03
2026-10-07T23:09:56+00:00,buy_all_no,KXHOUSERACE-MN05-26,KXHOUSERACE-MN05-26,2,KXHOUSERACE-MN05-26-D;KXHOUSERACE-MN05-26-R,no;no,0.0290;0.9770,29;29,0,0.0,1.006,1,0.02,0.002,-0.006,-0.028,-0.028,1.006,False,NO_POSITIVE_MARGINAL_EDGE,event_legs=3;fits_budget=True;gross_top_prefilter=-0.006;k=2;min_bundle_outlay=1.028
2026-10-07T23:09:56+00:00,buy_all_no,KXATTYGENSD-26,KXATTYGENSD-26,2,KXATTYGENSD-26-R;KXATTYGENSD-26-D,no;no,0.0350;0.9720,9765;4299,0,0.0,1.007,1,0.02,0.002,-0.007,-0.029,-0.029,1.007,False,NO_POSITIVE_MARGINAL_EDGE,event_legs=2;fits_budget=True;gross_top_prefilter=-0.007;k=2;min_bundle_outlay=1.029
2026-10-07T23:09:56+00:00,buy_all_no,SENATESD-26,SENATESD-26,2,SENATESD-26-R;SENATESD-26-BBEN,no;no,0.0790;0.9300,52.57;6387.09,0,0.0,1.009,1,0.02,0.002,-0.009,-0.031,-0.031,1.009,False,NO_POSITIVE_MARGINAL_EDGE,event_legs=3;fits_budget=True;gross_top_prefilter=-0.009;k=2;min_bundle_outlay=1.031
2026-10-07T23:09:56+00:00,buy_all_no,KXPRESPARTY-2028,KXPRESPARTY-2028,2,KXPRESPARTY-2028-D;KXPRESPARTY-2028-R,no;no,0.4200;0.5900,1546.8;413.92,0,0.0,1.01,1,0.04,0.002,-0.01,-0.052,-0.052,1.01,False,NO_POSITIVE_MARGINAL_EDGE,event_legs=2;fits_budget=True;gross_top_prefilter=-0.01;k=2;min_bundle_outlay=1.052
2026-10-07T23:09:56+00:00,buy_all_no,KXCRITICSACTR-27,KXCRITICSACTR-27,15,KXCRITICSACTR-27-JMOO;KXCRITICSACTR-27-INAV;KXCRITICSACTR-27-SHUL;KXCRITICSACTR-27-CCOO;KXCRITICSACTR-27-RREI;KXCRITICSACTR-27-OWIL;KXCRITICSACTR-27-MBAI;KXCRITICSACTR-27-RELE;KXCRITICSACTR-27-RMAD;KXCRITICSACTR-27-EBLU;KXCRITICSACTR-27-MMAD;KXCRITICSACTR-27-VEFI;KXCRITICSACTR-27-MREE;KXCRITICSACTR-27-LSEY;KXCRITICSACTR-27-JDOY,no;no;no;no;no;no;no;no;no;no;no;no;no;no;no,0.4300;0.8500;0.9600;0.9800;0.9800;0.9800;0.9800;0.9800;0.9800;0.9800;0.9800;0.9800;0.9800;0.9800;0.9800,53;3188;8742;9484;9484;9084;6007;5555;9384;6104;6870;6784;5309;5684;5059,0,0.0,14.0,14,0.16,0.015,0.0,-0.175,-0.175,14.0,False,NO_POSITIVE_MARGINAL_EDGE,event_legs=16;fits_budget=False;gross_top_prefilter=0.0;k=15;min_bundle_outlay=14.175
2026-10-07T23:09:56+00:00,buy_all_no,KXATTYGENID-26,KXATTYGENID-26,2,KXATTYGENID-26-R;KXATTYGENID-26-D,no;no,0.0420;0.9660,238;1600,0,0.0,1.008,1,0.02,0.002,-0.008,-0.03,-0.03,1.008,False,NO_POSITIVE_MARGINAL_EDGE,event_legs=2;fits_budget=True;gross_top_prefilter=-0.008;k=2;min_bundle_outlay=1.03
2026-10-07T23:09:56+00:00,buy_all_no,KXMNSENGOVCOMBO-26NOV,KXMNSENGOVCOMBO-26NOV,3,KXMNSENGOVCOMBO-26NOV-DEMDEM;KXMNSENGOVCOMBO-26NOV-DEMREP;KXMNSENGOVCOMBO-26NOV-REPDEM,no;no;no,0.1300;0.9100;0.9700,1987.45;150;60,0,0.0,2.01,2,0.03,0.003,-0.01,-0.043,-0.043,2.01,False,NO_POSITIVE_MARGINAL_EDGE,event_legs=4;fits_budget=True;gross_top_prefilter=-0.01;k=3;min_bundle_outlay=2.043
2026-10-07T23:09:56+00:00,buy_all_no,KXRHOUSESEATS-27,KXRHOUSESEATS-27,9,KXRHOUSESEATS-27-193;KXRHOUSESEATS-27-200;KXRHOUSESEATS-27-205;KXRHOUSESEATS-27-195;KXRHOUSESEATS-27-210;KXRHOUSESEATS-27-215;KXRHOUSESEATS-27-220;KXRHOUSESEATS-27-225;KXRHOUSESEATS-27-230,no;no;no;no;no;no;no;no;no,0.6900;0.8300;0.8500;0.8600;0.9140;0.9460;0.9550;0.9770;0.9840,620.18;144.65;554.48;1387.76;143;4;18.45;20.99;250,0,0.0,8.006,8,0.1,0.009,-0.006,-0.115,-0.115,8.006,False,NO_POSITIVE_MARGINAL_EDGE,event_legs=11;fits_budget=True;gross_top_prefilter=-0.006;k=9;min_bundle_outlay=8.115
2026-10-07T23:09:56+00:00,buy_all_no,KXLOSEREELECTIONDSEN-2026,KXLOSEREELECTIONDSEN-2026,3,KXLOSEREELECTIONDSEN-2026-0;KXLOSEREELECTIONDSEN-2026-2;KXLOSEREELECTIONDSEN-2026-1,no;no;no,0.0580;0.9700;0.9800,2410.01;0.01;4774,0,0.0,2.008,2,0.03,0.003,-0.008,-0.041,-0.041,2.008,False,NO_POSITIVE_MARGINAL_EDGE,event_legs=6;fits_budget=True;gross_top_prefilter=-0.008;k=3;min_bundle_outlay=2.041
2026-10-07T23:09:56+00:00,buy_all_no,SENATEID-26,SENATEID-26,2,SENATEID-26-R;SENATEID-26-TACH,no;no,0.0790;0.9300,437;32827.2,0,0.0,1.009,1,0.02,0.002,-0.009,-0.031,-0.031,1.009,False,NO_POSITIVE_MARGINAL_EDGE,event_legs=3;fits_budget=True;gross_top_prefilter=-0.009;k=2;min_bundle_outlay=1.031
2026-10-07T23:09:56+00:00,buy_all_no,CONTROLS-2026,CONTROLS-2026,2,CONTROLS-2026-D;CONTROLS-2026-R,no;no,0.3800;0.6300,16922.5;3057.02,0,0.0,1.01,1,0.04,0.002,-0.01,-0.052,-0.052,1.01,False,NO_POSITIVE_MARGINAL_EDGE,event_legs=2;fits_budget=True;gross_top_prefilter=-0.01;k=2;min_bundle_outlay=1.052
2026-10-07T23:09:56+00:00,buy_all_no,CONTROLH-2026,CONTROLH-2026,2,CONTROLH-2026-D;CONTROLH-2026-R,no;no,0.1100;0.9000,276734;72936.9,0,0.0,1.01,1,0.02,0.002,-0.01,-0.032,-0.032,1.01,False,NO_POSITIVE_MARGINAL_EDGE,event_legs=2;fits_budget=True;gross_top_prefilter=-0.01;k=2;min_bundle_outlay=1.032
2026-10-07T23:09:56+00:00,buy_all_no,GOVPARTYKS-27,GOVPARTYKS-27,2,GOVPARTYKS-27-R;GOVPARTYKS-27-D,no;no,0.2600;0.7500,474.6;50286.7,0,0.0,1.01,1,0.04,0.002,-0.01,-0.052,-0.052,1.01,False,NO_POSITIVE_MARGINAL_EDGE,event_legs=2;fits_budget=True;gross_top_prefilter=-0.01;k=2;min_bundle_outlay=1.052
2026-10-07T23:09:56+00:00,buy_all_no,KXMLSGAME-26OCT10PHIRSL,KXMLSGAME-26OCT10PHIRSL,3,KXMLSGAME-26OCT10PHIRSL-PHI;KXMLSGAME-26OCT10PHIRSL-TIE;KXMLSGAME-26OCT10PHIRSL-RSL,no;no;no,0.3200;0.8300;0.8600,4844.51;3319.5;4007.99,0,0.0,2.01,2,0.04,0.003,-0.01,-0.053,-0.053,2.01,False,NO_POSITIVE_MARGINAL_EDGE,event_legs=3;fits_budget=True;gross_top_prefilter=-0.01;k=3;min_bundle_outlay=2.053
2026-10-07T23:09:56+00:00,buy_all_no,KXSPAINPARLI-27,KXSPAINPARLI-27,2,KXSPAINPARLI-27-PP;KXSPAINPARLI-27-PSOE,no;no,0.1400;0.8700,17;375,0,0.0,1.01,1,0.02,0.002,-0.01,-0.032,-0.032,1.01,False,NO_POSITIVE_MARGINAL_EDGE,event_legs=4;fits_budget=True;gross_top_prefilter=-0.01;k=2;min_bundle_outlay=1.032
2026-10-07T23:09:56+00:00,buy_all_no,GOVPARTYTN-26,GOVPARTYTN-26,2,GOVPARTYTN-26-R;GOVPARTYTN-26-D,no;no,0.0590;0.9500,1000;1497.47,0,0.0,1.009,1,0.02,0.002,-0.009,-0.031,-0.031,1.009,False,NO_POSITIVE_MARGINAL_EDGE,event_legs=2;fits_budget=True;gross_top_prefilter=-0.009;k=2;min_bundle_outlay=1.031
2026-10-07T23:09:56+00:00,buy_all_no,KXNFLNFCNORTH-27,KXNFLNFCNORTH-27,4,KXNFLNFCNORTH-27-MIN;KXNFLNFCNORTH-27-CHI;KXNFLNFCNORTH-27-DET;KXNFLNFCNORTH-27-GB,no;no;no;no,0.6300;0.7200;0.7400;0.9200,4242.98;208217;87.46;6957.45,0,0.0,3.01,3,0.07,0.004,-0.01,-0.084,-0.084,3.01,False,NO_POSITIVE_MARGINAL_EDGE,event_legs=4;fits_budget=True;gross_top_prefilter=-0.01;k=4;min_bundle_outlay=3.084
2026-10-07T23:09:56+00:00,buy_all_no,KXOHSENGOVCOMBO-26NOV,KXOHSENGOVCOMBO-26NOV,4,KXOHSENGOVCOMBO-26NOV-DEMDEM;KXOHSENGOVCOMBO-26NOV-REPREP;KXOHSENGOVCOMBO-26NOV-DEMREP;KXOHSENGOVCOMBO-26NOV-REPDEM,no;no;no;no,0.4600;0.7500;0.8700;0.9300,244;105;225;15,0,0.0,3.01,3,0.06,0.004,-0.01,-0.074,-0.074,3.01,False,NO_POSITIVE_MARGINAL_EDGE,event_legs=4;fits_budget=True;gross_top_prefilter=-0.01;k=4;min_bundle_outlay=3.074
2026-10-07T23:09:56+00:00,buy_all_no,GOVPARTYIA-26,GOVPARTYIA-26,2,GOVPARTYIA-26-D;GOVPARTYIA-26-R,no;no,0.1200;0.8900,18083;85.97,0,0.0,1.01,1,0.02,0.002,-0.01,-0.032,-0.032,1.01,False,NO_POSITIVE_MARGINAL_EDGE,event_legs=2;fits_budget=True;gross_top_prefilter=-0.01;k=2;min_bundle_outlay=1.032
2026-10-07T23:09:56+00:00,buy_all_no,KXBALANCEPOWERCOMBO-27FEB,KXBALANCEPOWERCOMBO-27FEB,3,KXBALANCEPOWERCOMBO-27FEB-DD;KXBALANCEPOWERCOMBO-27FEB-DR;KXBALANCEPOWERCOMBO-27FEB-RR,no;no;no,0.3900;0.7200;0.9000,818.98;24744.5;7486.59,0,0.0,2.01,2,0.05,0.003,-0.01,-0.063,-0.063,2.01,False,NO_POSITIVE_MARGINAL_EDGE,event_legs=4;fits_budget=True;gross_top_prefilter=-0.01;k=3;min_bundle_outlay=2.063
2026-10-07T23:09:56+00:00,buy_all_no,KXNFLDROTY-27,KXNFLDROTY-27,9,KXNFLDROTY-27-JROD;KXNFLDROTY-27-AREE;KXNFLDROTY-27-SSTY;KXNFLDROTY-27-MDEL;KXNFLDROTY-27-DBAI;KXNFLDROTY-27-CDOW;KXNFLDROTY-27-DTHI;KXNFLDROTY-27-AHILL53;KXNFLDROTY-27-GJACAS50,no;no;no;no;no;no;no;no;no,0.6600;0.7000;0.9000;0.9300;0.9400;0.9600;0.9600;0.9800;0.9800,247;1156;878.88;1914.89;1343.43;7846.6;1683.23;8499.54;4518.22,0,0.0,8.01,8,0.11,0.009,-0.01,-0.129,-0.129,8.01,False,NO_POSITIVE_MARGINAL_EDGE,event_legs=29;fits_budget=True;gross_top_prefilter=-0.01;k=9;min_bundle_outlay=8.129
2026-10-07T23:27:28+00:00,buy_all_no,SENATEKS-28,SENATEKS-28,2,SENATEKS-28-R;SENATEKS-28-D,no;no,0.2900;0.6900,8.6;5,0,0.0,0.98,1,0.04,0.002,0.02,-0.022,-0.022,0.98,False,NO_POSITIVE_MARGINAL_EDGE,event_legs=2;fits_budget=True;gross_top_prefilter=0.02;k=2;min_bundle_outlay=1.022
2026-10-07T23:27:28+00:00,buy_all_no,KXHIGHTDC-26OCT08,KXHIGHTDC-26OCT08,5,KXHIGHTDC-26OCT08-B80.5;KXHIGHTDC-26OCT08-B82.5;KXHIGHTDC-26OCT08-B78.5;KXHIGHTDC-26OCT08-B76.5;KXHIGHTDC-26OCT08-T83,no;no;no;no;no,0.5000;0.6100;0.8900;0.9800;0.9800,16;8;2;43;104.82,0,0.0,3.96,4,0.07,0.005,0.04,-0.035,-0.035,3.96,False,NO_POSITIVE_MARGINAL_EDGE,event_legs=6;fits_budget=True;gross_top_prefilter=0.04;k=5;min_bundle_outlay=4.035
2026-10-07T23:27:28+00:00,buy_all_no,KXBRPRES2MOV-26OCT25,KXBRPRES2MOV-26OCT25,5,KXBRPRES2MOV-26OCT25-FBOL-P4;KXBRPRES2MOV-26OCT25-FBOL-P1;KXBRPRES2MOV-26OCT25-LSIL-P1;KXBRPRES2MOV-26OCT25-FBOL-P7;KXBRPRES2MOV-26OCT25-FBOL-P9,no;no;no;no;no,0.5500;0.7100;0.8700;0.9000;0.9500,90;392.12;1850.05;1620.16;4311.03,0,0.0,3.98,4,0.07,0.005,0.02,-0.055,-0.055,3.98,False,NO_POSITIVE_MARGINAL_EDGE,event_legs=8;fits_budget=True;gross_top_prefilter=0.02;k=5;min_bundle_outlay=4.055
2026-10-07T23:27:28+00:00,buy_all_no,KXSPAINMOV-26NOV29,KXSPAINMOV-26NOV29,7,KXSPAINMOV-26NOV29-PP-P4;KXSPAINMOV-26NOV29-PP-P7;KXSPAINMOV-26NOV29-PP-P1;KXSPAINMOV-26NOV29-PP-P10;KXSPAINMOV-26NOV29-PSOE-P1;KXSPAINMOV-26NOV29-PP-P12;KXSPAINMOV-26NOV29-PSOE-P3,no;no;no;no;no;no;no,0.7100;0.7300;0.8200;0.8900;0.9100;0.9400;0.9600,261.05;217;121.93;0.76;3510.1;4111.2;6788,0,0.0,5.96,6,0.1,0.007,0.04,-0.067,-0.067,5.96,False,NO_POSITIVE_MARGINAL_EDGE,event_legs=7;fits_budget=True;gross_top_prefilter=0.04;k=7;min_bundle_outlay=6.067
2026-10-07T23:27:28+00:00,buy_all_no,KXF1POLE-SIN26,KXF1POLE-SIN26,8,KXF1POLE-SIN26-VER;KXF1POLE-SIN26-ANT;KXF1POLE-SIN26-HAM;KXF1POLE-SIN26-LEC;KXF1POLE-SIN26-RUS;KXF1POLE-SIN26-NOR;KXF1POLE-SIN26-PIA;KXF1POLE-SIN26-HAD,no;no;no;no;no;no;no;no,0.6900;0.7900;0.8600;0.8800;0.9100;0.9200;0.9600;0.9600,106;7.31;105;100;10;6;5;108,0,0.0,6.97,7,0.1,0.008,0.03,-0.078,-0.078,6.97,False,NO_POSITIVE_MARGINAL_EDGE,event_legs=22;fits_budget=True;gross_top_prefilter=0.03;k=8;min_bundle_outlay=7.078
2026-10-07T23:27:28+00:00,buy_all_no,KXHOUSEPOPVOTEMARGIN-27NOV03,KXHOUSEPOPVOTEMARGIN-27NOV03,10,KXHOUSEPOPVOTEMARGIN-27NOV03-B9;KXHOUSEPOPVOTEMARGIN-27NOV03-B11;KXHOUSEPOPVOTEMARGIN-27NOV03-B7;KXHOUSEPOPVOTEMARGIN-27NOV03-B5;KXHOUSEPOPVOTEMARGIN-27NOV03-B13;KXHOUSEPOPVOTEMARGIN-27NOV03-B50;KXHOUSEPOPVOTEMARGIN-27NOV03-B3;KXHOUSEPOPVOTEMARGIN-27NOV03-B1;KXHOUSEPOPVOTEMARGIN-27NOV03-B15;KXHOUSEPOPVOTEMARGIN-27NOV03-B58,no;no;no;no;no;no;no;no;no;no,0.7200;0.7700;0.8200;0.9070;0.9150;0.9500;0.9500;0.9710;0.9760;0.9800,2367.36;1656.5;1713.93;1847;246.13;28;2196.82;140.4;219.85;133.05,0,0.0,8.959,9,0.13,0.01,0.041,-0.099,-0.099,8.959,False,NO_POSITIVE_MARGINAL_EDGE,event_legs=10;fits_budget=True;gross_top_prefilter=0.041;k=10;min_bundle_outlay=9.099
2026-10-07T23:27:28+00:00,buy_all_no,KXCRITICSHAIR-27,KXCRITICSHAIR-27,15,KXCRITICSHAIR-27-WER;KXCRITICSHAIR-27-DIG;KXCRITICSHAIR-27-ODY;KXCRITICSHAIR-27-DUN;KXCRITICSHAIR-27-CLA;KXCRITICSHAIR-27-BRI;KXCRITICSHAIR-27-EBE;KXCRITICSHAIR-27-WIC;KXCRITICSHAIR-27-MIC;KXCRITICSHAIR-27-LAB;KXCRITICSHAIR-27-IPL;KXCRITICSHAIR-27-FUR;KXCRITICSHAIR-27-ELS;KXCRITICSHAIR-27-ROS;KXCRITICSHAIR-27-ISG,no;no;no;no;no;no;no;no;no;no;no;no;no;no;no,0.7300;0.8200;0.8300;0.9000;0.9500;0.9500;0.9600;0.9600;0.9700;0.9800;0.9800;0.9800;0.9800;0.9800;0.9800,333;2808.3;387.2;5344.21;6653.9;6653.9;5049;7049;7882;4951;1816;4173;6217;3889;4173,0,0.0,13.95,14,0.17,0.015,0.05,-0.135,-0.135,13.95,False,NO_POSITIVE_MARGINAL_EDGE,event_legs=16;fits_budget=False;gross_top_prefilter=0.05;k=15;min_bundle_outlay=14.135
2026-10-07T23:27:28+00:00,buy_all_no,KXNWSL-26,KXNWSL-26,8,KXNWSL-26-GOT;KXNWSL-26-WSP;KXNWSL-26-KC;KXNWSL-26-SAN;KXNWSL-26-ANG;KXNWSL-26-URO;KXNWSL-26-DEN;KXNWSL-26-NCC,no;no;no;no;no;no;no;no,0.7500;0.7700;0.7700;0.8300;0.9000;0.9800;0.9800;0.9800,368.09;217.14;77.73;162.07;110.95;839.73;381.57;344.23,0,0.0,6.96,7,0.11,0.008,0.04,-0.078,-0.078,6.96,False,NO_POSITIVE_MARGINAL_EDGE,event_legs=16;fits_budget=True;gross_top_prefilter=0.04;k=8;min_bundle_outlay=7.078
2026-10-07T23:27:28+00:00,buy_all_no,KXCBDECISIONCANADA-26DEC,KXCBDECISIONCANADA-26DEC,2,KXCBDECISIONCANADA-26DEC-H25;KXCBDECISIONCANADA-26DEC-H0,no;no,0.4400;0.5400,3.93;51,0,0.0,0.98,1,0.04,0.002,0.02,-0.022,-0.022,0.98,False,NO_POSITIVE_MARGINAL_EDGE,event_legs=5;fits_budget=True;gross_top_prefilter=0.02;k=2;min_bundle_outlay=1.022
2026-10-07T23:27:28+00:00,buy_all_no,KXCRITICSEDIT-27,KXCRITICSEDIT-27,16,KXCRITICSEDIT-27-ODY;KXCRITICSEDIT-27-DUN;KXCRITICSEDIT-27-LAB;KXCRITICSEDIT-27-PRO;KXCRITICSEDIT-27-INV;KXCRITICSEDIT-27-WIL;KXCRITICSEDIT-27-ELS;KXCRITICSEDIT-27-DIG;KXCRITICSEDIT-27-IPL;KXCRITICSEDIT-27-DEB;KXCRITICSEDIT-27-FJO;KXCRITICSEDIT-27-YOU;KXCRITICSEDIT-27-CLU;KXCRITICSEDIT-27-INK;KXCRITICSEDIT-27-SOC;KXCRITICSEDIT-27-TIE,no;no;no;no;no;no;no;no;no;no;no;no;no;no;no;no,0.4800;0.8600;0.9000;0.9600;0.9700;0.9800;0.9800;0.9800;0.9800;0.9800;0.9800;0.9800;0.9800;0.9800;0.9800;0.9800,19;3222.28;1466.3;4649;3185.01;8712;3935;3810;3935;5459;3810;7459;3935;6082;3935;3935,0,0.0,14.95,15,0.17,0.016,0.05,-0.136,-0.136,14.95,False,NO_POSITIVE_MARGINAL_EDGE,event_legs=16;fits_budget=False;gross_top_prefilter=0.05;k=16;min_bundle_outlay=15.136
2026-10-07T23:27:28+00:00,buy_all_no,KXCRITICSCOMEDY-27,KXCRITICSCOMEDY-27,14,KXCRITICSCOMEDY-27-WID;KXCRITICSCOMEDY-27-HAC;KXCRITICSCOMEDY-27-BEA;KXCRITICSCOMEDY-27-ABB;KXCRITICSCOMEDY-27-SHR;KXCRITICSCOMEDY-27-MAR;KXCRITICSCOMEDY-27-NOB;KXCRITICSCOMEDY-27-ROO;KXCRITICSCOMEDY-27-COM;KXCRITICSCOMEDY-27-FOU;KXCRITICSCOMEDY-27-JUR;KXCRITICSCOMEDY-27-GHO;KXCRITICSCOMEDY-27-SCR;KXCRITICSCOMEDY-27-TIE,no;no;no;no;no;no;no;no;no;no;no;no;no;no,0.3500;0.8900;0.9600;0.9800;0.9800;0.9800;0.9800;0.9800;0.9800;0.9800;0.9800;0.9800;0.9800;0.9800,50;4585.9;10241;6545;9278;6295;9440;8890;9584;6184;6184;6184;6184;7184,0,0.0,12.98,13,0.15,0.014,0.02,-0.144,-0.144,12.98,False,NO_POSITIVE_MARGINAL_EDGE,event_legs=16;fits_budget=False;gross_top_prefilter=0.02;k=14;min_bundle_outlay=13.144
2026-10-07T23:27:28+00:00,buy_all_no,KXARGENTINAPRES1R-27OCT24,KXARGENTINAPRES1R-27OCT24,9,KXARGENTINAPRES1R-27OCT24-JMIL;KXARGENTINAPRES1R-27OCT24-AKIC;KXARGENTINAPRES1R-27OCT24-SMAS;KXARGENTINAPRES1R-27OCT24-MBRE;KXARGENTINAPRES1R-27OCT24-JSCH;KXARGENTINAPRES1R-27OCT24-JGRA;KXARGENTINAPRES1R-27OCT24-PBUL;KXARGENTINAPRES1R-27OCT24-MMAC;KXARGENTINAPRES1R-27OCT24-VVIL,no;no;no;no;no;no;no;no;no,0.6200;0.7500;0.9300;0.9400;0.9400;0.9400;0.9500;0.9500;0.9600,4600;6076.2;11387;11633.4;11633.4;15421.5;13358.4;13358.4;14194.6,0,0.0,7.98,8,0.11,0.009,0.02,-0.099,-0.099,7.98,False,NO_POSITIVE_MARGINAL_EDGE,event_legs=9;fits_budget=True;gross_top_prefilter=0.02;k=9;min_bundle_outlay=8.099
2026-10-07T23:27:28+00:00,buy_all_no,KXWTA-26BEIJIN,KXWTA-26BEIJIN,8,KXWTA-26BEIJIN-SWI;KXWTA-26BEIJIN-AND;KXWTA-26BEIJIN-MUC;KXWTA-26BEIJIN-SVI;KXWTA-26BEIJIN-ZHE;KXWTA-26BEIJIN-MER;KXWTA-26BEIJIN-BAR;KXWTA-26BEIJIN-ALE,no;no;no;no;no;no;no;no,0.6700;0.7300;0.8200;0.8800;0.9600;0.9700;0.9700;0.9800,3;1;27;100;504;432;100;234,0,0.0,6.98,7,0.11,0.008,0.02,-0.098,-0.098,6.98,False,NO_POSITIVE_MARGINAL_EDGE,event_legs=32;fits_budget=True;gross_top_prefilter=0.02;k=8;min_bundle_outlay=7.098
2026-10-07T23:27:28+00:00,buy_all_no,KXKSSENGOVCOMBO-26NOV,KXKSSENGOVCOMBO-26NOV,4,KXKSSENGOVCOMBO-26NOV-REPREP;KXKSSENGOVCOMBO-26NOV-REPDEM;KXKSSENGOVCOMBO-26NOV-DEMDEM;KXKSSENGOVCOMBO-26NOV-DEMREP,no;no;no;no,0.4300;0.7900;0.8100;0.9600,1;294;17;40,0,0.0,2.99,3,0.07,0.004,0.01,-0.064,-0.064,2.99,False,NO_POSITIVE_MARGINAL_EDGE,event_legs=4;fits_budget=True;gross_top_prefilter=0.01;k=4;min_bundle_outlay=3.064
2026-10-07T23:27:28+00:00,buy_all_no,KXDWTSRANK-326DEC31,KXDWTSRANK-326DEC31,8,KXDWTSRANK-326DEC31-AGLE;KXDWTSRANK-326DEC31-HSHU;KXDWTSRANK-326DEC31-MHIG;KXDWTSRANK-326DEC31-EFRE;KXDWTSRANK-326DEC31-GROD;KXDWTSRANK-326DEC31-JDEW;KXDWTSRANK-326DEC31-CWOO;KXDWTSRANK-326DEC31-JSTIL,no;no;no;no;no;no;no;no,0.7500;0.7500;0.7500;0.8900;0.9500;0.9600;0.9600;0.9700,2;9;1307;2162.4;2731.27;2400;3000;4200,0,0.0,6.98,7,0.11,0.008,0.02,-0.098,-0.098,6.98,False,NO_POSITIVE_MARGINAL_EDGE,event_legs=16;fits_budget=True;gross_top_prefilter=0.02;k=8;min_bundle_outlay=7.098
2026-10-07T23:27:28+00:00,buy_all_no,KXSPAIN3RD-26NOV29-3,KXSPAIN3RD-26NOV29-3,3,KXSPAIN3RD-26NOV29-3-VOX;KXSPAIN3RD-26NOV29-3-PSOE;KXSPAIN3RD-26NOV29-3-PP,no;no;no,0.0800;0.9500;0.9600,7589.08;21164.7;24776,0,0.0,1.99,2,0.03,0.003,0.01,-0.023,-0.023,1.99,False,NO_POSITIVE_MARGINAL_EDGE,event_legs=3;fits_budget=True;gross_top_prefilter=0.01;k=3;min_bundle_outlay=2.023
2026-10-07T23:27:28+00:00,buy_all_no,KXESGOV-26OCT25,KXESGOV-26OCT25,2,KXESGOV-26OCT25-LPAZ;KXESGOV-26OCT25-RFER,no;no,0.1300;0.8600,3283.35;1468.85,0,0.0,0.99,1,0.02,0.002,0.01,-0.012,-0.012,0.99,False,NO_POSITIVE_MARGINAL_EDGE,event_legs=2;fits_budget=True;gross_top_prefilter=0.01;k=2;min_bundle_outlay=1.012
2026-10-07T23:27:28+00:00,buy_all_no,KXMLBSERIESSCORE-26CWSCLEALDS,KXMLBSERIESSCORE-26CWSCLEALDS,3,KXMLBSERIESSCORE-26CWSCLEALDS-CWS31;KXMLBSERIESSCORE-26CWSCLEALDS-CLE32;KXMLBSERIESSCORE-26CWSCLEALDS-CWS32,no;no;no,0.4700;0.6900;0.8300,63.07;70.72;400,0,0.0,1.99,2,0.05,0.003,0.01,-0.043,-0.043,1.99,False,NO_POSITIVE_MARGINAL_EDGE,event_legs=6;fits_budget=True;gross_top_prefilter=0.01;k=3;min_bundle_outlay=2.043
2026-10-07T23:27:28+00:00,buy_all_no,KXNBAATLANTIC-26,KXNBAATLANTIC-26,4,KXNBAATLANTIC-26-NYK;KXNBAATLANTIC-26-BOS;KXNBAATLANTIC-26-PHI;KXNBAATLANTIC-26-TOR,no;no;no;no,0.6700;0.7100;0.7200;0.8900,291.67;500.17;5.42;1000,0,0.0,2.99,3,0.07,0.004,0.01,-0.064,-0.064,2.99,False,NO_POSITIVE_MARGINAL_EDGE,event_legs=5;fits_budget=True;gross_top_prefilter=0.01;k=4;min_bundle_outlay=3.064
2026-10-07T23:27:28+00:00,buy_all_no,KXNHLGAME-26OCT08UTABOS,KXNHLGAME-26OCT08UTABOS,2,KXNHLGAME-26OCT08UTABOS-UTA;KXNHLGAME-26OCT08UTABOS-BOS,no;no,0.4600;0.5300,20.99;80.3,0,0.0,0.99,1,0.04,0.002,0.01,-0.032,-0.032,0.99,False,NO_POSITIVE_MARGINAL_EDGE,event_legs=2;fits_budget=True;gross_top_prefilter=0.01;k=2;min_bundle_outlay=1.032
2026-10-07T23:27:28+00:00,buy_all_no,KXLIGAMXGAME-26OCT09TIGTOL,KXLIGAMXGAME-26OCT09TIGTOL,3,KXLIGAMXGAME-26OCT09TIGTOL-TOL;KXLIGAMXGAME-26OCT09TIGTOL-TIG;KXLIGAMXGAME-26OCT09TIGTOL-TIE,no;no;no,0.5700;0.6800;0.7400,809.69;9.07;1042.16,0,0.0,1.99,2,0.06,0.003,0.01,-0.053,-0.053,1.99,False,NO_POSITIVE_MARGINAL_EDGE,event_legs=3;fits_budget=True;gross_top_prefilter=0.01;k=3;min_bundle_outlay=2.053
2026-10-07T23:27:28+00:00,buy_all_no,KXFEDDECISION-26DEC,KXFEDDECISION-26DEC,4,KXFEDDECISION-26DEC-H25;KXFEDDECISION-26DEC-H0;KXFEDDECISION-26DEC-C25;KXFEDDECISION-26DEC-H26,no;no;no;no,0.2900;0.7400;0.9800;0.9800,696;1250;42;5001.78,0,0.0,2.99,3,0.06,0.004,0.01,-0.054,-0.054,2.99,False,NO_POSITIVE_MARGINAL_EDGE,event_legs=5;fits_budget=True;gross_top_prefilter=0.01;k=4;min_bundle_outlay=3.054
2026-10-07T23:27:28+00:00,buy_all_no,KXT20MATCH-26OCT090930WIIND,KXT20MATCH-26OCT090930WIIND,2,KXT20MATCH-26OCT090930WIIND-IND;KXT20MATCH-26OCT090930WIIND-WI,no;no,0.2300;0.7600,10.92;452.64,0,0.0,0.99,1,0.04,0.002,0.01,-0.032,-0.032,0.99,False,NO_POSITIVE_MARGINAL_EDGE,event_legs=2;fits_budget=True;gross_top_prefilter=0.01;k=2;min_bundle_outlay=1.032
2026-10-07T23:27:28+00:00,buy_all_no,SENATEMS-26,SENATEMS-26,2,SENATEMS-26-R;SENATEMS-26-D,no;no,0.0880;0.9100,15793.2;81.51,0,0.0,0.998,1,0.02,0.002,0.002,-0.02,-0.02,0.998,False,NO_POSITIVE_MARGINAL_EDGE,event_legs=2;fits_budget=True;gross_top_prefilter=0.002;k=2;min_bundle_outlay=1.02
2026-10-07T23:27:28+00:00,buy_all_no,KXDSENATESEATS-27,KXDSENATESEATS-27,9,KXDSENATESEATS-27-ABOVE52;KXDSENATESEATS-27-52;KXDSENATESEATS-27-51;KXDSENATESEATS-27-50;KXDSENATESEATS-27-49;KXDSENATESEATS-27-48;KXDSENATESEATS-27-47;KXDSENATESEATS-27-BELOW45;KXDSENATESEATS-27-46,no;no;no;no;no;no;no;no;no,0.6300;0.8100;0.8600;0.8800;0.9240;0.9390;0.9710;0.9840;0.9840,9679.39;28;5200.11;424;513.14;13.58;99.78;16.83;259.46,0,0.0,7.982,8,0.11,0.009,0.018,-0.101,-0.101,7.982,False,NO_POSITIVE_MARGINAL_EDGE,event_legs=10;fits_budget=True;gross_top_prefilter=0.018;k=9;min_bundle_outlay=8.101
2026-10-07T23:27:28+00:00,buy_all_no,SENATEAR-26,SENATEAR-26,2,SENATEAR-26-R;SENATEAR-26-D,no;no,0.0620;0.9350,6532.31;631.11,0,0.0,0.997,1,0.02,0.002,0.003,-0.019,-0.019,0.997,False,NO_POSITIVE_MARGINAL_EDGE,event_legs=2;fits_budget=True;gross_top_prefilter=0.003;k=2;min_bundle_outlay=1.019
2026-10-07T23:27:28+00:00,buy_all_no,GOVPARTYNE-26,GOVPARTYNE-26,2,GOVPARTYNE-26-R;GOVPARTYNE-26-D,no;no,0.1000;0.8900,50;1646,0,0.0,0.99,1,0.02,0.002,0.01,-0.012,-0.012,0.99,False,NO_POSITIVE_MARGINAL_EDGE,event_legs=2;fits_budget=True;gross_top_prefilter=0.01;k=2;min_bundle_outlay=1.012
2026-10-07T23:27:28+00:00,buy_all_no,KXATTYGENNY-26,KXATTYGENNY-26,2,KXATTYGENNY-26-D;KXATTYGENNY-26-R,no;no,0.0360;0.9590,6245.68;5989.28,0,0.0,0.995,1,0.02,0.002,0.005,-0.017,-0.017,0.995,False,NO_POSITIVE_MARGINAL_EDGE,event_legs=2;fits_budget=True;gross_top_prefilter=0.005;k=2;min_bundle_outlay=1.017
2026-10-07T23:27:28+00:00,buy_all_no,KXTAIPEIMAYOR-26NOV28,KXTAIPEIMAYOR-26NOV28,2,KXTAIPEIMAYOR-26NOV28-CWAN;KXTAIPEIMAYOR-26NOV28-SPY,no;no,0.2700;0.7300,25;91,0,0.0,1.0,1,0.04,0.002,0.0,-0.042,-0.042,1.0,False,NO_POSITIVE_MARGINAL_EDGE,event_legs=6;fits_budget=True;gross_top_prefilter=0.0;k=2;min_bundle_outlay=1.042
2026-10-07T23:27:28+00:00,buy_all_no,GOVPARTYOK-26,GOVPARTYOK-26,2,GOVPARTYOK-26-R;GOVPARTYOK-26-D,no;no,0.0900;0.9090,25;10,0,0.0,0.999,1,0.02,0.002,0.001,-0.021,-0.021,0.999,False,NO_POSITIVE_MARGINAL_EDGE,event_legs=2;fits_budget=True;gross_top_prefilter=0.001;k=2;min_bundle_outlay=1.021
2026-10-07T23:27:28+00:00,buy_all_no,KXTRUTHSOCIAL-26OCT10,KXTRUTHSOCIAL-26OCT10,8,KXTRUTHSOCIAL-26OCT10-B149;KXTRUTHSOCIAL-26OCT10-B169;KXTRUTHSOCIAL-26OCT10-B129;KXTRUTHSOCIAL-26OCT10-B109;KXTRUTHSOCIAL-26OCT10-B189;KXTRUTHSOCIAL-26OCT10-B209;KXTRUTHSOCIAL-26OCT10-B230;KXTRUTHSOCIAL-26OCT10-T240,no;no;no;no;no;no;no;no,0.7800;0.7900;0.8200;0.8800;0.8800;0.9300;0.9400;0.9700,31.01;2665.96;3457.3;322.3;1401.03;2162;1279.68;3498,0,0.0,6.99,7,0.11,0.008,0.01,-0.108,-0.108,6.99,False,NO_POSITIVE_MARGINAL_EDGE,event_legs=10;fits_budget=True;gross_top_prefilter=0.01;k=8;min_bundle_outlay=7.108
2026-10-07T23:27:28+00:00,buy_all_no,KXRELOCATIONCHI-28,KXRELOCATIONCHI-28,3,KXRELOCATIONCHI-28-ILL;KXRELOCATIONCHI-28-IND;KXRELOCATIONCHI-28-REMAIN,no;no;no,0.3800;0.6600;0.9600,6.78;15.32;782.8,0,0.0,2.0,2,0.05,0.003,0.0,-0.053,-0.053,2.0,False,NO_POSITIVE_MARGINAL_EDGE,event_legs=4;fits_budget=True;gross_top_prefilter=0.0;k=3;min_bundle_outlay=2.053
2026-10-07T23:27:28+00:00,buy_all_no,KXCRITICSPROD-27,KXCRITICSPROD-27,16,KXCRITICSPROD-27-ODY;KXCRITICSPROD-27-DUN;KXCRITICSPROD-27-LAB;KXCRITICSPROD-27-WER;KXCRITICSPROD-27-FUR;KXCRITICSPROD-27-PRO;KXCRITICSPROD-27-WUT;KXCRITICSPROD-27-BAC;KXCRITICSPROD-27-SEN;KXCRITICSPROD-27-WIL;KXCRITICSPROD-27-FAT;KXCRITICSPROD-27-WILD;KXCRITICSPROD-27-INK;KXCRITICSPROD-27-DEV;KXCRITICSPROD-27-DIG;KXCRITICSPROD-27-TIE,no;no;no;no;no;no;no;no;no;no;no;no;no;no;no;no,0.5400;0.8500;0.9500;0.9500;0.9500;0.9600;0.9700;0.9700;0.9800;0.9800;0.9800;0.9800;0.9800;0.9800;0.9800;0.9800,1279;2266;4175.61;4109.45;4180;4800;8086;1600;6000;6000;6250;6000;6250;7000;7000;5625,0,0.0,14.98,15,0.17,0.016,0.02,-0.166,-0.166,14.98,False,NO_POSITIVE_MARGINAL_EDGE,event_legs=16;fits_budget=False;gross_top_prefilter=0.02;k=16;min_bundle_outlay=15.166
2026-10-07T23:27:28+00:00,buy_all_no,GOVPARTYNY-26,GOVPARTYNY-26,2,GOVPARTYNY-26-D;GOVPARTYNY-26-R,no;no,0.0490;0.9490,13031.5;21.36,0,0.0,0.998,1,0.02,0.002,0.002,-0.02,-0.02,0.998,False,NO_POSITIVE_MARGINAL_EDGE,event_legs=2;fits_budget=True;gross_top_prefilter=0.002;k=2;min_bundle_outlay=1.02
2026-10-07T23:27:28+00:00,buy_all_no,GOVPARTYOH-26,GOVPARTYOH-26,2,GOVPARTYOH-26-D;GOVPARTYOH-26-R,no;no,0.3400;0.6600,250276;163.28,0,0.0,1.0,1,0.04,0.002,0.0,-0.042,-0.042,1.0,False,NO_POSITIVE_MARGINAL_EDGE,event_legs=2;fits_budget=True;gross_top_prefilter=0.0;k=2;min_bundle_outlay=1.042
2026-10-07T23:27:28+00:00,buy_all_no,KXCAATTORNEYGENERAL-26,KXCAATTORNEYGENERAL-26,2,KXCAATTORNEYGENERAL-26-RBON;KXCAATTORNEYGENERAL-26-MGAT,no;no,0.0400;0.9600,16484;5978.03,0,0.0,1.0,1,0.02,0.002,0.0,-0.022,-0.022,1.0,False,NO_POSITIVE_MARGINAL_EDGE,event_legs=2;fits_budget=True;gross_top_prefilter=0.0;k=2;min_bundle_outlay=1.022
2026-10-07T23:27:28+00:00,buy_all_no,SENATEFLS-26,SENATEFLS-26,2,SENATEFLS-26-R;SENATEFLS-26-D,no;no,0.0900;0.9080,8287.29;812.79,0,0.0,0.998,1,0.02,0.002,0.002,-0.02,-0.02,0.998,False,NO_POSITIVE_MARGINAL_EDGE,event_legs=2;fits_budget=True;gross_top_prefilter=0.002;k=2;min_bundle_outlay=1.02
2026-10-07T23:27:28+00:00,buy_all_no,GOVPARTYFL-26,GOVPARTYFL-26,2,GOVPARTYFL-26-R;GOVPARTYFL-26-D,no;no,0.2300;0.7700,666.65;250149,0,0.0,1.0,1,0.04,0.002,0.0,-0.042,-0.042,1.0,False,NO_POSITIVE_MARGINAL_EDGE,event_legs=2;fits_budget=True;gross_top_prefilter=0.0;k=2;min_bundle_outlay=1.042
2026-10-07T23:27:28+00:00,buy_all_no,KXGOVCA-26,KXGOVCA-26,2,KXGOVCA-26-XBEC;KXGOVCA-26-SHIL,no;no,0.0370;0.9630,18903.7;501,0,0.0,1.0,1,0.02,0.002,0.0,-0.022,-0.022,1.0,False,NO_POSITIVE_MARGINAL_EDGE,event_legs=2;fits_budget=True;gross_top_prefilter=0.0;k=2;min_bundle_outlay=1.022
2026-10-07T23:27:28+00:00,buy_all_no,GOVPARTYGA-26,GOVPARTYGA-26,2,GOVPARTYGA-26-R;GOVPARTYGA-26-D,no;no,0.4600;0.5400,84.68;34.75,0,0.0,1.0,1,0.04,0.002,0.0,-0.042,-0.042,1.0,False,NO_POSITIVE_MARGINAL_EDGE,event_legs=2;fits_budget=True;gross_top_prefilter=0.0;k=2;min_bundle_outlay=1.042
2026-10-07T23:27:28+00:00,buy_all_no,KXHOUSERACE-CO05-26,KXHOUSERACE-CO05-26,2,KXHOUSERACE-CO05-26-R;KXHOUSERACE-CO05-26-D,no;no,0.2500;0.7500,2.93;25,0,0.0,1.0,1,0.04,0.002,0.0,-0.042,-0.042,1.0,False,NO_POSITIVE_MARGINAL_EDGE,event_legs=2;fits_budget=True;gross_top_prefilter=0.0;k=2;min_bundle_outlay=1.042
2026-10-07T23:27:28+00:00,buy_all_no,GOVPARTYTX-26,GOVPARTYTX-26,2,GOVPARTYTX-26-R;GOVPARTYTX-26-D,no;no,0.2600;0.7400,71.75;2714.75,0,0.0,1.0,1,0.04,0.002,0.0,-0.042,-0.042,1.0,False,NO_POSITIVE_MARGINAL_EDGE,event_legs=2;fits_budget=True;gross_top_prefilter=0.0;k=2;min_bundle_outlay=1.042
2026-10-07T23:27:28+00:00,buy_all_no,GOVPARTYOR-26,GOVPARTYOR-26,2,GOVPARTYOR-26-D;GOVPARTYOR-26-R,no;no,0.2500;0.7500,236.74;29,0,0.0,1.0,1,0.04,0.002,0.0,-0.042,-0.042,1.0,False,NO_POSITIVE_MARGINAL_EDGE,event_legs=2;fits_budget=True;gross_top_prefilter=0.0;k=2;min_bundle_outlay=1.042
2026-10-07T23:27:28+00:00,buy_all_no,KXNCAAFSEED-27S1,KXNCAAFSEED-27S1,8,KXNCAAFSEED-27S1-ND;KXNCAAFSEED-27S1-TEX;KXNCAAFSEED-27S1-ALA;KXNCAAFSEED-27S1-MIA;KXNCAAFSEED-27S1-UGA;KXNCAAFSEED-27S1-OSU;KXNCAAFSEED-27S1-IND;KXNCAAFSEED-27S1-LSU,no;no;no;no;no;no;no;no,0.7900;0.8000;0.8100;0.8500;0.9000;0.9300;0.9500;0.9700,40.07;30;20;3.39;6;5.2;5;26.5,0,0.0,7.0,7,0.11,0.008,0.0,-0.118,-0.118,7.0,False,NO_POSITIVE_MARGINAL_EDGE,event_legs=50;fits_budget=True;gross_top_prefilter=0.0;k=8;min_bundle_outlay=7.118
2026-10-07T23:27:28+00:00,buy_all_no,KXATTYGENAZ-26,KXATTYGENAZ-26,2,KXATTYGENAZ-26-D;KXATTYGENAZ-26-R,no;no,0.1900;0.8100,10;6275.34,0,0.0,1.0,1,0.04,0.002,0.0,-0.042,-0.042,1.0,False,NO_POSITIVE_MARGINAL_EDGE,event_legs=2;fits_budget=True;gross_top_prefilter=0.0;k=2;min_bundle_outlay=1.042
2026-10-07T23:27:28+00:00,buy_all_no,GOVPARTYAZ-26,GOVPARTYAZ-26,2,GOVPARTYAZ-26-D;GOVPARTYAZ-26-R,no;no,0.1100;0.8900,28;102.69,0,0.0,1.0,1,0.02,0.002,0.0,-0.022,-0.022,1.0,False,NO_POSITIVE_MARGINAL_EDGE,event_legs=2;fits_budget=True;gross_top_prefilter=0.0;k=2;min_bundle_outlay=1.022
2026-10-07T23:27:28+00:00,buy_all_no,KXATTYGENMN-26,KXATTYGENMN-26,2,KXATTYGENMN-26-D;KXATTYGENMN-26-R,no;no,0.2500;0.7500,4948;4294.36,0,0.0,1.0,1,0.04,0.002,0.0,-0.042,-0.042,1.0,False,NO_POSITIVE_MARGINAL_EDGE,event_legs=2;fits_budget=True;gross_top_prefilter=0.0;k=2;min_bundle_outlay=1.042
2026-10-07T23:27:28+00:00,buy_all_no,SENATEAK-26,SENATEAK-26,2,SENATEAK-26-D;SENATEAK-26-R,no;no,0.2400;0.7600,284123;3050.74,0,0.0,1.0,1,0.04,0.002,0.0,-0.042,-0.042,1.0,False,NO_POSITIVE_MARGINAL_EDGE,event_legs=2;fits_budget=True;gross_top_prefilter=0.0;k=2;min_bundle_outlay=1.042
2026-10-07T23:27:28+00:00,buy_all_no,KXHOUSERACE-TX23-26,KXHOUSERACE-TX23-26,2,KXHOUSERACE-TX23-26-R;KXHOUSERACE-TX23-26-D,no;no,0.3700;0.6300,149;394.49,0,0.0,1.0,1,0.04,0.002,0.0,-0.042,-0.042,1.0,False,NO_POSITIVE_MARGINAL_EDGE,event_legs=2;fits_budget=True;gross_top_prefilter=0.0;k=2;min_bundle_outlay=1.042
2026-10-07T23:27:28+00:00,buy_all_no,KXRATECUTCOUNT-26DEC31,KXRATECUTCOUNT-26DEC31,3,KXRATECUTCOUNT-26DEC31-T0;KXRATECUTCOUNT-26DEC31-T1;KXRATECUTCOUNT-26DEC31-T2,no;no;no,0.0490;0.9630;0.9880,47.66;75.28;5032.24,0,0.0,2.0,2,0.03,0.003,0.0,-0.033,-0.033,2.0,False,NO_POSITIVE_MARGINAL_EDGE,event_legs=21;fits_budget=True;gross_top_prefilter=0.0;k=3;min_bundle_outlay=2.033
2026-10-07T23:27:28+00:00,buy_all_no,KXUFCLHEAVYWEIGHTTITLE-26,KXUFCLHEAVYWEIGHTTITLE-26,2,KXUFCLHEAVYWEIGHTTITLE-26-CULB;KXUFCLHEAVYWEIGHTTITLE-26-MANK,no;no,0.0600;0.9400,306.23;197.67,0,0.0,1.0,1,0.02,0.002,0.0,-0.022,-0.022,1.0,False,NO_POSITIVE_MARGINAL_EDGE,event_legs=10;fits_budget=True;gross_top_prefilter=0.0;k=2;min_bundle_outlay=1.022
2026-10-07T23:27:28+00:00,buy_all_no,KXDHOUSESEATS-27,KXDHOUSESEATS-27,12,KXDHOUSESEATS-27-232;KXDHOUSESEATS-27-236;KXDHOUSESEATS-27-240;KXDHOUSESEATS-27-249;KXDHOUSESEATS-27-244;KXDHOUSESEATS-27-228;KXDHOUSESEATS-27-248;KXDHOUSESEATS-27-224;KXDHOUSESEATS-27-210;KXDHOUSESEATS-27-220;KXDHOUSESEATS-27-212;KXDHOUSESEATS-27-216,no;no;no;no;no;no;no;no;no;no;no;no,0.8300;0.8700;0.8800;0.9000;0.9040;0.9080;0.9240;0.9260;0.9550;0.9610;0.9670;0.9690,57.37;1424.43;1323.62;691.99;2000;0.67;1618.09;13.41;12.38;1;0.44;3.06,0,0.0,10.994,11,0.12,0.012,0.006,-0.126,-0.126,10.994,False,NO_POSITIVE_MARGINAL_EDGE,event_legs=12;fits_budget=False;gross_top_prefilter=0.006;k=12;min_bundle_outlay=11.126
2026-10-07T23:27:28+00:00,buy_all_no,KXSPAIN2ND-26NOV29-2,KXSPAIN2ND-26NOV29-2,3,KXSPAIN2ND-26NOV29-2-PSOE;KXSPAIN2ND-26NOV29-2-PP;KXSPAIN2ND-26NOV29-2-VOX,no;no;no,0.1500;0.8900;0.9600,5352.94;11492.7;23675,0,0.0,2.0,2,0.03,0.003,0.0,-0.033,-0.033,2.0,False,NO_POSITIVE_MARGINAL_EDGE,event_legs=3;fits_budget=True;gross_top_prefilter=0.0;k=3;min_bundle_outlay=2.033
2026-10-07T23:27:28+00:00,buy_all_no,KXHOUSERACE-OH07-26,KXHOUSERACE-OH07-26,2,KXHOUSERACE-OH07-26-D;KXHOUSERACE-OH07-26-R,no;no,0.1900;0.8100,95;642,0,0.0,1.0,1,0.04,0.002,0.0,-0.042,-0.042,1.0,False,NO_POSITIVE_MARGINAL_EDGE,event_legs=2;fits_budget=True;gross_top_prefilter=0.0;k=2;min_bundle_outlay=1.042
2026-10-07T23:27:28+00:00,buy_all_no,KXBALLONDOR-26,KXBALLONDOR-26,4,KXBALLONDOR-26-HKAN;KXBALLONDOR-26-LYAM;KXBALLONDOR-26-LMES;KXBALLONDOR-26-KMBA,no;no;no;no,0.5000;0.5700;0.9600;0.9700,3128.84;4628.98;8008.16;33928.8,0,0.0,3.0,3,0.06,0.004,0.0,-0.064,-0.064,3.0,False,NO_POSITIVE_MARGINAL_EDGE,event_legs=31;fits_budget=True;gross_top_prefilter=0.0;k=4;min_bundle_outlay=3.064
2026-10-07T23:27:28+00:00,buy_all_no,KXMLBALMVP-26,KXMLBALMVP-26,3,KXMLBALMVP-26-YALV;KXMLBALMVP-26-JCAM;KXMLBALMVP-26-CSCHLITTLER31,no;no;no,0.0400;0.9800;0.9800,27.67;156.88;410.73,0,0.0,2.0,2,0.03,0.003,0.0,-0.033,-0.033,2.0,False,NO_POSITIVE_MARGINAL_EDGE,event_legs=49;fits_budget=True;gross_top_prefilter=0.0;k=3;min_bundle_outlay=2.033
2026-10-07T23:27:28+00:00,buy_all_no,HOUSEMI7-26,HOUSEMI7-26,2,HOUSEMI7-26-D;HOUSEMI7-26-R,no;no,0.4000;0.6000,294.44;3169.38,0,0.0,1.0,1,0.04,0.002,0.0,-0.042,-0.042,1.0,False,NO_POSITIVE_MARGINAL_EDGE,event_legs=2;fits_budget=True;gross_top_prefilter=0.0;k=2;min_bundle_outlay=1.042
2026-10-07T23:27:28+00:00,buy_all_no,KXCBDECISIONCANADA-26OCT,KXCBDECISIONCANADA-26OCT,2,KXCBDECISIONCANADA-26OCT-H0;KXCBDECISIONCANADA-26OCT-H25,no;no,0.1900;0.8100,137.28;237.5,0,0.0,1.0,1,0.04,0.002,0.0,-0.042,-0.042,1.0,False,NO_POSITIVE_MARGINAL_EDGE,event_legs=5;fits_budget=True;gross_top_prefilter=0.0;k=2;min_bundle_outlay=1.042
2026-10-07T23:27:28+00:00,buy_all_no,KXNFLGAME-26OCT18CHIATL,KXNFLGAME-26OCT18CHIATL,2,KXNFLGAME-26OCT18CHIATL-CHI;KXNFLGAME-26OCT18CHIATL-ATL,no;no,0.4700;0.5300,11.62;56.5,0,0.0,1.0,1,0.04,0.002,0.0,-0.042,-0.042,1.0,False,NO_POSITIVE_MARGINAL_EDGE,event_legs=2;fits_budget=True;gross_top_prefilter=0.0;k=2;min_bundle_outlay=1.042
2026-10-07T23:27:28+00:00,buy_all_no,KXMISENATE-26,KXMISENATE-26,2,KXMISENATE-26-AELS;KXMISENATE-26-MROG,no;no,0.2900;0.7100,95.1;106.84,0,0.0,1.0,1,0.04,0.002,0.0,-0.042,-0.042,1.0,False,NO_POSITIVE_MARGINAL_EDGE,event_legs=4;fits_budget=True;gross_top_prefilter=0.0;k=2;min_bundle_outlay=1.042
2026-10-07T23:27:28+00:00,buy_all_no,KXCA11PERSON-26,KXCA11PERSON-26,2,KXCA11PERSON-26-SWIE;KXCA11PERSON-26-CCHA,no;no,0.2100;0.7900,5.15;5,0,0.0,1.0,1,0.04,0.002,0.0,-0.042,-0.042,1.0,False,NO_POSITIVE_MARGINAL_EDGE,event_legs=2;fits_budget=True;gross_top_prefilter=0.0;k=2;min_bundle_outlay=1.042
2026-10-07T23:27:28+00:00,buy_all_no,KXNEXTTEAMNFL-26ARODGERS8,KXNEXTTEAMNFL-26ARODGERS8,2,KXNEXTTEAMNFL-26ARODGERS8-PIT;KXNEXTTEAMNFL-26ARODGERS8-NONE,no;no,0.0800;0.9200,2.57;25.17,0,0.0,1.0,1,0.02,0.002,0.0,-0.022,-0.022,1.0,False,NO_POSITIVE_MARGINAL_EDGE,event_legs=33;fits_budget=True;gross_top_prefilter=0.0;k=2;min_bundle_outlay=1.022
2026-10-07T23:27:28+00:00,buy_all_no,KXNCAAFGAME-26OCT10SDSUORST,KXNCAAFGAME-26OCT10SDSUORST,2,KXNCAAFGAME-26OCT10SDSUORST-ORST;KXNCAAFGAME-26OCT10SDSUORST-SDSU,no;no,0.1500;0.8500,6110;31.84,0,0.0,1.0,1,0.02,0.002,0.0,-0.022,-0.022,1.0,False,NO_POSITIVE_MARGINAL_EDGE,event_legs=2;fits_budget=True;gross_top_prefilter=0.0;k=2;min_bundle_outlay=1.022
2026-10-07T23:27:28+00:00,buy_all_no,KXMLBAL-26,KXMLBAL-26,4,KXMLBAL-26-TB;KXMLBAL-26-CWS;KXMLBAL-26-NYY;KXMLBAL-26-CLE,no;no;no;no,0.4900;0.7100;0.9000;0.9000,270.08;274.19;2109.99;1104.36,0,0.0,3.0,3,0.06,0.004,0.0,-0.064,-0.064,3.0,False,NO_POSITIVE_MARGINAL_EDGE,event_legs=15;fits_budget=True;gross_top_prefilter=0.0;k=4;min_bundle_outlay=3.064
2026-10-07T23:27:28+00:00,buy_all_no,KXBOXING-26DEC11FURYJOSHUA,KXBOXING-26DEC11FURYJOSHUA,2,KXBOXING-26DEC11FURYJOSHUA-FURY;KXBOXING-26DEC11FURYJOSHUA-JOSHUA,no;no,0.3900;0.6100,4.86;62.35,0,0.0,1.0,1,0.04,0.002,0.0,-0.042,-0.042,1.0,False,NO_POSITIVE_MARGINAL_EDGE,event_legs=2;fits_budget=True;gross_top_prefilter=0.0;k=2;min_bundle_outlay=1.042
2026-10-07T23:27:28+00:00,buy_all_no,KXNCAAFGAME-26OCT10KENTWMU,KXNCAAFGAME-26OCT10KENTWMU,2,KXNCAAFGAME-26OCT10KENTWMU-WMU;KXNCAAFGAME-26OCT10KENTWMU-KENT,no;no,0.1600;0.8400,1;3875,0,0.0,1.0,1,0.02,0.002,0.0,-0.022,-0.022,1.0,False,NO_POSITIVE_MARGINAL_EDGE,event_legs=2;fits_budget=True;gross_top_prefilter=0.0;k=2;min_bundle_outlay=1.022
2026-10-07T23:27:28+00:00,buy_all_no,KXNCAAFGAME-26OCT10JMUGASO,KXNCAAFGAME-26OCT10JMUGASO,2,KXNCAAFGAME-26OCT10JMUGASO-JMU;KXNCAAFGAME-26OCT10JMUGASO-GASO,no;no,0.2600;0.7400,2.4;3162,0,0.0,1.0,1,0.04,0.002,0.0,-0.042,-0.042,1.0,False,NO_POSITIVE_MARGINAL_EDGE,event_legs=2;fits_budget=True;gross_top_prefilter=0.0;k=2;min_bundle_outlay=1.042
2026-10-07T23:27:28+00:00,buy_all_no,KXEPLGAME-26OCT10MUNTOT,KXEPLGAME-26OCT10MUNTOT,3,KXEPLGAME-26OCT10MUNTOT-MUN;KXEPLGAME-26OCT10MUNTOT-TIE;KXEPLGAME-26OCT10MUNTOT-TOT,no;no;no,0.4300;0.7800;0.7900,6033.95;290;28,0,0.0,2.0,2,0.06,0.003,0.0,-0.063,-0.063,2.0,False,NO_POSITIVE_MARGINAL_EDGE,event_legs=3;fits_budget=True;gross_top_prefilter=0.0;k=3;min_bundle_outlay=2.063
2026-10-07T23:27:28+00:00,buy_all_no,KXNCAAFGAME-26OCT10TULNARMY,KXNCAAFGAME-26OCT10TULNARMY,2,KXNCAAFGAME-26OCT10TULNARMY-ARMY;KXNCAAFGAME-26OCT10TULNARMY-TULN,no;no,0.4000;0.6000,46.22;39.88,0,0.0,1.0,1,0.04,0.002,0.0,-0.042,-0.042,1.0,False,NO_POSITIVE_MARGINAL_EDGE,event_legs=2;fits_budget=True;gross_top_prefilter=0.0;k=2;min_bundle_outlay=1.042
2026-10-07T23:27:28+00:00,buy_all_no,KXNCAAFGAME-26OCT10TEXOKLA,KXNCAAFGAME-26OCT10TEXOKLA,2,KXNCAAFGAME-26OCT10TEXOKLA-TEX;KXNCAAFGAME-26OCT10TEXOKLA-OKLA,no;no,0.2500;0.7500,13643.6;6846.11,0,0.0,1.0,1,0.04,0.002,0.0,-0.042,-0.042,1.0,False,NO_POSITIVE_MARGINAL_EDGE,event_legs=2;fits_budget=True;gross_top_prefilter=0.0;k=2;min_bundle_outlay=1.042
2026-10-07T23:27:28+00:00,buy_all_no,KXWODIMATCH-26OCT102350BANAUS,KXWODIMATCH-26OCT102350BANAUS,2,KXWODIMATCH-26OCT102350BANAUS-AUS;KXWODIMATCH-26OCT102350BANAUS-BAN,no;no,0.0400;0.9600,187.12;300,0,0.0,1.0,1,0.02,0.002,0.0,-0.022,-0.022,1.0,False,NO_POSITIVE_MARGINAL_EDGE,event_legs=2;fits_budget=True;gross_top_prefilter=0.0;k=2;min_bundle_outlay=1.022
2026-10-07T23:27:28+00:00,buy_all_no,KXNCAAFGAME-26OCT09WSUUSU,KXNCAAFGAME-26OCT09WSUUSU,2,KXNCAAFGAME-26OCT09WSUUSU-USU;KXNCAAFGAME-26OCT09WSUUSU-WSU,no;no,0.3500;0.6500,243;272.77,0,0.0,1.0,1,0.04,0.002,0.0,-0.042,-0.042,1.0,False,NO_POSITIVE_MARGINAL_EDGE,event_legs=2;fits_budget=True;gross_top_prefilter=0.0;k=2;min_bundle_outlay=1.042
2026-10-07T23:27:28+00:00,buy_all_no,KXUFCFIGHT-26OCT10PRABON,KXUFCFIGHT-26OCT10PRABON,2,KXUFCFIGHT-26OCT10PRABON-PRA;KXUFCFIGHT-26OCT10PRABON-BON,no;no,0.5000;0.5000,10843.4;3.76,0,0.0,1.0,1,0.04,0.002,0.0,-0.042,-0.042,1.0,False,NO_POSITIVE_MARGINAL_EDGE,event_legs=2;fits_budget=True;gross_top_prefilter=0.0;k=2;min_bundle_outlay=1.042
2026-10-07T23:27:28+00:00,buy_all_no,KXNCAAFGAME-26OCT10CARKAC,KXNCAAFGAME-26OCT10CARKAC,2,KXNCAAFGAME-26OCT10CARKAC-AC;KXNCAAFGAME-26OCT10CARKAC-CARK,no;no,0.2600;0.7400,0.67;4,0,0.0,1.0,1,0.04,0.002,0.0,-0.042,-0.042,1.0,False,NO_POSITIVE_MARGINAL_EDGE,event_legs=2;fits_budget=True;gross_top_prefilter=0.0;k=2;min_bundle_outlay=1.042
2026-10-07T23:27:28+00:00,buy_all_no,KXNCAAFGAME-26OCT10UCFOKST,KXNCAAFGAME-26OCT10UCFOKST,2,KXNCAAFGAME-26OCT10UCFOKST-OKST;KXNCAAFGAME-26OCT10UCFOKST-UCF,no;no,0.2100;0.7900,13170.1;7144.85,0,0.0,1.0,1,0.04,0.002,0.0,-0.042,-0.042,1.0,False,NO_POSITIVE_MARGINAL_EDGE,event_legs=2;fits_budget=True;gross_top_prefilter=0.0;k=2;min_bundle_outlay=1.042
2026-10-07T23:27:28+00:00,buy_all_no,KXNBAGAME-26OCT09HOUDAL,KXNBAGAME-26OCT09HOUDAL,2,KXNBAGAME-26OCT09HOUDAL-DAL;KXNBAGAME-26OCT09HOUDAL-HOU,no;no,0.3400;0.6600,2.79;40.01,0,0.0,1.0,1,0.04,0.002,0.0,-0.042,-0.042,1.0,False,NO_POSITIVE_MARGINAL_EDGE,event_legs=2;fits_budget=True;gross_top_prefilter=0.0;k=2;min_bundle_outlay=1.042
2026-10-07T23:27:28+00:00,buy_all_no,KXODIMATCH-26OCT082330AUS-AINA,KXODIMATCH-26OCT082330AUS-AINA,2,KXODIMATCH-26OCT082330AUS-AINA-INA;KXODIMATCH-26OCT082330AUS-AINA-AUS-A,no;no,0.3500;0.6500,1;1,0,0.0,1.0,1,0.04,0.002,0.0,-0.042,-0.042,1.0,False,NO_POSITIVE_MARGINAL_EDGE,event_legs=2;fits_budget=True;gross_top_prefilter=0.0;k=2;min_bundle_outlay=1.042
2026-10-07T23:27:28+00:00,buy_all_no,KXNHLGAME-26OCT08COLCGY,KXNHLGAME-26OCT08COLCGY,2,KXNHLGAME-26OCT08COLCGY-COL;KXNHLGAME-26OCT08COLCGY-CGY,no;no,0.3200;0.6800,368;44,0,0.0,1.0,1,0.04,0.002,0.0,-0.042,-0.042,1.0,False,NO_POSITIVE_MARGINAL_EDGE,event_legs=2;fits_budget=True;gross_top_prefilter=0.0;k=2;min_bundle_outlay=1.042
2026-10-07T23:27:28+00:00,buy_all_no,KXHIGHTDAL-26OCT08,KXHIGHTDAL-26OCT08,4,KXHIGHTDAL-26OCT08-B89.5;KXHIGHTDAL-26OCT08-T90;KXHIGHTDAL-26OCT08-B87.5;KXHIGHTDAL-26OCT08-B85.5,no;no;no;no,0.3200;0.8400;0.8600;0.9800,47;59;16;336.92,0,0.0,3.0,3,0.05,0.004,0.0,-0.054,-0.054,3.0,False,NO_POSITIVE_MARGINAL_EDGE,event_legs=6;fits_budget=True;gross_top_prefilter=0.0;k=4;min_bundle_outlay=3.054
2026-10-07T23:27:28+00:00,buy_all_no,KXNBAGAME-26OCT08NOPMIA,KXNBAGAME-26OCT08NOPMIA,2,KXNBAGAME-26OCT08NOPMIA-MIA;KXNBAGAME-26OCT08NOPMIA-NOP,no;no,0.2900;0.7100,127.78;30,0,0.0,1.0,1,0.04,0.002,0.0,-0.042,-0.042,1.0,False,NO_POSITIVE_MARGINAL_EDGE,event_legs=2;fits_budget=True;gross_top_prefilter=0.0;k=2;min_bundle_outlay=1.042
2026-10-07T23:27:28+00:00,buy_all_no,KXCRITICSACTR-27,KXCRITICSACTR-27,15,KXCRITICSACTR-27-JMOO;KXCRITICSACTR-27-INAV;KXCRITICSACTR-27-SHUL;KXCRITICSACTR-27-CCOO;KXCRITICSACTR-27-RREI;KXCRITICSACTR-27-OWIL;KXCRITICSACTR-27-MBAI;KXCRITICSACTR-27-RELE;KXCRITICSACTR-27-RMAD;KXCRITICSACTR-27-EBLU;KXCRITICSACTR-27-MMAD;KXCRITICSACTR-27-VEFI;KXCRITICSACTR-27-MREE;KXCRITICSACTR-27-LSEY;KXCRITICSACTR-27-JDOY,no;no;no;no;no;no;no;no;no;no;no;no;no;no;no,0.4300;0.8500;0.9600;0.9800;0.9800;0.9800;0.9800;0.9800;0.9800;0.9800;0.9800;0.9800;0.9800;0.9800;0.9800,53;3188;8742;9484;9484;9084;6007;5555;9384;6104;6870;6784;5309;5684;5059,0,0.0,14.0,14,0.16,0.015,0.0,-0.175,-0.175,14.0,False,NO_POSITIVE_MARGINAL_EDGE,event_legs=16;fits_budget=False;gross_top_prefilter=0.0;k=15;min_bundle_outlay=14.175
2026-10-07T23:27:28+00:00,buy_all_no,KXR6GAME-26OCT081100DZC9,KXR6GAME-26OCT081100DZC9,2,KXR6GAME-26OCT081100DZC9-DZ;KXR6GAME-26OCT081100DZC9-C9,no;no,0.3400;0.6600,36.04;20,0,0.0,1.0,1,0.04,0.002,0.0,-0.042,-0.042,1.0,False,NO_POSITIVE_MARGINAL_EDGE,event_legs=2;fits_budget=True;gross_top_prefilter=0.0;k=2;min_bundle_outlay=1.042
2026-10-07T23:27:28+00:00,buy_all_no,KXNBAGAME-26OCT08WASNYK,KXNBAGAME-26OCT08WASNYK,2,KXNBAGAME-26OCT08WASNYK-NYK;KXNBAGAME-26OCT08WASNYK-WAS,no;no,0.3500;0.6500,0.76;2932.28,0,0.0,1.0,1,0.04,0.002,0.0,-0.042,-0.042,1.0,False,NO_POSITIVE_MARGINAL_EDGE,event_legs=2;fits_budget=True;gross_top_prefilter=0.0;k=2;min_bundle_outlay=1.042
2026-10-07T23:27:28+00:00,buy_all_no,KXNFLGAME-26OCT12BUFLAR,KXNFLGAME-26OCT12BUFLAR,2,KXNFLGAME-26OCT12BUFLAR-LAR;KXNFLGAME-26OCT12BUFLAR-BUF,no;no,0.4000;0.6000,41.26;9231.3,0,0.0,1.0,1,0.04,0.002,0.0,-0.042,-0.042,1.0,False,NO_POSITIVE_MARGINAL_EDGE,event_legs=2;fits_budget=True;gross_top_prefilter=0.0;k=2;min_bundle_outlay=1.042
2026-10-07T23:27:28+00:00,buy_all_no,KXT20MATCH-26OCT072115MYABAH,KXT20MATCH-26OCT072115MYABAH,2,KXT20MATCH-26OCT072115MYABAH-BAH;KXT20MATCH-26OCT072115MYABAH-MYA,no;no,0.0500;0.9500,1404.32;6365,0,0.0,1.0,1,0.02,0.002,0.0,-0.022,-0.022,1.0,False,NO_POSITIVE_MARGINAL_EDGE,event_legs=2;fits_budget=True;gross_top_prefilter=0.0;k=2;min_bundle_outlay=1.022
2026-10-07T23:27:28+00:00,buy_all_no,KXHIGHNY-26OCT08,KXHIGHNY-26OCT08,5,KXHIGHNY-26OCT08-B74.5;KXHIGHNY-26OCT08-B72.5;KXHIGHNY-26OCT08-B76.5;KXHIGHNY-26OCT08-T72;KXHIGHNY-26OCT08-B78.5,no;no;no;no;no,0.4900;0.7900;0.8000;0.9500;0.9700,71;105;204.88;857.13;39,0,0.0,4.0,4,0.08,0.005,0.0,-0.085,-0.085,4.0,False,NO_POSITIVE_MARGINAL_EDGE,event_legs=6;fits_budget=True;gross_top_prefilter=0.0;k=5;min_bundle_outlay=4.085
2026-10-07T23:27:28+00:00,buy_all_no,KXCS2GAME-26OCT081300BLASIN,KXCS2GAME-26OCT081300BLASIN,2,KXCS2GAME-26OCT081300BLASIN-BLA;KXCS2GAME-26OCT081300BLASIN-SIN,no;no,0.5000;0.5000,99;276,0,0.0,1.0,1,0.04,0.002,0.0,-0.042,-0.042,1.0,False,NO_POSITIVE_MARGINAL_EDGE,event_legs=2;fits_budget=True;gross_top_prefilter=0.0;k=2;min_bundle_outlay=1.042
2026-10-07T23:27:28+00:00,buy_all_no,KXFIFAWGAME-26OCT09GRCENG,KXFIFAWGAME-26OCT09GRCENG,3,KXFIFAWGAME-26OCT09GRCENG-ENG;KXFIFAWGAME-26OCT09GRCENG-GRC;KXFIFAWGAME-26OCT09GRCENG-TIE,no;no;no,0.0600;0.9700;0.9700,105.23;113.49;1320.23,0,0.0,2.0,2,0.03,0.003,0.0,-0.033,-0.033,2.0,False,NO_POSITIVE_MARGINAL_EDGE,event_legs=3;fits_budget=True;gross_top_prefilter=0.0;k=3;min_bundle_outlay=2.033
2026-10-07T23:27:28+00:00,buy_all_no,KXWNBAGAME-26OCT07LVGS,KXWNBAGAME-26OCT07LVGS,2,KXWNBAGAME-26OCT07LVGS-GS;KXWNBAGAME-26OCT07LVGS-LV,no;no,0.4700;0.5300,119832;58298.2,0,0.0,1.0,1,0.04,0.002,0.0,-0.042,-0.042,1.0,False,NO_POSITIVE_MARGINAL_EDGE,event_legs=2;fits_budget=True;gross_top_prefilter=0.0;k=2;min_bundle_outlay=1.042
2026-10-07T23:27:28+00:00,buy_all_no,KXNBAGAME-26OCT07ORLMEM,KXNBAGAME-26OCT07ORLMEM,2,KXNBAGAME-26OCT07ORLMEM-ORL;KXNBAGAME-26OCT07ORLMEM-MEM,no;no,0.4600;0.5400,182.28;25595.1,0,0.0,1.0,1,0.04,0.002,0.0,-0.042,-0.042,1.0,False,NO_POSITIVE_MARGINAL_EDGE,event_legs=2;fits_budget=True;gross_top_prefilter=0.0;k=2;min_bundle_outlay=1.042
2026-10-07T23:27:28+00:00,buy_all_no,KXWNBA1HWINNER-26OCT07NYATL,KXWNBA1HWINNER-26OCT07NYATL,3,KXWNBA1HWINNER-26OCT07NYATL-ATL;KXWNBA1HWINNER-26OCT07NYATL-NY;KXWNBA1HWINNER-26OCT07NYATL-TIE,no;no;no,0.4900;0.5500;0.9600,28;142;355,0,0.0,2.0,2,0.05,0.003,0.0,-0.053,-0.053,2.0,False,NO_POSITIVE_MARGINAL_EDGE,event_legs=3;fits_budget=True;gross_top_prefilter=0.0;k=3;min_bundle_outlay=2.053
2026-10-07T23:27:28+00:00,buy_all_no,KXBRASILEIROBGAME-26OCT07VINCUI,KXBRASILEIROBGAME-26OCT07VINCUI,3,KXBRASILEIROBGAME-26OCT07VINCUI-VIN;KXBRASILEIROBGAME-26OCT07VINCUI-TIE;KXBRASILEIROBGAME-26OCT07VINCUI-CUI,no;no;no,0.5300;0.7000;0.7700,6889;264.47;180.78,0,0.0,2.0,2,0.06,0.003,0.0,-0.063,-0.063,2.0,False,NO_POSITIVE_MARGINAL_EDGE,event_legs=3;fits_budget=True;gross_top_prefilter=0.0;k=3;min_bundle_outlay=2.063
2026-10-07T23:27:28+00:00,buy_all_no,KXATPSETWINNER-26OCT06VANMER-1,KXATPSETWINNER-26OCT06VANMER-1,2,KXATPSETWINNER-26OCT06VANMER-1-VAN;KXATPSETWINNER-26OCT06VANMER-1-MER,no;no,0.4900;0.5100,1993;0.02,0,0.0,1.0,1,0.04,0.002,0.0,-0.042,-0.042,1.0,False,NO_POSITIVE_MARGINAL_EDGE,event_legs=2;fits_budget=True;gross_top_prefilter=0.0;k=2;min_bundle_outlay=1.042
2026-10-07T23:27:28+00:00,buy_all_no,KXITFWMATCH-26OCT07KAJADA,KXITFWMATCH-26OCT07KAJADA,2,KXITFWMATCH-26OCT07KAJADA-KAJ;KXITFWMATCH-26OCT07KAJADA-ADA,no;no,0.1400;0.8700,0.01;177.01,0,0.0,1.01,1,0.02,0.002,-0.01,-0.032,-0.032,1.01,False,NO_POSITIVE_MARGINAL_EDGE,event_legs=2;fits_budget=True;gross_top_prefilter=0.0;k=2;min_bundle_outlay=1.032
2026-10-07T23:27:28+00:00,buy_all_no,KXOWGAME-26OCT090700ZETASEI,KXOWGAME-26OCT090700ZETASEI,2,KXOWGAME-26OCT090700ZETASEI-ZETA;KXOWGAME-26OCT090700ZETASEI-SEI,no;no,0.0400;0.9600,226.05;248.32,0,0.0,1.0,1,0.02,0.002,0.0,-0.022,-0.022,1.0,False,NO_POSITIVE_MARGINAL_EDGE,event_legs=2;fits_budget=True;gross_top_prefilter=0.0;k=2;min_bundle_outlay=1.022
2026-10-07T23:27:28+00:00,buy_all_no,KXATPMATCH-26OCT06MARSVA,KXATPMATCH-26OCT06MARSVA,2,KXATPMATCH-26OCT06MARSVA-MAR;KXATPMATCH-26OCT06MARSVA-SVA,no;no,0.4500;0.5500,774;150,0,0.0,1.0,1,0.04,0.002,0.0,-0.042,-0.042,1.0,False,NO_POSITIVE_MARGINAL_EDGE,event_legs=2;fits_budget=True;gross_top_prefilter=0.0;k=2;min_bundle_outlay=1.042
2026-10-07T23:27:28+00:00,buy_all_no,KXWTACHALLENGERMATCH-26OCT07KALKOR,KXWTACHALLENGERMATCH-26OCT07KALKOR,2,KXWTACHALLENGERMATCH-26OCT07KALKOR-KAL;KXWTACHALLENGERMATCH-26OCT07KALKOR-KOR,no;no,0.5000;0.5000,132;3619.06,0,0.0,1.0,1,0.04,0.002,0.0,-0.042,-0.042,1.0,False,NO_POSITIVE_MARGINAL_EDGE,event_legs=2;fits_budget=True;gross_top_prefilter=0.0;k=2;min_bundle_outlay=1.042
2026-10-07T23:27:28+00:00,buy_all_no,KXHIGHDEN-26OCT08,KXHIGHDEN-26OCT08,4,KXHIGHDEN-26OCT08-B85.5;KXHIGHDEN-26OCT08-B83.5;KXHIGHDEN-26OCT08-B87.5;KXHIGHDEN-26OCT08-B81.5,no;no;no;no,0.4500;0.6500;0.9200;0.9800,345;39;6.99;77.98,0,0.0,3.0,3,0.06,0.004,0.0,-0.064,-0.064,3.0,False,NO_POSITIVE_MARGINAL_EDGE,event_legs=6;fits_budget=True;gross_top_prefilter=0.0;k=4;min_bundle_outlay=3.064
2026-10-07T23:27:28+00:00,buy_all_no,KXMAYORLA-26,KXMAYORLA-26,2,KXMAYORLA-26-NRAM;KXMAYORLA-26-KBAS,no;no,0.4200;0.5800,22070;113468,0,0.0,1.0,1,0.04,0.002,0.0,-0.042,-0.042,1.0,False,NO_POSITIVE_MARGINAL_EDGE,event_legs=2;fits_budget=True;gross_top_prefilter=0.0;k=2;min_bundle_outlay=1.042
2026-10-07T23:27:28+00:00,buy_all_no,KXATPMATCH-26OCT06NAVCAR,KXATPMATCH-26OCT06NAVCAR,2,KXATPMATCH-26OCT06NAVCAR-NAV;KXATPMATCH-26OCT06NAVCAR-CAR,no;no,0.4200;0.5800,330;1300,0,0.0,1.0,1,0.04,0.002,0.0,-0.042,-0.042,1.0,False,NO_POSITIVE_MARGINAL_EDGE,event_legs=2;fits_budget=True;gross_top_prefilter=0.0;k=2;min_bundle_outlay=1.042
2026-10-07T23:27:28+00:00,buy_all_no,KXWTAMATCH-26OCT07MERSWI,KXWTAMATCH-26OCT07MERSWI,2,KXWTAMATCH-26OCT07MERSWI-SWI;KXWTAMATCH-26OCT07MERSWI-MER,no;no,0.2000;0.8000,86.73;10,0,0.0,1.0,1,0.04,0.002,0.0,-0.042,-0.042,1.0,False,NO_POSITIVE_MARGINAL_EDGE,event_legs=2;fits_budget=True;gross_top_prefilter=0.0;k=2;min_bundle_outlay=1.042
2026-10-07T23:27:28+00:00,buy_all_no,KXATPMATCH-26OCT06MUNBRO,KXATPMATCH-26OCT06MUNBRO,2,KXATPMATCH-26OCT06MUNBRO-MUN;KXATPMATCH-26OCT06MUNBRO-BRO,no;no,0.3600;0.6400,7412.95;1232.47,0,0.0,1.0,1,0.04,0.002,0.0,-0.042,-0.042,1.0,False,NO_POSITIVE_MARGINAL_EDGE,event_legs=2;fits_budget=True;gross_top_prefilter=0.0;k=2;min_bundle_outlay=1.042
2026-10-07T23:27:28+00:00,buy_all_no,SENATENC-26,SENATENC-26,2,SENATENC-26-D;SENATENC-26-R,no;no,0.0320;0.9710,250000;479.93,0,0.0,1.003,1,0.02,0.002,-0.003,-0.025,-0.025,1.003,False,NO_POSITIVE_MARGINAL_EDGE,event_legs=2;fits_budget=True;gross_top_prefilter=-0.003;k=2;min_bundle_outlay=1.025
2026-10-07T23:27:28+00:00,buy_all_no,KXATPMATCH-26OCT06HURDUC,KXATPMATCH-26OCT06HURDUC,2,KXATPMATCH-26OCT06HURDUC-HUR;KXATPMATCH-26OCT06HURDUC-DUC,no;no,0.3000;0.7000,1053.92;750,0,0.0,1.0,1,0.04,0.002,0.0,-0.042,-0.042,1.0,False,NO_POSITIVE_MARGINAL_EDGE,event_legs=2;fits_budget=True;gross_top_prefilter=0.0;k=2;min_bundle_outlay=1.042
2026-10-07T23:27:28+00:00,buy_all_no,KXCS2GAME-26OCT072100FARVIL,KXCS2GAME-26OCT072100FARVIL,2,KXCS2GAME-26OCT072100FARVIL-VIL;KXCS2GAME-26OCT072100FARVIL-FAR,no;no,0.4800;0.5200,27;116,0,0.0,1.0,1,0.04,0.002,0.0,-0.042,-0.042,1.0,False,NO_POSITIVE_MARGINAL_EDGE,event_legs=2;fits_budget=True;gross_top_prefilter=0.0;k=2;min_bundle_outlay=1.042
2026-10-07T23:27:28+00:00,buy_all_no,KXATPMATCH-26OCT06BORDIA,KXATPMATCH-26OCT06BORDIA,2,KXATPMATCH-26OCT06BORDIA-BOR;KXATPMATCH-26OCT06BORDIA-DIA,no;no,0.2500;0.7500,56.81;7604,0,0.0,1.0,1,0.04,0.002,0.0,-0.042,-0.042,1.0,False,NO_POSITIVE_MARGINAL_EDGE,event_legs=2;fits_budget=True;gross_top_prefilter=0.0;k=2;min_bundle_outlay=1.042
2026-10-07T23:27:28+00:00,buy_all_no,SENATELA-26,SENATELA-26,2,SENATELA-26-R;SENATELA-26-D,no;no,0.0380;0.9670,40;346,0,0.0,1.005,1,0.02,0.002,-0.005,-0.027,-0.027,1.005,False,NO_POSITIVE_MARGINAL_EDGE,event_legs=2;fits_budget=True;gross_top_prefilter=-0.005;k=2;min_bundle_outlay=1.027
2026-10-07T23:27:28+00:00,buy_all_no,KXITFMATCH-26OCT07DELCHI,KXITFMATCH-26OCT07DELCHI,2,KXITFMATCH-26OCT07DELCHI-DEL;KXITFMATCH-26OCT07DELCHI-CHI,no;no,0.1000;0.9000,9;365,0,0.0,1.0,1,0.02,0.002,0.0,-0.022,-0.022,1.0,False,NO_POSITIVE_MARGINAL_EDGE,event_legs=2;fits_budget=True;gross_top_prefilter=0.0;k=2;min_bundle_outlay=1.022
2026-10-07T23:27:28+00:00,buy_all_no,SENATEGA-26,SENATEGA-26,2,SENATEGA-26-D;SENATEGA-26-R,no;no,0.0370;0.9660,2720.22;31.09,0,0.0,1.003,1,0.02,0.002,-0.003,-0.025,-0.025,1.003,False,NO_POSITIVE_MARGINAL_EDGE,event_legs=2;fits_budget=True;gross_top_prefilter=-0.003;k=2;min_bundle_outlay=1.025
2026-10-07T23:27:28+00:00,buy_all_no,KXBRASILEIROGAME-26OCT07RBBMIR,KXBRASILEIROGAME-26OCT07RBBMIR,3,KXBRASILEIROGAME-26OCT07RBBMIR-RBB;KXBRASILEIROGAME-26OCT07RBBMIR-TIE;KXBRASILEIROGAME-26OCT07RBBMIR-MIR,no;no;no,0.3200;0.7550;0.9300,13758.4;10022.9;174,0,0.0,2.005,2,0.05,0.003,-0.005,-0.058,-0.058,2.005,False,NO_POSITIVE_MARGINAL_EDGE,event_legs=3;fits_budget=True;gross_top_prefilter=-0.005;k=3;min_bundle_outlay=2.058
2026-10-07T23:27:28+00:00,buy_all_no,KXBRASILEIROGAME-26OCT07VITCHA,KXBRASILEIROGAME-26OCT07VITCHA,3,KXBRASILEIROGAME-26OCT07VITCHA-VIT;KXBRASILEIROGAME-26OCT07VITCHA-TIE;KXBRASILEIROGAME-26OCT07VITCHA-CHA,no;no;no,0.2100;0.8500;0.9450,1135.52;1125.84;3968.3,0,0.0,2.005,2,0.04,0.003,-0.005,-0.048,-0.048,2.005,False,NO_POSITIVE_MARGINAL_EDGE,event_legs=3;fits_budget=True;gross_top_prefilter=-0.005;k=3;min_bundle_outlay=2.048
2026-10-07T23:27:28+00:00,buy_all_no,GOVPARTYCA-26,GOVPARTYCA-26,2,GOVPARTYCA-26-D;GOVPARTYCA-26-R,no;no,0.0380;0.9680,1;45.71,0,0.0,1.006,1,0.02,0.002,-0.006,-0.028,-0.028,1.006,False,NO_POSITIVE_MARGINAL_EDGE,event_legs=2;fits_budget=True;gross_top_prefilter=-0.006;k=2;min_bundle_outlay=1.028
2026-10-07T23:27:28+00:00,buy_all_no,GOVPARTYMA-26,GOVPARTYMA-26,2,GOVPARTYMA-26-D;GOVPARTYMA-26-R,no;no,0.0500;0.9510,550;701,0,0.0,1.001,1,0.02,0.002,-0.001,-0.023,-0.023,1.001,False,NO_POSITIVE_MARGINAL_EDGE,event_legs=2;fits_budget=True;gross_top_prefilter=-0.001;k=2;min_bundle_outlay=1.023
2026-10-07T23:27:28+00:00,buy_all_no,GOVPARTYPA-26,GOVPARTYPA-26,2,GOVPARTYPA-26-D;GOVPARTYPA-26-R,no;no,0.0270;0.9780,200;832.15,0,0.0,1.005,1,0.02,0.002,-0.005,-0.027,-0.027,1.005,False,NO_POSITIVE_MARGINAL_EDGE,event_legs=2;fits_budget=True;gross_top_prefilter=-0.005;k=2;min_bundle_outlay=1.027
2026-10-07T23:27:28+00:00,buy_all_no,KXHOUSERACE-TX24-26,KXHOUSERACE-TX24-26,2,KXHOUSERACE-TX24-26-R;KXHOUSERACE-TX24-26-D,no;no,0.0840;0.9230,23;10,0,0.0,1.007,1,0.02,0.002,-0.007,-0.029,-0.029,1.007,False,NO_POSITIVE_MARGINAL_EDGE,event_legs=2;fits_budget=True;gross_top_prefilter=-0.007;k=2;min_bundle_outlay=1.029
2026-10-07T23:27:28+00:00,buy_all_no,KXHOUSERACE-MN05-26,KXHOUSERACE-MN05-26,2,KXHOUSERACE-MN05-26-D;KXHOUSERACE-MN05-26-R,no;no,0.0290;0.9770,29;29,0,0.0,1.006,1,0.02,0.002,-0.006,-0.028,-0.028,1.006,False,NO_POSITIVE_MARGINAL_EDGE,event_legs=3;fits_budget=True;gross_top_prefilter=-0.006;k=2;min_bundle_outlay=1.028
2026-10-07T23:27:28+00:00,buy_all_no,KXBRASILEIROGAME-26OCT08PALBAH,KXBRASILEIROGAME-26OCT08PALBAH,3,KXBRASILEIROGAME-26OCT08PALBAH-PAL;KXBRASILEIROGAME-26OCT08PALBAH-TIE;KXBRASILEIROGAME-26OCT08PALBAH-BAH,no;no;no,0.3800;0.7900;0.8350,6;2708.09;810.08,0,0.0,2.005,2,0.05,0.003,-0.005,-0.058,-0.058,2.005,False,NO_POSITIVE_MARGINAL_EDGE,event_legs=3;fits_budget=True;gross_top_prefilter=-0.005;k=3;min_bundle_outlay=2.058
2026-10-07T23:27:28+00:00,buy_all_no,GOVPARTYMN-26,GOVPARTYMN-26,2,GOVPARTYMN-26-D;GOVPARTYMN-26-R,no;no,0.0550;0.9520,500.34;57.87,0,0.0,1.007,1,0.02,0.002,-0.007,-0.029,-0.029,1.007,False,NO_POSITIVE_MARGINAL_EDGE,event_legs=2;fits_budget=True;gross_top_prefilter=-0.007;k=2;min_bundle_outlay=1.029
2026-10-07T23:27:28+00:00,buy_all_no,KXMLB-26,KXMLB-26,8,KXMLB-26-LAD;KXMLB-26-MIL;KXMLB-26-TB;KXMLB-26-CWS;KXMLB-26-NYY;KXMLB-26-SD;KXMLB-26-ATL;KXMLB-26-CLE,no;no;no;no;no;no;no;no,0.6300;0.7950;0.8270;0.9200;0.9520;0.9520;0.9630;0.9650,0.5;254.32;156.9;3600;223.08;14251.9;28.46;2310.3,0,0.0,7.004,7,0.11,0.008,-0.004,-0.122,-0.122,7.004,False,NO_POSITIVE_MARGINAL_EDGE,event_legs=30;fits_budget=True;gross_top_prefilter=-0.004;k=8;min_bundle_outlay=7.122
2026-10-07T23:27:28+00:00,buy_all_no,GOVPARTYAL-26,GOVPARTYAL-26,2,GOVPARTYAL-26-R;GOVPARTYAL-26-D,no;no,0.0850;0.9170,103.33;3546,0,0.0,1.002,1,0.02,0.002,-0.002,-0.024,-0.024,1.002,False,NO_POSITIVE_MARGINAL_EDGE,event_legs=2;fits_budget=True;gross_top_prefilter=-0.002;k=2;min_bundle_outlay=1.024
2026-10-07T23:27:28+00:00,buy_all_no,KXLOSEREELECTIONDSEN-2026,KXLOSEREELECTIONDSEN-2026,3,KXLOSEREELECTIONDSEN-2026-0;KXLOSEREELECTIONDSEN-2026-2;KXLOSEREELECTIONDSEN-2026-1,no;no;no,0.0580;0.9700;0.9800,2410.01;0.01;4774,0,0.0,2.008,2,0.03,0.003,-0.008,-0.041,-0.041,2.008,False,NO_POSITIVE_MARGINAL_EDGE,event_legs=6;fits_budget=True;gross_top_prefilter=-0.008;k=3;min_bundle_outlay=2.041
2026-10-07T23:27:28+00:00,buy_all_no,KXATTYGENSD-26,KXATTYGENSD-26,2,KXATTYGENSD-26-R;KXATTYGENSD-26-D,no;no,0.0350;0.9720,9765;4299,0,0.0,1.007,1,0.02,0.002,-0.007,-0.029,-0.029,1.007,False,NO_POSITIVE_MARGINAL_EDGE,event_legs=2;fits_budget=True;gross_top_prefilter=-0.007;k=2;min_bundle_outlay=1.029
2026-10-07T23:27:28+00:00,buy_all_no,SENATEID-26,SENATEID-26,2,SENATEID-26-R;SENATEID-26-TACH,no;no,0.0790;0.9300,437;32856.5,0,0.0,1.009,1,0.02,0.002,-0.009,-0.031,-0.031,1.009,False,NO_POSITIVE_MARGINAL_EDGE,event_legs=3;fits_budget=True;gross_top_prefilter=-0.009;k=2;min_bundle_outlay=1.031
2026-10-07T23:27:28+00:00,buy_all_no,KXGOVAK-26,KXGOVAK-26,3,KXGOVAK-26-JKRE;KXGOVAK-26-BWIL;KXGOVAK-26-TTAY,no;no;no,0.2300;0.7900;0.9860,48.67;0.71;63,0,0.0,2.006,2,0.05,0.003,-0.006,-0.059,-0.059,2.006,False,NO_POSITIVE_MARGINAL_EDGE,event_legs=16;fits_budget=True;gross_top_prefilter=-0.006;k=3;min_bundle_outlay=2.059
2026-10-07T23:27:28+00:00,buy_all_no,GOVPARTYTN-26,GOVPARTYTN-26,2,GOVPARTYTN-26-R;GOVPARTYTN-26-D,no;no,0.0590;0.9500,1000;1497.47,0,0.0,1.009,1,0.02,0.002,-0.009,-0.031,-0.031,1.009,False,NO_POSITIVE_MARGINAL_EDGE,event_legs=2;fits_budget=True;gross_top_prefilter=-0.009;k=2;min_bundle_outlay=1.031
2026-10-07T23:27:28+00:00,buy_all_no,KXATTYGENID-26,KXATTYGENID-26,2,KXATTYGENID-26-R;KXATTYGENID-26-D,no;no,0.0420;0.9660,238;1600,0,0.0,1.008,1,0.02,0.002,-0.008,-0.03,-0.03,1.008,False,NO_POSITIVE_MARGINAL_EDGE,event_legs=2;fits_budget=True;gross_top_prefilter=-0.008;k=2;min_bundle_outlay=1.03
2026-10-07T23:27:28+00:00,buy_all_no,SENATESD-26,SENATESD-26,2,SENATESD-26-R;SENATESD-26-BBEN,no;no,0.0790;0.9300,52.57;6525.77,0,0.0,1.009,1,0.02,0.002,-0.009,-0.031,-0.031,1.009,False,NO_POSITIVE_MARGINAL_EDGE,event_legs=3;fits_budget=True;gross_top_prefilter=-0.009;k=2;min_bundle_outlay=1.031
2026-10-07T23:27:28+00:00,buy_all_no,KXMLSGAME-26OCT10PHIRSL,KXMLSGAME-26OCT10PHIRSL,3,KXMLSGAME-26OCT10PHIRSL-PHI;KXMLSGAME-26OCT10PHIRSL-TIE;KXMLSGAME-26OCT10PHIRSL-RSL,no;no;no,0.3200;0.8300;0.8600,4865.78;3298.23;3986.71,0,0.0,2.01,2,0.04,0.003,-0.01,-0.053,-0.053,2.01,False,NO_POSITIVE_MARGINAL_EDGE,event_legs=3;fits_budget=True;gross_top_prefilter=-0.01;k=3;min_bundle_outlay=2.053
2026-10-07T23:27:28+00:00,buy_all_no,KXOHSENGOVCOMBO-26NOV,KXOHSENGOVCOMBO-26NOV,4,KXOHSENGOVCOMBO-26NOV-DEMDEM;KXOHSENGOVCOMBO-26NOV-REPREP;KXOHSENGOVCOMBO-26NOV-DEMREP;KXOHSENGOVCOMBO-26NOV-REPDEM,no;no;no;no,0.4600;0.7500;0.8700;0.9300,244;105;225;15,0,0.0,3.01,3,0.06,0.004,-0.01,-0.074,-0.074,3.01,False,NO_POSITIVE_MARGINAL_EDGE,event_legs=4;fits_budget=True;gross_top_prefilter=-0.01;k=4;min_bundle_outlay=3.074
2026-10-07T23:27:28+00:00,buy_all_no,GOVPARTYCO-26,GOVPARTYCO-26,2,GOVPARTYCO-26-D;GOVPARTYCO-26-R,no;no,0.0390;0.9690,292.67;449.33,0,0.0,1.008,1,0.02,0.002,-0.008,-0.03,-0.03,1.008,False,NO_POSITIVE_MARGINAL_EDGE,event_legs=2;fits_budget=True;gross_top_prefilter=-0.008;k=2;min_bundle_outlay=1.03
2026-10-07T23:27:28+00:00,buy_all_no,KXPRESPARTY-2028,KXPRESPARTY-2028,2,KXPRESPARTY-2028-D;KXPRESPARTY-2028-R,no;no,0.4200;0.5900,1546.8;413.92,0,0.0,1.01,1,0.04,0.002,-0.01,-0.052,-0.052,1.01,False,NO_POSITIVE_MARGINAL_EDGE,event_legs=2;fits_budget=True;gross_top_prefilter=-0.01;k=2;min_bundle_outlay=1.052
2026-10-07T23:27:28+00:00,buy_all_no,KXRHOUSESEATS-27,KXRHOUSESEATS-27,9,KXRHOUSESEATS-27-193;KXRHOUSESEATS-27-200;KXRHOUSESEATS-27-205;KXRHOUSESEATS-27-195;KXRHOUSESEATS-27-210;KXRHOUSESEATS-27-215;KXRHOUSESEATS-27-220;KXRHOUSESEATS-27-225;KXRHOUSESEATS-27-230,no;no;no;no;no;no;no;no;no,0.6900;0.8300;0.8500;0.8600;0.9140;0.9460;0.9550;0.9770;0.9840,742.35;144.65;554.48;1388.33;143;4;18.45;20.99;250,0,0.0,8.006,8,0.1,0.009,-0.006,-0.115,-0.115,8.006,False,NO_POSITIVE_MARGINAL_EDGE,event_legs=11;fits_budget=True;gross_top_prefilter=-0.006;k=9;min_bundle_outlay=8.115
2026-10-07T23:27:28+00:00,buy_all_no,KXMNSENGOVCOMBO-26NOV,KXMNSENGOVCOMBO-26NOV,3,KXMNSENGOVCOMBO-26NOV-DEMDEM;KXMNSENGOVCOMBO-26NOV-DEMREP;KXMNSENGOVCOMBO-26NOV-REPDEM,no;no;no,0.1300;0.9100;0.9700,1987.45;150;60,0,0.0,2.01,2,0.03,0.003,-0.01,-0.043,-0.043,2.01,False,NO_POSITIVE_MARGINAL_EDGE,event_legs=4;fits_budget=True;gross_top_prefilter=-0.01;k=3;min_bundle_outlay=2.043
2026-10-07T23:27:28+00:00,buy_all_no,CONTROLS-2026,CONTROLS-2026,2,CONTROLS-2026-D;CONTROLS-2026-R,no;no,0.3800;0.6300,19150.7;3816.02,0,0.0,1.01,1,0.04,0.002,-0.01,-0.052,-0.052,1.01,False,NO_POSITIVE_MARGINAL_EDGE,event_legs=2;fits_budget=True;gross_top_prefilter=-0.01;k=2;min_bundle_outlay=1.052
2026-10-07T23:27:28+00:00,buy_all_no,KXTXSENOUTCOME-27JAN,KXTXSENOUTCOME-27JAN,2,KXTXSENOUTCOME-27JAN-TALPAX;KXTXSENOUTCOME-27JAN-PAXTAL,no;no,0.3600;0.6500,1;11,0,0.0,1.01,1,0.04,0.002,-0.01,-0.052,-0.052,1.01,False,NO_POSITIVE_MARGINAL_EDGE,event_legs=2;fits_budget=True;gross_top_prefilter=-0.01;k=2;min_bundle_outlay=1.052
2026-10-07T23:27:28+00:00,buy_all_no,KXOSCARACTO-27,KXOSCARACTO-27,6,KXOSCARACTO-27-JOH;KXOSCARACTO-27-MATT;KXOSCARACTO-27-AND;KXOSCARACTO-27-TOM;KXOSCARACTO-27-ROB;KXOSCARACTO-27-TIM,no;no;no;no;no;no,0.6000;0.7700;0.8300;0.8700;0.9700;0.9700,14.24;297.7;4.72;213.74;221.24;1.38,0,0.0,5.01,5,0.08,0.006,-0.01,-0.096,-0.096,5.01,False,NO_POSITIVE_MARGINAL_EDGE,event_legs=25;fits_budget=True;gross_top_prefilter=-0.01;k=6;min_bundle_outlay=5.096
2026-10-07T23:27:28+00:00,buy_all_no,KXSECSTATEOH-26,KXSECSTATEOH-26,2,KXSECSTATEOH-26-R;KXSECSTATEOH-26-D,no;no,0.4000;0.6100,3;196.87,0,0.0,1.01,1,0.04,0.002,-0.01,-0.052,-0.052,1.01,False,NO_POSITIVE_MARGINAL_EDGE,event_legs=2;fits_budget=True;gross_top_prefilter=-0.01;k=2;min_bundle_outlay=1.052
2026-10-07T23:27:28+00:00,buy_all_no,CONTROLH-2026,CONTROLH-2026,2,CONTROLH-2026-D;CONTROLH-2026-R,no;no,0.1100;0.9000,276446;146958,0,0.0,1.01,1,0.02,0.002,-0.01,-0.032,-0.032,1.01,False,NO_POSITIVE_MARGINAL_EDGE,event_legs=2;fits_budget=True;gross_top_prefilter=-0.01;k=2;min_bundle_outlay=1.032
2026-10-07T23:27:28+00:00,buy_all_no,GOVPARTYKS-27,GOVPARTYKS-27,2,GOVPARTYKS-27-R;GOVPARTYKS-27-D,no;no,0.2600;0.7500,474.6;50285.7,0,0.0,1.01,1,0.04,0.002,-0.01,-0.052,-0.052,1.01,False,NO_POSITIVE_MARGINAL_EDGE,event_legs=2;fits_budget=True;gross_top_prefilter=-0.01;k=2;min_bundle_outlay=1.052
2026-10-07T23:27:28+00:00,buy_all_no,GOVPARTYIL-26,GOVPARTYIL-26,2,GOVPARTYIL-26-D;GOVPARTYIL-26-R,no;no,0.0330;0.9770,30;3,0,0.0,1.01,1,0.02,0.002,-0.01,-0.032,-0.032,1.01,False,NO_POSITIVE_MARGINAL_EDGE,event_legs=2;fits_budget=True;gross_top_prefilter=-0.01;k=2;min_bundle_outlay=1.032
2026-10-07T23:27:28+00:00,buy_all_no,KXHIGHMIA-26OCT08,KXHIGHMIA-26OCT08,4,KXHIGHMIA-26OCT08-B89.5;KXHIGHMIA-26OCT08-B91.5;KXHIGHMIA-26OCT08-B87.5;KXHIGHMIA-26OCT08-B85.5,no;no;no;no,0.4700;0.6600;0.9000;0.9800,48.74;126;84;39.01,0,0.0,3.01,3,0.06,0.004,-0.01,-0.074,-0.074,3.01,False,NO_POSITIVE_MARGINAL_EDGE,event_legs=6;fits_budget=True;gross_top_prefilter=-0.01;k=4;min_bundle_outlay=3.074
2026-10-07T23:27:28+00:00,buy_all_no,GOVPARTYWI-26,GOVPARTYWI-26,2,GOVPARTYWI-26-D;GOVPARTYWI-26-R,no;no,0.2100;0.8000,60302.4;1530.42,0,0.0,1.01,1,0.04,0.002,-0.01,-0.052,-0.052,1.01,False,NO_POSITIVE_MARGINAL_EDGE,event_legs=2;fits_budget=True;gross_top_prefilter=-0.01;k=2;min_bundle_outlay=1.052
2026-10-07T23:27:28+00:00,buy_all_no,KXSPAINPARLI-27,KXSPAINPARLI-27,2,KXSPAINPARLI-27-PP;KXSPAINPARLI-27-PSOE,no;no,0.1400;0.8700,17;375,0,0.0,1.01,1,0.02,0.002,-0.01,-0.032,-0.032,1.01,False,NO_POSITIVE_MARGINAL_EDGE,event_legs=4;fits_budget=True;gross_top_prefilter=-0.01;k=2;min_bundle_outlay=1.032
2026-10-07T23:27:28+00:00,buy_all_no,KXHOUSERACE-TN05-26,KXHOUSERACE-TN05-26,2,KXHOUSERACE-TN05-26-R;KXHOUSERACE-TN05-26-D,no;no,0.0860;0.9220,292;78.47,0,0.0,1.008,1,0.02,0.002,-0.008,-0.03,-0.03,1.008,False,NO_POSITIVE_MARGINAL_EDGE,event_legs=2;fits_budget=True;gross_top_prefilter=-0.008;k=2;min_bundle_outlay=1.03
2026-10-07T23:27:28+00:00,buy_all_no,KXNFLAFCNORTH-27,KXNFLAFCNORTH-27,4,KXNFLAFCNORTH-27-BAL;KXNFLAFCNORTH-27-CIN;KXNFLAFCNORTH-27-CLE;KXNFLAFCNORTH-27-PIT,no;no;no;no,0.4300;0.7400;0.9100;0.9300,200380;549.29;178.7;28,0,0.0,3.01,3,0.06,0.004,-0.01,-0.074,-0.074,3.01,False,NO_POSITIVE_MARGINAL_EDGE,event_legs=4;fits_budget=True;gross_top_prefilter=-0.01;k=4;min_bundle_outlay=3.074
2026-10-07T23:27:28+00:00,buy_all_no,KXNFLDROTY-27,KXNFLDROTY-27,9,KXNFLDROTY-27-JROD;KXNFLDROTY-27-AREE;KXNFLDROTY-27-SSTY;KXNFLDROTY-27-MDEL;KXNFLDROTY-27-DBAI;KXNFLDROTY-27-CDOW;KXNFLDROTY-27-DTHI;KXNFLDROTY-27-AHILL53;KXNFLDROTY-27-GJACAS50,no;no;no;no;no;no;no;no;no,0.6600;0.7000;0.9000;0.9300;0.9400;0.9600;0.9600;0.9800;0.9800,257;1156;878.88;1914.89;1331.85;7820.7;1683.23;8499.54;4518.22,0,0.0,8.01,8,0.11,0.009,-0.01,-0.129,-0.129,8.01,False,NO_POSITIVE_MARGINAL_EDGE,event_legs=29;fits_budget=True;gross_top_prefilter=-0.01;k=9;min_bundle_outlay=8.129
2026-10-07T23:27:28+00:00,buy_all_no,GOVPARTYIA-26,GOVPARTYIA-26,2,GOVPARTYIA-26-D;GOVPARTYIA-26-R,no;no,0.1200;0.8900,18081.6;189.22,0,0.0,1.01,1,0.02,0.002,-0.01,-0.032,-0.032,1.01,False,NO_POSITIVE_MARGINAL_EDGE,event_legs=2;fits_budget=True;gross_top_prefilter=-0.01;k=2;min_bundle_outlay=1.032
2026-10-07T23:27:28+00:00,buy_all_no,GOVPARTYVT-26,GOVPARTYVT-26,2,GOVPARTYVT-26-R;GOVPARTYVT-26-D,no;no,0.2800;0.7300,600.19;50201,0,0.0,1.01,1,0.04,0.002,-0.01,-0.052,-0.052,1.01,False,NO_POSITIVE_MARGINAL_EDGE,event_legs=2;fits_budget=True;gross_top_prefilter=-0.01;k=2;min_bundle_outlay=1.052
2026-10-07T23:27:28+00:00,buy_all_no,KXNFLNFCNORTH-27,KXNFLNFCNORTH-27,4,KXNFLNFCNORTH-27-MIN;KXNFLNFCNORTH-27-CHI;KXNFLNFCNORTH-27-DET;KXNFLNFCNORTH-27-GB,no;no;no;no,0.6300;0.7200;0.7400;0.9200,4242.98;208217;42.61;6957.45,0,0.0,3.01,3,0.07,0.004,-0.01,-0.084,-0.084,3.01,False,NO_POSITIVE_MARGINAL_EDGE,event_legs=4;fits_budget=True;gross_top_prefilter=-0.01;k=4;min_bundle_outlay=3.084
2026-10-07T23:27:28+00:00,buy_all_no,KXHOUSERACE-VA05-26,KXHOUSERACE-VA05-26,2,KXHOUSERACE-VA05-26-R;KXHOUSERACE-VA05-26-D,no;no,0.2300;0.7800,28;3746.24,0,0.0,1.01,1,0.04,0.002,-0.01,-0.052,-0.052,1.01,False,NO_POSITIVE_MARGINAL_EDGE,event_legs=2;fits_budget=True;gross_top_prefilter=-0.01;k=2;min_bundle_outlay=1.052
2026-10-07T23:43:57+00:00,buy_all_no,KXNCAAFSEED-27S1,KXNCAAFSEED-27S1,8,KXNCAAFSEED-27S1-ND;KXNCAAFSEED-27S1-TEX;KXNCAAFSEED-27S1-ALA;KXNCAAFSEED-27S1-MIA;KXNCAAFSEED-27S1-UGA;KXNCAAFSEED-27S1-OSU;KXNCAAFSEED-27S1-IND;KXNCAAFSEED-27S1-LSU,no;no;no;no;no;no;no;no,0.7900;0.8000;0.8000;0.8500;0.8700;0.9300;0.9500;0.9700,40.07;30;9;3.39;3;0.01;5;26.5,0,0.0,6.96,7,0.11,0.008,0.04,-0.078,-0.078,6.96,False,NO_POSITIVE_MARGINAL_EDGE,event_legs=50;fits_budget=True;gross_top_prefilter=0.03;k=8;min_bundle_outlay=7.078
2026-10-07T23:43:57+00:00,buy_all_no,SENATEKS-28,SENATEKS-28,2,SENATEKS-28-R;SENATEKS-28-D,no;no,0.2900;0.6900,8.6;5,0,0.0,0.98,1,0.04,0.002,0.02,-0.022,-0.022,0.98,False,NO_POSITIVE_MARGINAL_EDGE,event_legs=2;fits_budget=True;gross_top_prefilter=0.02;k=2;min_bundle_outlay=1.022
2026-10-07T23:43:57+00:00,buy_all_no,KXSPAINMOV-26NOV29,KXSPAINMOV-26NOV29,7,KXSPAINMOV-26NOV29-PP-P4;KXSPAINMOV-26NOV29-PP-P7;KXSPAINMOV-26NOV29-PP-P1;KXSPAINMOV-26NOV29-PP-P10;KXSPAINMOV-26NOV29-PSOE-P1;KXSPAINMOV-26NOV29-PP-P12;KXSPAINMOV-26NOV29-PSOE-P3,no;no;no;no;no;no;no,0.7100;0.7300;0.8200;0.8900;0.9100;0.9400;0.9600,261.05;927;121.93;0.76;3579.1;4171.2;6771,0,0.0,5.96,6,0.1,0.007,0.04,-0.067,-0.067,5.96,False,NO_POSITIVE_MARGINAL_EDGE,event_legs=7;fits_budget=True;gross_top_prefilter=0.04;k=7;min_bundle_outlay=6.067
2026-10-07T23:43:57+00:00,buy_all_no,KXHOUSEPOPVOTEMARGIN-27NOV03,KXHOUSEPOPVOTEMARGIN-27NOV03,10,KXHOUSEPOPVOTEMARGIN-27NOV03-B9;KXHOUSEPOPVOTEMARGIN-27NOV03-B11;KXHOUSEPOPVOTEMARGIN-27NOV03-B7;KXHOUSEPOPVOTEMARGIN-27NOV03-B5;KXHOUSEPOPVOTEMARGIN-27NOV03-B13;KXHOUSEPOPVOTEMARGIN-27NOV03-B50;KXHOUSEPOPVOTEMARGIN-27NOV03-B3;KXHOUSEPOPVOTEMARGIN-27NOV03-B1;KXHOUSEPOPVOTEMARGIN-27NOV03-B15;KXHOUSEPOPVOTEMARGIN-27NOV03-B58,no;no;no;no;no;no;no;no;no;no,0.7200;0.7700;0.8200;0.9070;0.9150;0.9490;0.9500;0.9700;0.9770;0.9800,2250.67;1539.81;1597.24;1730.31;129.44;66.25;2080.13;8.57;186.81;31.36,0,0.0,8.958,9,0.13,0.01,0.042,-0.098,-0.098,8.958,False,NO_POSITIVE_MARGINAL_EDGE,event_legs=10;fits_budget=True;gross_top_prefilter=0.042;k=10;min_bundle_outlay=9.098
2026-10-07T23:43:57+00:00,buy_all_no,KXBRPRES2MOV-26OCT25,KXBRPRES2MOV-26OCT25,5,KXBRPRES2MOV-26OCT25-FBOL-P4;KXBRPRES2MOV-26OCT25-FBOL-P1;KXBRPRES2MOV-26OCT25-LSIL-P1;KXBRPRES2MOV-26OCT25-FBOL-P7;KXBRPRES2MOV-26OCT25-FBOL-P9,no;no;no;no;no,0.5500;0.7100;0.8700;0.9000;0.9500,90;392.12;1970.05;1620.16;4971.03,0,0.0,3.98,4,0.07,0.005,0.02,-0.055,-0.055,3.98,False,NO_POSITIVE_MARGINAL_EDGE,event_legs=8;fits_budget=True;gross_top_prefilter=0.02;k=5;min_bundle_outlay=4.055
2026-10-07T23:43:57+00:00,buy_all_no,KXNWSL-26,KXNWSL-26,8,KXNWSL-26-GOT;KXNWSL-26-WSP;KXNWSL-26-KC;KXNWSL-26-SAN;KXNWSL-26-ANG;KXNWSL-26-URO;KXNWSL-26-DEN;KXNWSL-26-NCC,no;no;no;no;no;no;no;no,0.7500;0.7700;0.7700;0.8300;0.9000;0.9800;0.9800;0.9800,368.09;217.14;77.73;162.07;110.95;839.73;381.57;344.23,0,0.0,6.96,7,0.11,0.008,0.04,-0.078,-0.078,6.96,False,NO_POSITIVE_MARGINAL_EDGE,event_legs=16;fits_budget=True;gross_top_prefilter=0.04;k=8;min_bundle_outlay=7.078
2026-10-07T23:43:57+00:00,buy_all_no,KXCBDECISIONCANADA-26DEC,KXCBDECISIONCANADA-26DEC,2,KXCBDECISIONCANADA-26DEC-H25;KXCBDECISIONCANADA-26DEC-H0,no;no,0.4400;0.5400,3.93;51,0,0.0,0.98,1,0.04,0.002,0.02,-0.022,-0.022,0.98,False,NO_POSITIVE_MARGINAL_EDGE,event_legs=5;fits_budget=True;gross_top_prefilter=0.02;k=2;min_bundle_outlay=1.022
2026-10-07T23:43:57+00:00,buy_all_no,KXF1POLE-SIN26,KXF1POLE-SIN26,8,KXF1POLE-SIN26-VER;KXF1POLE-SIN26-ANT;KXF1POLE-SIN26-HAM;KXF1POLE-SIN26-LEC;KXF1POLE-SIN26-RUS;KXF1POLE-SIN26-NOR;KXF1POLE-SIN26-PIA;KXF1POLE-SIN26-HAD,no;no;no;no;no;no;no;no,0.6900;0.7900;0.8600;0.8800;0.9100;0.9200;0.9600;0.9600,106;7.31;105;100;10;6;5;108,0,0.0,6.97,7,0.1,0.008,0.03,-0.078,-0.078,6.97,False,NO_POSITIVE_MARGINAL_EDGE,event_legs=22;fits_budget=True;gross_top_prefilter=0.03;k=8;min_bundle_outlay=7.078
2026-10-07T23:43:57+00:00,buy_all_no,KXCRITICSEDIT-27,KXCRITICSEDIT-27,16,KXCRITICSEDIT-27-ODY;KXCRITICSEDIT-27-DUN;KXCRITICSEDIT-27-LAB;KXCRITICSEDIT-27-PRO;KXCRITICSEDIT-27-INV;KXCRITICSEDIT-27-WIL;KXCRITICSEDIT-27-ELS;KXCRITICSEDIT-27-DIG;KXCRITICSEDIT-27-IPL;KXCRITICSEDIT-27-DEB;KXCRITICSEDIT-27-FJO;KXCRITICSEDIT-27-YOU;KXCRITICSEDIT-27-CLU;KXCRITICSEDIT-27-INK;KXCRITICSEDIT-27-SOC;KXCRITICSEDIT-27-TIE,no;no;no;no;no;no;no;no;no;no;no;no;no;no;no;no,0.4800;0.8600;0.9000;0.9600;0.9700;0.9800;0.9800;0.9800;0.9800;0.9800;0.9800;0.9800;0.9800;0.9800;0.9800;0.9800,83;3282.28;1366.3;4649;3185.01;8712;3935;3810;3935;5459;3810;7459;3935;6082;3935;3935,0,0.0,14.95,15,0.17,0.016,0.05,-0.136,-0.136,14.95,False,NO_POSITIVE_MARGINAL_EDGE,event_legs=16;fits_budget=False;gross_top_prefilter=0.05;k=16;min_bundle_outlay=15.136
2026-10-07T23:43:57+00:00,buy_all_no,KXCRITICSPROD-27,KXCRITICSPROD-27,16,KXCRITICSPROD-27-ODY;KXCRITICSPROD-27-DUN;KXCRITICSPROD-27-LAB;KXCRITICSPROD-27-WER;KXCRITICSPROD-27-FUR;KXCRITICSPROD-27-PRO;KXCRITICSPROD-27-WUT;KXCRITICSPROD-27-BAC;KXCRITICSPROD-27-SEN;KXCRITICSPROD-27-WIL;KXCRITICSPROD-27-FAT;KXCRITICSPROD-27-WILD;KXCRITICSPROD-27-INK;KXCRITICSPROD-27-DEV;KXCRITICSPROD-27-DIG;KXCRITICSPROD-27-TIE,no;no;no;no;no;no;no;no;no;no;no;no;no;no;no;no,0.5400;0.8500;0.9500;0.9500;0.9500;0.9600;0.9700;0.9700;0.9800;0.9800;0.9800;0.9800;0.9800;0.9800;0.9800;0.9800,2100;2266;4180;4180;6196;6816;10102;1600;6000;6000;6250;7584;6250;7000;7000;5625,0,0.0,14.98,15,0.17,0.016,0.02,-0.166,-0.166,14.98,False,NO_POSITIVE_MARGINAL_EDGE,event_legs=16;fits_budget=False;gross_top_prefilter=0.02;k=16;min_bundle_outlay=15.166
2026-10-07T23:43:57+00:00,buy_all_no,KXKSSENGOVCOMBO-26NOV,KXKSSENGOVCOMBO-26NOV,4,KXKSSENGOVCOMBO-26NOV-REPREP;KXKSSENGOVCOMBO-26NOV-REPDEM;KXKSSENGOVCOMBO-26NOV-DEMDEM;KXKSSENGOVCOMBO-26NOV-DEMREP,no;no;no;no,0.4300;0.7900;0.8100;0.9600,1;294;17;40,0,0.0,2.99,3,0.07,0.004,0.01,-0.064,-0.064,2.99,False,NO_POSITIVE_MARGINAL_EDGE,event_legs=4;fits_budget=True;gross_top_prefilter=0.01;k=4;min_bundle_outlay=3.064
2026-10-07T23:43:57+00:00,buy_all_no,KXDWTSRANK-326DEC31,KXDWTSRANK-326DEC31,8,KXDWTSRANK-326DEC31-AGLE;KXDWTSRANK-326DEC31-HSHU;KXDWTSRANK-326DEC31-MHIG;KXDWTSRANK-326DEC31-EFRE;KXDWTSRANK-326DEC31-GROD;KXDWTSRANK-326DEC31-JDEW;KXDWTSRANK-326DEC31-CWOO;KXDWTSRANK-326DEC31-JSTIL,no;no;no;no;no;no;no;no,0.7500;0.7500;0.7500;0.8900;0.9500;0.9600;0.9600;0.9700,2;9;1907;2162.4;2731.27;2400;3000;4200,0,0.0,6.98,7,0.11,0.008,0.02,-0.098,-0.098,6.98,False,NO_POSITIVE_MARGINAL_EDGE,event_legs=16;fits_budget=True;gross_top_prefilter=0.02;k=8;min_bundle_outlay=7.098
2026-10-07T23:43:57+00:00,buy_all_no,KXCRITICSHAIR-27,KXCRITICSHAIR-27,15,KXCRITICSHAIR-27-WER;KXCRITICSHAIR-27-DIG;KXCRITICSHAIR-27-ODY;KXCRITICSHAIR-27-DUN;KXCRITICSHAIR-27-CLA;KXCRITICSHAIR-27-BRI;KXCRITICSHAIR-27-EBE;KXCRITICSHAIR-27-WIC;KXCRITICSHAIR-27-MIC;KXCRITICSHAIR-27-LAB;KXCRITICSHAIR-27-IPL;KXCRITICSHAIR-27-FUR;KXCRITICSHAIR-27-ELS;KXCRITICSHAIR-27-ROS;KXCRITICSHAIR-27-ISG,no;no;no;no;no;no;no;no;no;no;no;no;no;no;no,0.7100;0.8200;0.8800;0.9000;0.9500;0.9500;0.9600;0.9600;0.9700;0.9800;0.9800;0.9800;0.9800;0.9800;0.9800,36;2396.3;2260;4895.75;6166.79;6167.57;4697;6697;7530;4599;3314;3821;5865;3537;3821,0,0.0,13.98,14,0.17,0.015,0.02,-0.165,-0.165,13.98,False,NO_POSITIVE_MARGINAL_EDGE,event_legs=16;fits_budget=False;gross_top_prefilter=0.02;k=15;min_bundle_outlay=14.165
2026-10-07T23:43:57+00:00,buy_all_no,KXTRUTHSOCIAL-26OCT10,KXTRUTHSOCIAL-26OCT10,8,KXTRUTHSOCIAL-26OCT10-B149;KXTRUTHSOCIAL-26OCT10-B169;KXTRUTHSOCIAL-26OCT10-B129;KXTRUTHSOCIAL-26OCT10-B109;KXTRUTHSOCIAL-26OCT10-B189;KXTRUTHSOCIAL-26OCT10-B209;KXTRUTHSOCIAL-26OCT10-B230;KXTRUTHSOCIAL-26OCT10-T240,no;no;no;no;no;no;no;no,0.7700;0.7900;0.8200;0.8800;0.8800;0.9300;0.9400;0.9700,31.01;2485;3513.39;322.3;1447.4;2173;2020.2;3313.23,0,0.0,6.98,7,0.11,0.008,0.02,-0.098,-0.098,6.98,False,NO_POSITIVE_MARGINAL_EDGE,event_legs=10;fits_budget=True;gross_top_prefilter=0.02;k=8;min_bundle_outlay=7.098
2026-10-07T23:43:57+00:00,buy_all_no,KXARGENTINAPRES1R-27OCT24,KXARGENTINAPRES1R-27OCT24,9,KXARGENTINAPRES1R-27OCT24-JMIL;KXARGENTINAPRES1R-27OCT24-AKIC;KXARGENTINAPRES1R-27OCT24-SMAS;KXARGENTINAPRES1R-27OCT24-MBRE;KXARGENTINAPRES1R-27OCT24-JSCH;KXARGENTINAPRES1R-27OCT24-JGRA;KXARGENTINAPRES1R-27OCT24-PBUL;KXARGENTINAPRES1R-27OCT24-MMAC;KXARGENTINAPRES1R-27OCT24-VVIL,no;no;no;no;no;no;no;no;no,0.6200;0.7500;0.9300;0.9400;0.9400;0.9400;0.9500;0.9500;0.9600,4600;6076.2;11387;11331;11633.4;15421.5;13358.4;13358.4;14194.6,0,0.0,7.98,8,0.11,0.009,0.02,-0.099,-0.099,7.98,False,NO_POSITIVE_MARGINAL_EDGE,event_legs=9;fits_budget=True;gross_top_prefilter=0.02;k=9;min_bundle_outlay=8.099
2026-10-07T23:43:57+00:00,buy_all_no,KXTAIPEIMAYOR-26NOV28,KXTAIPEIMAYOR-26NOV28,2,KXTAIPEIMAYOR-26NOV28-CWAN;KXTAIPEIMAYOR-26NOV28-SPY,no;no,0.2600;0.7300,44.12;25,0,0.0,0.99,1,0.04,0.002,0.01,-0.032,-0.032,0.99,False,NO_POSITIVE_MARGINAL_EDGE,event_legs=6;fits_budget=True;gross_top_prefilter=0.01;k=2;min_bundle_outlay=1.032
2026-10-07T23:43:57+00:00,buy_all_no,KXCA11PERSON-26,KXCA11PERSON-26,2,KXCA11PERSON-26-SWIE;KXCA11PERSON-26-CCHA,no;no,0.2000;0.7900,14.58;5,0,0.0,0.99,1,0.04,0.002,0.01,-0.032,-0.032,0.99,False,NO_POSITIVE_MARGINAL_EDGE,event_legs=2;fits_budget=True;gross_top_prefilter=0.01;k=2;min_bundle_outlay=1.032
2026-10-07T23:43:57+00:00,buy_all_no,KXLIGAMXGAME-26OCT09TIGTOL,KXLIGAMXGAME-26OCT09TIGTOL,3,KXLIGAMXGAME-26OCT09TIGTOL-TOL;KXLIGAMXGAME-26OCT09TIGTOL-TIG;KXLIGAMXGAME-26OCT09TIGTOL-TIE,no;no;no,0.5700;0.6800;0.7400,800.12;9.07;1042.16,0,0.0,1.99,2,0.06,0.003,0.01,-0.053,-0.053,1.99,False,NO_POSITIVE_MARGINAL_EDGE,event_legs=3;fits_budget=True;gross_top_prefilter=0.01;k=3;min_bundle_outlay=2.053
2026-10-07T23:43:57+00:00,buy_all_no,KXMLBSERIESSCORE-26CWSCLEALDS,KXMLBSERIESSCORE-26CWSCLEALDS,3,KXMLBSERIESSCORE-26CWSCLEALDS-CWS31;KXMLBSERIESSCORE-26CWSCLEALDS-CLE32;KXMLBSERIESSCORE-26CWSCLEALDS-CWS32,no;no;no,0.4700;0.6900;0.8300,63.07;69.72;400,0,0.0,1.99,2,0.05,0.003,0.01,-0.043,-0.043,1.99,False,NO_POSITIVE_MARGINAL_EDGE,event_legs=6;fits_budget=True;gross_top_prefilter=0.01;k=3;min_bundle_outlay=2.043
2026-10-07T23:43:57+00:00,buy_all_no,KXESGOV-26OCT25,KXESGOV-26OCT25,2,KXESGOV-26OCT25-LPAZ;KXESGOV-26OCT25-RFER,no;no,0.1300;0.8600,3352.35;1537.85,0,0.0,0.99,1,0.02,0.002,0.01,-0.012,-0.012,0.99,False,NO_POSITIVE_MARGINAL_EDGE,event_legs=2;fits_budget=True;gross_top_prefilter=0.01;k=2;min_bundle_outlay=1.012
2026-10-07T23:43:57+00:00,buy_all_no,KXODIMATCH-26OCT082330AUS-AINA,KXODIMATCH-26OCT082330AUS-AINA,2,KXODIMATCH-26OCT082330AUS-AINA-INA;KXODIMATCH-26OCT082330AUS-AINA-AUS-A,no;no,0.3700;0.6200,93.05;48,0,0.0,0.99,1,0.04,0.002,0.01,-0.032,-0.032,0.99,False,NO_POSITIVE_MARGINAL_EDGE,event_legs=2;fits_budget=True;gross_top_prefilter=0.01;k=2;min_bundle_outlay=1.032
2026-10-07T23:43:57+00:00,buy_all_no,KXSPAIN3RD-26NOV29-3,KXSPAIN3RD-26NOV29-3,3,KXSPAIN3RD-26NOV29-3-VOX;KXSPAIN3RD-26NOV29-3-PSOE;KXSPAIN3RD-26NOV29-3-PP,no;no;no,0.0800;0.9500;0.9600,7658.08;21233.7;24845,0,0.0,1.99,2,0.03,0.003,0.01,-0.023,-0.023,1.99,False,NO_POSITIVE_MARGINAL_EDGE,event_legs=3;fits_budget=True;gross_top_prefilter=0.01;k=3;min_bundle_outlay=2.023
2026-10-07T23:43:57+00:00,buy_all_no,KXDSENATESEATS-27,KXDSENATESEATS-27,9,KXDSENATESEATS-27-ABOVE52;KXDSENATESEATS-27-52;KXDSENATESEATS-27-51;KXDSENATESEATS-27-50;KXDSENATESEATS-27-49;KXDSENATESEATS-27-48;KXDSENATESEATS-27-47;KXDSENATESEATS-27-BELOW45;KXDSENATESEATS-27-46,no;no;no;no;no;no;no;no;no,0.6300;0.8100;0.8600;0.8800;0.9240;0.9390;0.9710;0.9840;0.9840,9679.39;28;5200.11;424;513.14;13.58;99.78;16.83;259.46,0,0.0,7.982,8,0.11,0.009,0.018,-0.101,-0.101,7.982,False,NO_POSITIVE_MARGINAL_EDGE,event_legs=10;fits_budget=True;gross_top_prefilter=0.018;k=9;min_bundle_outlay=8.101
2026-10-07T23:43:57+00:00,buy_all_no,KXHIGHDEN-26OCT08,KXHIGHDEN-26OCT08,4,KXHIGHDEN-26OCT08-B85.5;KXHIGHDEN-26OCT08-B83.5;KXHIGHDEN-26OCT08-B87.5;KXHIGHDEN-26OCT08-B81.5,no;no;no;no,0.4400;0.6500;0.9200;0.9800,45.01;14;1.99;72.98,0,0.0,2.99,3,0.06,0.004,0.01,-0.054,-0.054,2.99,False,NO_POSITIVE_MARGINAL_EDGE,event_legs=6;fits_budget=True;gross_top_prefilter=0.01;k=4;min_bundle_outlay=3.054
2026-10-07T23:43:57+00:00,buy_all_no,KXTRUMPAPPROVE-26OCT08,KXTRUMPAPPROVE-26OCT08,9,KXTRUMPAPPROVE-26OCT08-E38.4;KXTRUMPAPPROVE-26OCT08-E38.5;KXTRUMPAPPROVE-26OCT08-E38.3;KXTRUMPAPPROVE-26OCT08-E38.6;KXTRUMPAPPROVE-26OCT08-U38.2;KXTRUMPAPPROVE-26OCT08-E38.2;KXTRUMPAPPROVE-26OCT08-E38.8;KXTRUMPAPPROVE-26OCT08-A38.8;KXTRUMPAPPROVE-26OCT08-E38.7,no;no;no;no;no;no;no;no;no,0.6800;0.7200;0.8300;0.9300;0.9400;0.9600;0.9700;0.9700;0.9800,1020.45;3551.28;2994.05;4578.5;5271.05;11620.4;17916;23485.3;40897,0,0.0,7.98,8,0.11,0.009,0.02,-0.099,-0.099,7.98,False,NO_POSITIVE_MARGINAL_EDGE,event_legs=9;fits_budget=True;gross_top_prefilter=0.02;k=9;min_bundle_outlay=8.099
2026-10-07T23:43:57+00:00,buy_all_no,GOVPARTYNE-26,GOVPARTYNE-26,2,GOVPARTYNE-26-R;GOVPARTYNE-26-D,no;no,0.1000;0.8900,50;1646,0,0.0,0.99,1,0.02,0.002,0.01,-0.012,-0.012,0.99,False,NO_POSITIVE_MARGINAL_EDGE,event_legs=2;fits_budget=True;gross_top_prefilter=0.01;k=2;min_bundle_outlay=1.012
2026-10-07T23:43:57+00:00,buy_all_no,KXATTYGENNY-26,KXATTYGENNY-26,2,KXATTYGENNY-26-D;KXATTYGENNY-26-R,no;no,0.0360;0.9590,5745.68;5989.28,0,0.0,0.995,1,0.02,0.002,0.005,-0.017,-0.017,0.995,False,NO_POSITIVE_MARGINAL_EDGE,event_legs=2;fits_budget=True;gross_top_prefilter=0.005;k=2;min_bundle_outlay=1.017
2026-10-07T23:43:57+00:00,buy_all_no,SENATEMS-26,SENATEMS-26,2,SENATEMS-26-R;SENATEMS-26-D,no;no,0.0880;0.9100,15793.2;81.51,0,0.0,0.998,1,0.02,0.002,0.002,-0.02,-0.02,0.998,False,NO_POSITIVE_MARGINAL_EDGE,event_legs=2;fits_budget=True;gross_top_prefilter=0.002;k=2;min_bundle_outlay=1.02
2026-10-07T23:43:57+00:00,buy_all_no,KXNHLGAME-26OCT08UTABOS,KXNHLGAME-26OCT08UTABOS,2,KXNHLGAME-26OCT08UTABOS-UTA;KXNHLGAME-26OCT08UTABOS-BOS,no;no,0.4600;0.5300,20.99;80.3,0,0.0,0.99,1,0.04,0.002,0.01,-0.032,-0.032,0.99,False,NO_POSITIVE_MARGINAL_EDGE,event_legs=2;fits_budget=True;gross_top_prefilter=0.01;k=2;min_bundle_outlay=1.032
2026-10-07T23:43:57+00:00,buy_all_no,KXHIGHTPHX-26OCT08,KXHIGHTPHX-26OCT08,4,KXHIGHTPHX-26OCT08-B104.5;KXHIGHTPHX-26OCT08-B102.5;KXHIGHTPHX-26OCT08-B100.5;KXHIGHTPHX-26OCT08-B106.5,no;no;no;no,0.5200;0.5900;0.9100;0.9700,8;10.66;45;26,0,0.0,2.99,3,0.06,0.004,0.01,-0.054,-0.054,2.99,False,NO_POSITIVE_MARGINAL_EDGE,event_legs=6;fits_budget=True;gross_top_prefilter=0.01;k=4;min_bundle_outlay=3.054
2026-10-07T23:43:57+00:00,buy_all_no,SENATEAR-26,SENATEAR-26,2,SENATEAR-26-R;SENATEAR-26-D,no;no,0.0620;0.9350,6532.31;631.11,0,0.0,0.997,1,0.02,0.002,0.003,-0.019,-0.019,0.997,False,NO_POSITIVE_MARGINAL_EDGE,event_legs=2;fits_budget=True;gross_top_prefilter=0.003;k=2;min_bundle_outlay=1.019
2026-10-07T23:43:57+00:00,buy_all_no,KXRELOCATIONCHI-28,KXRELOCATIONCHI-28,3,KXRELOCATIONCHI-28-ILL;KXRELOCATIONCHI-28-IND;KXRELOCATIONCHI-28-REMAIN,no;no;no,0.3800;0.6600;0.9600,6.78;15.32;782.8,0,0.0,2.0,2,0.05,0.003,0.0,-0.053,-0.053,2.0,False,NO_POSITIVE_MARGINAL_EDGE,event_legs=4;fits_budget=True;gross_top_prefilter=0.0;k=3;min_bundle_outlay=2.053
2026-10-07T23:43:57+00:00,buy_all_no,GOVPARTYOK-26,GOVPARTYOK-26,2,GOVPARTYOK-26-R;GOVPARTYOK-26-D,no;no,0.0900;0.9090,25;10,0,0.0,0.999,1,0.02,0.002,0.001,-0.021,-0.021,0.999,False,NO_POSITIVE_MARGINAL_EDGE,event_legs=2;fits_budget=True;gross_top_prefilter=0.001;k=2;min_bundle_outlay=1.021
2026-10-07T23:43:57+00:00,buy_all_no,KXNBAATLANTIC-26,KXNBAATLANTIC-26,4,KXNBAATLANTIC-26-NYK;KXNBAATLANTIC-26-BOS;KXNBAATLANTIC-26-PHI;KXNBAATLANTIC-26-TOR,no;no;no;no,0.6700;0.7100;0.7200;0.8900,291.67;500.17;5.42;1000,0,0.0,2.99,3,0.07,0.004,0.01,-0.064,-0.064,2.99,False,NO_POSITIVE_MARGINAL_EDGE,event_legs=5;fits_budget=True;gross_top_prefilter=0.01;k=4;min_bundle_outlay=3.064
2026-10-07T23:43:57+00:00,buy_all_no,KXCAATTORNEYGENERAL-26,KXCAATTORNEYGENERAL-26,2,KXCAATTORNEYGENERAL-26-RBON;KXCAATTORNEYGENERAL-26-MGAT,no;no,0.0400;0.9600,16684;5978.03,0,0.0,1.0,1,0.02,0.002,0.0,-0.022,-0.022,1.0,False,NO_POSITIVE_MARGINAL_EDGE,event_legs=2;fits_budget=True;gross_top_prefilter=0.0;k=2;min_bundle_outlay=1.022
2026-10-07T23:43:57+00:00,buy_all_no,GOVPARTYNY-26,GOVPARTYNY-26,2,GOVPARTYNY-26-D;GOVPARTYNY-26-R,no;no,0.0490;0.9490,13031.5;21.36,0,0.0,0.998,1,0.02,0.002,0.002,-0.02,-0.02,0.998,False,NO_POSITIVE_MARGINAL_EDGE,event_legs=2;fits_budget=True;gross_top_prefilter=0.002;k=2;min_bundle_outlay=1.02
2026-10-07T23:43:57+00:00,buy_all_no,GOVPARTYKS-27,GOVPARTYKS-27,2,GOVPARTYKS-27-R;GOVPARTYKS-27-D,no;no,0.2500;0.7500,1.03;106.6,0,0.0,1.0,1,0.04,0.002,0.0,-0.042,-0.042,1.0,False,NO_POSITIVE_MARGINAL_EDGE,event_legs=2;fits_budget=True;gross_top_prefilter=0.0;k=2;min_bundle_outlay=1.042
2026-10-07T23:43:57+00:00,buy_all_no,GOVPARTYTX-26,GOVPARTYTX-26,2,GOVPARTYTX-26-R;GOVPARTYTX-26-D,no;no,0.2600;0.7400,1173.52;2713.75,0,0.0,1.0,1,0.04,0.002,0.0,-0.042,-0.042,1.0,False,NO_POSITIVE_MARGINAL_EDGE,event_legs=2;fits_budget=True;gross_top_prefilter=0.0;k=2;min_bundle_outlay=1.042
2026-10-07T23:43:57+00:00,buy_all_no,KXUEFANL-27,KXUEFANL-27,4,KXUEFANL-27-ESP;KXUEFANL-27-ENG;KXUEFANL-27-FRA;KXUEFANL-27-POR,no;no;no;no,0.6300;0.7000;0.7900;0.8800,63.92;33.36;23.97;33,0,0.0,3.0,3,0.07,0.004,0.0,-0.074,-0.074,3.0,False,NO_POSITIVE_MARGINAL_EDGE,event_legs=16;fits_budget=True;gross_top_prefilter=0.0;k=4;min_bundle_outlay=3.074
2026-10-07T23:43:57+00:00,buy_all_no,GOVPARTYFL-26,GOVPARTYFL-26,2,GOVPARTYFL-26-R;GOVPARTYFL-26-D,no;no,0.2300;0.7700,666.65;250149,0,0.0,1.0,1,0.04,0.002,0.0,-0.042,-0.042,1.0,False,NO_POSITIVE_MARGINAL_EDGE,event_legs=2;fits_budget=True;gross_top_prefilter=0.0;k=2;min_bundle_outlay=1.042
2026-10-07T23:43:57+00:00,buy_all_no,KXGOVCA-26,KXGOVCA-26,2,KXGOVCA-26-XBEC;KXGOVCA-26-SHIL,no;no,0.0370;0.9630,18903.7;501,0,0.0,1.0,1,0.02,0.002,0.0,-0.022,-0.022,1.0,False,NO_POSITIVE_MARGINAL_EDGE,event_legs=2;fits_budget=True;gross_top_prefilter=0.0;k=2;min_bundle_outlay=1.022
2026-10-07T23:43:57+00:00,buy_all_no,KXATTYGENMN-26,KXATTYGENMN-26,2,KXATTYGENMN-26-D;KXATTYGENMN-26-R,no;no,0.2500;0.7500,4948;4294.36,0,0.0,1.0,1,0.04,0.002,0.0,-0.042,-0.042,1.0,False,NO_POSITIVE_MARGINAL_EDGE,event_legs=2;fits_budget=True;gross_top_prefilter=0.0;k=2;min_bundle_outlay=1.042
2026-10-07T23:43:57+00:00,buy_all_no,SENATEFLS-26,SENATEFLS-26,2,SENATEFLS-26-R;SENATEFLS-26-D,no;no,0.0900;0.9080,8287.29;837.79,0,0.0,0.998,1,0.02,0.002,0.002,-0.02,-0.02,0.998,False,NO_POSITIVE_MARGINAL_EDGE,event_legs=2;fits_budget=True;gross_top_prefilter=0.002;k=2;min_bundle_outlay=1.02
2026-10-07T23:43:57+00:00,buy_all_no,KXHOUSERACE-TX23-26,KXHOUSERACE-TX23-26,2,KXHOUSERACE-TX23-26-R;KXHOUSERACE-TX23-26-D,no;no,0.3700;0.6300,149;330.48,0,0.0,1.0,1,0.04,0.002,0.0,-0.042,-0.042,1.0,False,NO_POSITIVE_MARGINAL_EDGE,event_legs=2;fits_budget=True;gross_top_prefilter=0.0;k=2;min_bundle_outlay=1.042
2026-10-07T23:43:57+00:00,buy_all_no,KXMLB-26,KXMLB-26,8,KXMLB-26-LAD;KXMLB-26-MIL;KXMLB-26-TB;KXMLB-26-CWS;KXMLB-26-SD;KXMLB-26-NYY;KXMLB-26-ATL;KXMLB-26-CLE,no;no;no;no;no;no;no;no,0.6320;0.7970;0.8200;0.9240;0.9500;0.9510;0.9580;0.9620,3.64;57.3;200;5910;200.09;699.27;140.84;2245.03,0,0.0,6.994,7,0.11,0.008,0.006,-0.112,-0.112,6.994,False,NO_POSITIVE_MARGINAL_EDGE,event_legs=30;fits_budget=True;gross_top_prefilter=0.005;k=8;min_bundle_outlay=7.112
2026-10-07T23:43:57+00:00,buy_all_no,SENATETX-26,SENATETX-26,2,SENATETX-26-D;SENATETX-26-R,no;no,0.3400;0.6600,293036;100,0,0.0,1.0,1,0.04,0.002,0.0,-0.042,-0.042,1.0,False,NO_POSITIVE_MARGINAL_EDGE,event_legs=2;fits_budget=True;gross_top_prefilter=0.0;k=2;min_bundle_outlay=1.042
2026-10-07T23:43:57+00:00,buy_all_no,KXHOUSERACE-OH07-26,KXHOUSERACE-OH07-26,2,KXHOUSERACE-OH07-26-D;KXHOUSERACE-OH07-26-R,no;no,0.1900;0.8100,95;642,0,0.0,1.0,1,0.04,0.002,0.0,-0.042,-0.042,1.0,False,NO_POSITIVE_MARGINAL_EDGE,event_legs=2;fits_budget=True;gross_top_prefilter=0.0;k=2;min_bundle_outlay=1.042
2026-10-07T23:43:57+00:00,buy_all_no,SENATEAK-26,SENATEAK-26,2,SENATEAK-26-D;SENATEAK-26-R,no;no,0.2400;0.7600,284123;7050.74,0,0.0,1.0,1,0.04,0.002,0.0,-0.042,-0.042,1.0,False,NO_POSITIVE_MARGINAL_EDGE,event_legs=2;fits_budget=True;gross_top_prefilter=0.0;k=2;min_bundle_outlay=1.042
2026-10-07T23:43:57+00:00,buy_all_no,KXCRITICSCOMEDY-27,KXCRITICSCOMEDY-27,14,KXCRITICSCOMEDY-27-WID;KXCRITICSCOMEDY-27-HAC;KXCRITICSCOMEDY-27-BEA;KXCRITICSCOMEDY-27-ABB;KXCRITICSCOMEDY-27-SHR;KXCRITICSCOMEDY-27-MAR;KXCRITICSCOMEDY-27-NOB;KXCRITICSCOMEDY-27-ROO;KXCRITICSCOMEDY-27-COM;KXCRITICSCOMEDY-27-FOU;KXCRITICSCOMEDY-27-JUR;KXCRITICSCOMEDY-27-GHO;KXCRITICSCOMEDY-27-SCR;KXCRITICSCOMEDY-27-TIE,no;no;no;no;no;no;no;no;no;no;no;no;no;no,0.3500;0.8900;0.9600;0.9800;0.9800;0.9800;0.9800;0.9800;0.9800;0.9800;0.9800;0.9800;0.9800;0.9800,50;4585.9;10241;6545;5867;6295;5614;8890;10184;6184;6184;6184;6184;7059,0,0.0,12.98,13,0.15,0.014,0.02,-0.144,-0.144,12.98,False,NO_POSITIVE_MARGINAL_EDGE,event_legs=16;fits_budget=False;gross_top_prefilter=0.02;k=14;min_bundle_outlay=13.144
2026-10-07T23:43:57+00:00,buy_all_no,GOVPARTYGA-26,GOVPARTYGA-26,2,GOVPARTYGA-26-R;GOVPARTYGA-26-D,no;no,0.4600;0.5400,84.68;24.42,0,0.0,1.0,1,0.04,0.002,0.0,-0.042,-0.042,1.0,False,NO_POSITIVE_MARGINAL_EDGE,event_legs=2;fits_budget=True;gross_top_prefilter=0.0;k=2;min_bundle_outlay=1.042
2026-10-07T23:43:57+00:00,buy_all_no,KXHOUSERACE-CO05-26,KXHOUSERACE-CO05-26,2,KXHOUSERACE-CO05-26-R;KXHOUSERACE-CO05-26-D,no;no,0.2500;0.7500,13.8;25,0,0.0,1.0,1,0.04,0.002,0.0,-0.042,-0.042,1.0,False,NO_POSITIVE_MARGINAL_EDGE,event_legs=2;fits_budget=True;gross_top_prefilter=0.0;k=2;min_bundle_outlay=1.042
2026-10-07T23:43:57+00:00,buy_all_no,HOUSEMI7-26,HOUSEMI7-26,2,HOUSEMI7-26-D;HOUSEMI7-26-R,no;no,0.4000;0.6000,275.44;3169.38,0,0.0,1.0,1,0.04,0.002,0.0,-0.042,-0.042,1.0,False,NO_POSITIVE_MARGINAL_EDGE,event_legs=2;fits_budget=True;gross_top_prefilter=0.0;k=2;min_bundle_outlay=1.042
2026-10-07T23:43:57+00:00,buy_all_no,HOUSEIA1-26,HOUSEIA1-26,2,HOUSEIA1-26-D;HOUSEIA1-26-R,no;no,0.1400;0.8600,17.09;28,0,0.0,1.0,1,0.02,0.002,0.0,-0.022,-0.022,1.0,False,NO_POSITIVE_MARGINAL_EDGE,event_legs=3;fits_budget=True;gross_top_prefilter=0.0;k=2;min_bundle_outlay=1.022
2026-10-07T23:43:57+00:00,buy_all_no,KXATTYGENAZ-26,KXATTYGENAZ-26,2,KXATTYGENAZ-26-D;KXATTYGENAZ-26-R,no;no,0.1900;0.8100,10;6275.34,0,0.0,1.0,1,0.04,0.002,0.0,-0.042,-0.042,1.0,False,NO_POSITIVE_MARGINAL_EDGE,event_legs=2;fits_budget=True;gross_top_prefilter=0.0;k=2;min_bundle_outlay=1.042
2026-10-07T23:43:57+00:00,buy_all_no,KXUFCLHEAVYWEIGHTTITLE-26,KXUFCLHEAVYWEIGHTTITLE-26,2,KXUFCLHEAVYWEIGHTTITLE-26-CULB;KXUFCLHEAVYWEIGHTTITLE-26-MANK,no;no,0.0600;0.9400,306.23;197.67,0,0.0,1.0,1,0.02,0.002,0.0,-0.022,-0.022,1.0,False,NO_POSITIVE_MARGINAL_EDGE,event_legs=10;fits_budget=True;gross_top_prefilter=0.0;k=2;min_bundle_outlay=1.022
2026-10-07T23:43:57+00:00,buy_all_no,KXSPAIN2ND-26NOV29-2,KXSPAIN2ND-26NOV29-2,3,KXSPAIN2ND-26NOV29-2-PSOE;KXSPAIN2ND-26NOV29-2-PP;KXSPAIN2ND-26NOV29-2-VOX,no;no;no,0.1500;0.8900;0.9600,5421.94;11561.7;23744,0,0.0,2.0,2,0.03,0.003,0.0,-0.033,-0.033,2.0,False,NO_POSITIVE_MARGINAL_EDGE,event_legs=3;fits_budget=True;gross_top_prefilter=0.0;k=3;min_bundle_outlay=2.033
2026-10-07T23:43:57+00:00,buy_all_no,KXMISENATE-26,KXMISENATE-26,2,KXMISENATE-26-AELS;KXMISENATE-26-MROG,no;no,0.2900;0.7100,89.76;93.24,0,0.0,1.0,1,0.04,0.002,0.0,-0.042,-0.042,1.0,False,NO_POSITIVE_MARGINAL_EDGE,event_legs=4;fits_budget=True;gross_top_prefilter=0.0;k=2;min_bundle_outlay=1.042
2026-10-07T23:43:57+00:00,buy_all_no,KXNEXTTEAMNFL-26ARODGERS8,KXNEXTTEAMNFL-26ARODGERS8,2,KXNEXTTEAMNFL-26ARODGERS8-PIT;KXNEXTTEAMNFL-26ARODGERS8-NONE,no;no,0.0800;0.9200,2.57;25.17,0,0.0,1.0,1,0.02,0.002,0.0,-0.022,-0.022,1.0,False,NO_POSITIVE_MARGINAL_EDGE,event_legs=33;fits_budget=True;gross_top_prefilter=0.0;k=2;min_bundle_outlay=1.022
2026-10-07T23:43:57+00:00,buy_all_no,KXMLBALMVP-26,KXMLBALMVP-26,3,KXMLBALMVP-26-YALV;KXMLBALMVP-26-JCAM;KXMLBALMVP-26-CSCHLITTLER31,no;no;no,0.0400;0.9800;0.9800,27.67;156.88;4.05,0,0.0,2.0,2,0.03,0.003,0.0,-0.033,-0.033,2.0,False,NO_POSITIVE_MARGINAL_EDGE,event_legs=49;fits_budget=True;gross_top_prefilter=0.0;k=3;min_bundle_outlay=2.033
2026-10-07T23:43:57+00:00,buy_all_no,KXBALLONDOR-26,KXBALLONDOR-26,4,KXBALLONDOR-26-HKAN;KXBALLONDOR-26-LYAM;KXBALLONDOR-26-LMES;KXBALLONDOR-26-KMBA,no;no;no;no,0.5000;0.5700;0.9600;0.9700,3128.84;4612.21;5098.16;33764.2,0,0.0,3.0,3,0.06,0.004,0.0,-0.064,-0.064,3.0,False,NO_POSITIVE_MARGINAL_EDGE,event_legs=31;fits_budget=True;gross_top_prefilter=0.0;k=4;min_bundle_outlay=3.064
2026-10-07T23:43:57+00:00,buy_all_no,KXFEDDECISION-26DEC,KXFEDDECISION-26DEC,4,KXFEDDECISION-26DEC-H25;KXFEDDECISION-26DEC-H0;KXFEDDECISION-26DEC-C25;KXFEDDECISION-26DEC-H26,no;no;no;no,0.3000;0.7400;0.9800;0.9800,2061;1250;42;5001.78,0,0.0,3.0,3,0.06,0.004,0.0,-0.064,-0.064,3.0,False,NO_POSITIVE_MARGINAL_EDGE,event_legs=5;fits_budget=True;gross_top_prefilter=0.0;k=4;min_bundle_outlay=3.064
2026-10-07T23:43:57+00:00,buy_all_no,KXNFLGAME-26OCT18CHIATL,KXNFLGAME-26OCT18CHIATL,2,KXNFLGAME-26OCT18CHIATL-CHI;KXNFLGAME-26OCT18CHIATL-ATL,no;no,0.4700;0.5300,11.62;56.5,0,0.0,1.0,1,0.04,0.002,0.0,-0.042,-0.042,1.0,False,NO_POSITIVE_MARGINAL_EDGE,event_legs=2;fits_budget=True;gross_top_prefilter=0.0;k=2;min_bundle_outlay=1.042
2026-10-07T23:43:57+00:00,buy_all_no,KXWODIMATCH-26OCT102350BANAUS,KXWODIMATCH-26OCT102350BANAUS,2,KXWODIMATCH-26OCT102350BANAUS-AUS;KXWODIMATCH-26OCT102350BANAUS-BAN,no;no,0.0400;0.9600,187.12;300,0,0.0,1.0,1,0.02,0.002,0.0,-0.022,-0.022,1.0,False,NO_POSITIVE_MARGINAL_EDGE,event_legs=2;fits_budget=True;gross_top_prefilter=0.0;k=2;min_bundle_outlay=1.022
2026-10-07T23:43:57+00:00,buy_all_no,KXCRITICSACTR-27,KXCRITICSACTR-27,15,KXCRITICSACTR-27-JMOO;KXCRITICSACTR-27-INAV;KXCRITICSACTR-27-SHUL;KXCRITICSACTR-27-CCOO;KXCRITICSACTR-27-RREI;KXCRITICSACTR-27-OWIL;KXCRITICSACTR-27-MBAI;KXCRITICSACTR-27-RELE;KXCRITICSACTR-27-RMAD;KXCRITICSACTR-27-EBLU;KXCRITICSACTR-27-MMAD;KXCRITICSACTR-27-VEFI;KXCRITICSACTR-27-MREE;KXCRITICSACTR-27-LSEY;KXCRITICSACTR-27-JDOY,no;no;no;no;no;no;no;no;no;no;no;no;no;no;no,0.4300;0.8500;0.9600;0.9800;0.9800;0.9800;0.9800;0.9800;0.9800;0.9800;0.9800;0.9800;0.9800;0.9800;0.9800,53;3188;8742;9484;9484;9084;6007;5555.01;9384;6104;6870;6659;5309;5684;5059,0,0.0,14.0,14,0.16,0.015,0.0,-0.175,-0.175,14.0,False,NO_POSITIVE_MARGINAL_EDGE,event_legs=16;fits_budget=False;gross_top_prefilter=0.0;k=15;min_bundle_outlay=14.175
2026-10-07T23:43:57+00:00,buy_all_no,KXDHOUSESEATS-27,KXDHOUSESEATS-27,12,KXDHOUSESEATS-27-232;KXDHOUSESEATS-27-236;KXDHOUSESEATS-27-240;KXDHOUSESEATS-27-249;KXDHOUSESEATS-27-244;KXDHOUSESEATS-27-228;KXDHOUSESEATS-27-248;KXDHOUSESEATS-27-224;KXDHOUSESEATS-27-210;KXDHOUSESEATS-27-220;KXDHOUSESEATS-27-212;KXDHOUSESEATS-27-216,no;no;no;no;no;no;no;no;no;no;no;no,0.8300;0.8700;0.8800;0.9000;0.9040;0.9080;0.9240;0.9260;0.9550;0.9610;0.9660;0.9690,57.37;1424.43;1323.62;691.99;2000;0.67;1674.09;13.41;12.38;1;1002.34;3.06,0,0.0,10.993,11,0.12,0.012,0.007,-0.125,-0.125,10.993,False,NO_POSITIVE_MARGINAL_EDGE,event_legs=12;fits_budget=False;gross_top_prefilter=0.007;k=12;min_bundle_outlay=11.125
2026-10-07T23:43:57+00:00,buy_all_no,KXCBDECISIONCANADA-26OCT,KXCBDECISIONCANADA-26OCT,2,KXCBDECISIONCANADA-26OCT-H0;KXCBDECISIONCANADA-26OCT-H25,no;no,0.1900;0.8100,89.28;151.66,0,0.0,1.0,1,0.04,0.002,0.0,-0.042,-0.042,1.0,False,NO_POSITIVE_MARGINAL_EDGE,event_legs=5;fits_budget=True;gross_top_prefilter=0.0;k=2;min_bundle_outlay=1.042
2026-10-07T23:43:57+00:00,buy_all_no,KXNCAAFGAME-26OCT10TEXOKLA,KXNCAAFGAME-26OCT10TEXOKLA,2,KXNCAAFGAME-26OCT10TEXOKLA-TEX;KXNCAAFGAME-26OCT10TEXOKLA-OKLA,no;no,0.2500;0.7500,13643.6;6846.11,0,0.0,1.0,1,0.04,0.002,0.0,-0.042,-0.042,1.0,False,NO_POSITIVE_MARGINAL_EDGE,event_legs=2;fits_budget=True;gross_top_prefilter=0.0;k=2;min_bundle_outlay=1.042
2026-10-07T23:43:57+00:00,buy_all_no,KXNFLGAME-26OCT12BUFLAR,KXNFLGAME-26OCT12BUFLAR,2,KXNFLGAME-26OCT12BUFLAR-LAR;KXNFLGAME-26OCT12BUFLAR-BUF,no;no,0.4000;0.6000,41.26;9231.3,0,0.0,1.0,1,0.04,0.002,0.0,-0.042,-0.042,1.0,False,NO_POSITIVE_MARGINAL_EDGE,event_legs=2;fits_budget=True;gross_top_prefilter=0.0;k=2;min_bundle_outlay=1.042
2026-10-07T23:43:57+00:00,buy_all_no,KXNCAAFGAME-26OCT10CARKAC,KXNCAAFGAME-26OCT10CARKAC,2,KXNCAAFGAME-26OCT10CARKAC-AC;KXNCAAFGAME-26OCT10CARKAC-CARK,no;no,0.2600;0.7400,0.67;4,0,0.0,1.0,1,0.04,0.002,0.0,-0.042,-0.042,1.0,False,NO_POSITIVE_MARGINAL_EDGE,event_legs=2;fits_budget=True;gross_top_prefilter=0.0;k=2;min_bundle_outlay=1.042
2026-10-07T23:43:57+00:00,buy_all_no,KXUFCFIGHT-26OCT10PRABON,KXUFCFIGHT-26OCT10PRABON,2,KXUFCFIGHT-26OCT10PRABON-PRA;KXUFCFIGHT-26OCT10PRABON-BON,no;no,0.5000;0.5000,10844.4;3.76,0,0.0,1.0,1,0.04,0.002,0.0,-0.042,-0.042,1.0,False,NO_POSITIVE_MARGINAL_EDGE,event_legs=2;fits_budget=True;gross_top_prefilter=0.0;k=2;min_bundle_outlay=1.042
2026-10-07T23:43:57+00:00,buy_all_no,KXNCAAFGAME-26OCT10SDSUORST,KXNCAAFGAME-26OCT10SDSUORST,2,KXNCAAFGAME-26OCT10SDSUORST-ORST;KXNCAAFGAME-26OCT10SDSUORST-SDSU,no;no,0.1500;0.8500,6111;41.84,0,0.0,1.0,1,0.02,0.002,0.0,-0.022,-0.022,1.0,False,NO_POSITIVE_MARGINAL_EDGE,event_legs=2;fits_budget=True;gross_top_prefilter=0.0;k=2;min_bundle_outlay=1.022
2026-10-07T23:43:57+00:00,buy_all_no,KXCHINAAI-26OCT19,KXCHINAAI-26OCT19,9,KXCHINAAI-26OCT19-XIAO;KXCHINAAI-26OCT19-ALIB;KXCHINAAI-26OCT19-BYTE;KXCHINAAI-26OCT19-ZAI;KXCHINAAI-26OCT19-DEEP;KXCHINAAI-26OCT19-MOON;KXCHINAAI-26OCT19-MINI;KXCHINAAI-26OCT19-TENC;KXCHINAAI-26OCT19-MEIT,no;no;no;no;no;no;no;no;no,0.3700;0.8200;0.9600;0.9600;0.9700;0.9800;0.9800;0.9800;0.9800,5;394.42;89.91;3719;3561.91;3624;8424;8428;4958.91,0,0.0,8.0,8,0.11,0.009,0.0,-0.119,-0.119,8.0,False,NO_POSITIVE_MARGINAL_EDGE,event_legs=10;fits_budget=True;gross_top_prefilter=0.0;k=9;min_bundle_outlay=8.119
2026-10-07T23:43:57+00:00,buy_all_no,KXNCAAFGAME-26OCT10KENTWMU,KXNCAAFGAME-26OCT10KENTWMU,2,KXNCAAFGAME-26OCT10KENTWMU-WMU;KXNCAAFGAME-26OCT10KENTWMU-KENT,no;no,0.1600;0.8400,1;3875,0,0.0,1.0,1,0.02,0.002,0.0,-0.022,-0.022,1.0,False,NO_POSITIVE_MARGINAL_EDGE,event_legs=2;fits_budget=True;gross_top_prefilter=0.0;k=2;min_bundle_outlay=1.022
2026-10-07T23:43:57+00:00,buy_all_no,KXNCAAFGAME-26OCT10JMUGASO,KXNCAAFGAME-26OCT10JMUGASO,2,KXNCAAFGAME-26OCT10JMUGASO-JMU;KXNCAAFGAME-26OCT10JMUGASO-GASO,no;no,0.2600;0.7400,2.4;3162,0,0.0,1.0,1,0.04,0.002,0.0,-0.042,-0.042,1.0,False,NO_POSITIVE_MARGINAL_EDGE,event_legs=2;fits_budget=True;gross_top_prefilter=0.0;k=2;min_bundle_outlay=1.042
2026-10-07T23:43:57+00:00,buy_all_no,KXWTA-26BEIJIN,KXWTA-26BEIJIN,8,KXWTA-26BEIJIN-SWI;KXWTA-26BEIJIN-AND;KXWTA-26BEIJIN-MUC;KXWTA-26BEIJIN-SVI;KXWTA-26BEIJIN-ZHE;KXWTA-26BEIJIN-MER;KXWTA-26BEIJIN-BAR;KXWTA-26BEIJIN-ALE,no;no;no;no;no;no;no;no,0.6700;0.7700;0.8000;0.8800;0.9600;0.9700;0.9700;0.9800,5;113;101;100;504;476;100;284,0,0.0,7.0,7,0.11,0.008,0.0,-0.118,-0.118,7.0,False,NO_POSITIVE_MARGINAL_EDGE,event_legs=32;fits_budget=True;gross_top_prefilter=0.0;k=8;min_bundle_outlay=7.118
2026-10-07T23:43:57+00:00,buy_all_no,KXNCAAFGAME-26OCT10TULNARMY,KXNCAAFGAME-26OCT10TULNARMY,2,KXNCAAFGAME-26OCT10TULNARMY-ARMY;KXNCAAFGAME-26OCT10TULNARMY-TULN,no;no,0.4000;0.6000,46.22;39.88,0,0.0,1.0,1,0.04,0.002,0.0,-0.042,-0.042,1.0,False,NO_POSITIVE_MARGINAL_EDGE,event_legs=2;fits_budget=True;gross_top_prefilter=0.0;k=2;min_bundle_outlay=1.042
2026-10-07T23:43:57+00:00,buy_all_no,KXT20MATCH-26OCT090930WIIND,KXT20MATCH-26OCT090930WIIND,2,KXT20MATCH-26OCT090930WIIND-IND;KXT20MATCH-26OCT090930WIIND-WI,no;no,0.2600;0.7400,47;2269.52,0,0.0,1.0,1,0.04,0.002,0.0,-0.042,-0.042,1.0,False,NO_POSITIVE_MARGINAL_EDGE,event_legs=2;fits_budget=True;gross_top_prefilter=0.0;k=2;min_bundle_outlay=1.042
2026-10-07T23:43:57+00:00,buy_all_no,KXOWGAME-26OCT090700ZETASEI,KXOWGAME-26OCT090700ZETASEI,2,KXOWGAME-26OCT090700ZETASEI-ZETA;KXOWGAME-26OCT090700ZETASEI-SEI,no;no,0.0400;0.9600,226.05;248.32,0,0.0,1.0,1,0.02,0.002,0.0,-0.022,-0.022,1.0,False,NO_POSITIVE_MARGINAL_EDGE,event_legs=2;fits_budget=True;gross_top_prefilter=0.0;k=2;min_bundle_outlay=1.022
2026-10-07T23:43:57+00:00,buy_all_no,KXNCAAFGAME-26OCT09WSUUSU,KXNCAAFGAME-26OCT09WSUUSU,2,KXNCAAFGAME-26OCT09WSUUSU-USU;KXNCAAFGAME-26OCT09WSUUSU-WSU,no;no,0.3500;0.6500,243;272.77,0,0.0,1.0,1,0.04,0.002,0.0,-0.042,-0.042,1.0,False,NO_POSITIVE_MARGINAL_EDGE,event_legs=2;fits_budget=True;gross_top_prefilter=0.0;k=2;min_bundle_outlay=1.042
2026-10-07T23:43:57+00:00,buy_all_no,KXNHLGAME-26OCT08COLCGY,KXNHLGAME-26OCT08COLCGY,2,KXNHLGAME-26OCT08COLCGY-COL;KXNHLGAME-26OCT08COLCGY-CGY,no;no,0.3200;0.6800,368;44,0,0.0,1.0,1,0.04,0.002,0.0,-0.042,-0.042,1.0,False,NO_POSITIVE_MARGINAL_EDGE,event_legs=2;fits_budget=True;gross_top_prefilter=0.0;k=2;min_bundle_outlay=1.042
2026-10-07T23:43:57+00:00,buy_all_no,KXHIGHNY-26OCT08,KXHIGHNY-26OCT08,5,KXHIGHNY-26OCT08-B74.5;KXHIGHNY-26OCT08-B72.5;KXHIGHNY-26OCT08-B76.5;KXHIGHNY-26OCT08-T72;KXHIGHNY-26OCT08-B78.5,no;no;no;no;no,0.4800;0.7900;0.8100;0.9500;0.9700,1;60;28.04;792.03;105.72,0,0.0,4.0,4,0.08,0.005,0.0,-0.085,-0.085,4.0,False,NO_POSITIVE_MARGINAL_EDGE,event_legs=6;fits_budget=True;gross_top_prefilter=0.0;k=5;min_bundle_outlay=4.085
2026-10-07T23:43:57+00:00,buy_all_no,KXNBAGAME-26OCT08WASNYK,KXNBAGAME-26OCT08WASNYK,2,KXNBAGAME-26OCT08WASNYK-NYK;KXNBAGAME-26OCT08WASNYK-WAS,no;no,0.3500;0.6500,0.76;2975.27,0,0.0,1.0,1,0.04,0.002,0.0,-0.042,-0.042,1.0,False,NO_POSITIVE_MARGINAL_EDGE,event_legs=2;fits_budget=True;gross_top_prefilter=0.0;k=2;min_bundle_outlay=1.042
2026-10-07T23:43:57+00:00,buy_all_no,KXNBAGAME-26OCT09HOUDAL,KXNBAGAME-26OCT09HOUDAL,2,KXNBAGAME-26OCT09HOUDAL-DAL;KXNBAGAME-26OCT09HOUDAL-HOU,no;no,0.3400;0.6600,2.79;45.01,0,0.0,1.0,1,0.04,0.002,0.0,-0.042,-0.042,1.0,False,NO_POSITIVE_MARGINAL_EDGE,event_legs=2;fits_budget=True;gross_top_prefilter=0.0;k=2;min_bundle_outlay=1.042
2026-10-07T23:43:57+00:00,buy_all_no,KXNBAGAME-26OCT08NOPMIA,KXNBAGAME-26OCT08NOPMIA,2,KXNBAGAME-26OCT08NOPMIA-MIA;KXNBAGAME-26OCT08NOPMIA-NOP,no;no,0.2900;0.7100,88.24;23.28,0,0.0,1.0,1,0.04,0.002,0.0,-0.042,-0.042,1.0,False,NO_POSITIVE_MARGINAL_EDGE,event_legs=2;fits_budget=True;gross_top_prefilter=0.0;k=2;min_bundle_outlay=1.042
2026-10-07T23:43:57+00:00,buy_all_no,KXR6GAME-26OCT081100DZC9,KXR6GAME-26OCT081100DZC9,2,KXR6GAME-26OCT081100DZC9-DZ;KXR6GAME-26OCT081100DZC9-C9,no;no,0.3400;0.6600,34.04;20,0,0.0,1.0,1,0.04,0.002,0.0,-0.042,-0.042,1.0,False,NO_POSITIVE_MARGINAL_EDGE,event_legs=2;fits_budget=True;gross_top_prefilter=0.0;k=2;min_bundle_outlay=1.042
2026-10-07T23:43:57+00:00,buy_all_no,KXBOXING-26OCT08IGLESIZAREN,KXBOXING-26OCT08IGLESIZAREN,2,KXBOXING-26OCT08IGLESIZAREN-IGLESI;KXBOXING-26OCT08IGLESIZAREN-ZAREN,no;no,0.0800;0.9300,32.01;824.4,0,0.0,1.01,1,0.02,0.002,-0.01,-0.032,-0.032,1.01,False,NO_POSITIVE_MARGINAL_EDGE,event_legs=2;fits_budget=True;gross_top_prefilter=0.0;k=2;min_bundle_outlay=1.032
2026-10-07T23:43:57+00:00,buy_all_no,KXCS2GAME-26OCT081300BLASIN,KXCS2GAME-26OCT081300BLASIN,2,KXCS2GAME-26OCT081300BLASIN-BLA;KXCS2GAME-26OCT081300BLASIN-SIN,no;no,0.5000;0.5000,99;276,0,0.0,1.0,1,0.04,0.002,0.0,-0.042,-0.042,1.0,False,NO_POSITIVE_MARGINAL_EDGE,event_legs=2;fits_budget=True;gross_top_prefilter=0.0;k=2;min_bundle_outlay=1.042
2026-10-07T23:43:57+00:00,buy_all_no,KXNCAAFGAME-26OCT10UCFOKST,KXNCAAFGAME-26OCT10UCFOKST,2,KXNCAAFGAME-26OCT10UCFOKST-OKST;KXNCAAFGAME-26OCT10UCFOKST-UCF,no;no,0.2100;0.7900,13167.5;7144.85,0,0.0,1.0,1,0.04,0.002,0.0,-0.042,-0.042,1.0,False,NO_POSITIVE_MARGINAL_EDGE,event_legs=2;fits_budget=True;gross_top_prefilter=0.0;k=2;min_bundle_outlay=1.042
2026-10-07T23:43:57+00:00,buy_all_no,KXFIFAWGAME-26OCT09GRCENG,KXFIFAWGAME-26OCT09GRCENG,3,KXFIFAWGAME-26OCT09GRCENG-ENG;KXFIFAWGAME-26OCT09GRCENG-GRC;KXFIFAWGAME-26OCT09GRCENG-TIE,no;no;no,0.0600;0.9700;0.9700,105.23;113.49;1320.23,0,0.0,2.0,2,0.03,0.003,0.0,-0.033,-0.033,2.0,False,NO_POSITIVE_MARGINAL_EDGE,event_legs=3;fits_budget=True;gross_top_prefilter=0.0;k=3;min_bundle_outlay=2.033
2026-10-07T23:43:57+00:00,buy_all_no,KXHIGHTDC-26OCT08,KXHIGHTDC-26OCT08,5,KXHIGHTDC-26OCT08-B80.5;KXHIGHTDC-26OCT08-B82.5;KXHIGHTDC-26OCT08-B78.5;KXHIGHTDC-26OCT08-B76.5;KXHIGHTDC-26OCT08-T83,no;no;no;no;no,0.5400;0.6100;0.8900;0.9800;0.9800,18;8;2;28;104.82,0,0.0,4.0,4,0.07,0.005,0.0,-0.075,-0.075,4.0,False,NO_POSITIVE_MARGINAL_EDGE,event_legs=6;fits_budget=True;gross_top_prefilter=0.0;k=5;min_bundle_outlay=4.075
2026-10-07T23:43:57+00:00,buy_all_no,KXCS2GAME-26OCT072100FARVIL,KXCS2GAME-26OCT072100FARVIL,2,KXCS2GAME-26OCT072100FARVIL-VIL;KXCS2GAME-26OCT072100FARVIL-FAR,no;no,0.4800;0.5200,27;116,0,0.0,1.0,1,0.04,0.002,0.0,-0.042,-0.042,1.0,False,NO_POSITIVE_MARGINAL_EDGE,event_legs=2;fits_budget=True;gross_top_prefilter=0.0;k=2;min_bundle_outlay=1.042
2026-10-07T23:43:57+00:00,buy_all_no,KXWNBAGAME-26OCT07LVGS,KXWNBAGAME-26OCT07LVGS,2,KXWNBAGAME-26OCT07LVGS-GS;KXWNBAGAME-26OCT07LVGS-LV,no;no,0.4700;0.5300,117312;58920.4,0,0.0,1.0,1,0.04,0.002,0.0,-0.042,-0.042,1.0,False,NO_POSITIVE_MARGINAL_EDGE,event_legs=2;fits_budget=True;gross_top_prefilter=0.0;k=2;min_bundle_outlay=1.042
2026-10-07T23:43:57+00:00,buy_all_no,KXITFMATCH-26OCT07DELCHI,KXITFMATCH-26OCT07DELCHI,2,KXITFMATCH-26OCT07DELCHI-DEL;KXITFMATCH-26OCT07DELCHI-CHI,no;no,0.1000;0.9000,9;364,0,0.0,1.0,1,0.02,0.002,0.0,-0.022,-0.022,1.0,False,NO_POSITIVE_MARGINAL_EDGE,event_legs=2;fits_budget=True;gross_top_prefilter=0.0;k=2;min_bundle_outlay=1.022
2026-10-07T23:43:57+00:00,buy_all_no,KXWTAMATCH-26OCT07MERSWI,KXWTAMATCH-26OCT07MERSWI,2,KXWTAMATCH-26OCT07MERSWI-SWI;KXWTAMATCH-26OCT07MERSWI-MER,no;no,0.2000;0.8000,86.73;10,0,0.0,1.0,1,0.04,0.002,0.0,-0.042,-0.042,1.0,False,NO_POSITIVE_MARGINAL_EDGE,event_legs=2;fits_budget=True;gross_top_prefilter=0.0;k=2;min_bundle_outlay=1.042
2026-10-07T23:43:57+00:00,buy_all_no,KXEPLGAME-26OCT10MUNTOT,KXEPLGAME-26OCT10MUNTOT,3,KXEPLGAME-26OCT10MUNTOT-MUN;KXEPLGAME-26OCT10MUNTOT-TIE;KXEPLGAME-26OCT10MUNTOT-TOT,no;no;no,0.4300;0.7800;0.7900,6033.95;290;28,0,0.0,2.0,2,0.06,0.003,0.0,-0.063,-0.063,2.0,False,NO_POSITIVE_MARGINAL_EDGE,event_legs=3;fits_budget=True;gross_top_prefilter=0.0;k=3;min_bundle_outlay=2.063
2026-10-07T23:43:57+00:00,buy_all_no,KXT20MATCH-26OCT072115MYABAH,KXT20MATCH-26OCT072115MYABAH,2,KXT20MATCH-26OCT072115MYABAH-BAH;KXT20MATCH-26OCT072115MYABAH-MYA,no;no,0.0500;0.9500,1404.33;6778,0,0.0,1.0,1,0.02,0.002,0.0,-0.022,-0.022,1.0,False,NO_POSITIVE_MARGINAL_EDGE,event_legs=2;fits_budget=True;gross_top_prefilter=0.0;k=2;min_bundle_outlay=1.022
2026-10-07T23:43:57+00:00,buy_all_no,KXNCAAFGAME-26OCT07NMSUFIU,KXNCAAFGAME-26OCT07NMSUFIU,2,KXNCAAFGAME-26OCT07NMSUFIU-FIU;KXNCAAFGAME-26OCT07NMSUFIU-NMSU,no;no,0.2900;0.7100,5301.79;11364.5,0,0.0,1.0,1,0.04,0.002,0.0,-0.042,-0.042,1.0,False,NO_POSITIVE_MARGINAL_EDGE,event_legs=2;fits_budget=True;gross_top_prefilter=0.0;k=2;min_bundle_outlay=1.042
2026-10-07T23:43:57+00:00,buy_all_no,KXITFWMATCH-26OCT08DIAPOP,KXITFWMATCH-26OCT08DIAPOP,2,KXITFWMATCH-26OCT08DIAPOP-POP;KXITFWMATCH-26OCT08DIAPOP-DIA,no;no,0.4600;0.5400,50;0.23,0,0.0,1.0,1,0.04,0.002,0.0,-0.042,-0.042,1.0,False,NO_POSITIVE_MARGINAL_EDGE,event_legs=2;fits_budget=True;gross_top_prefilter=0.0;k=2;min_bundle_outlay=1.042
2026-10-07T23:43:57+00:00,buy_all_no,KXATPMATCH-26OCT06NAVCAR,KXATPMATCH-26OCT06NAVCAR,2,KXATPMATCH-26OCT06NAVCAR-NAV;KXATPMATCH-26OCT06NAVCAR-CAR,no;no,0.4200;0.5800,330;1300,0,0.0,1.0,1,0.04,0.002,0.0,-0.042,-0.042,1.0,False,NO_POSITIVE_MARGINAL_EDGE,event_legs=2;fits_budget=True;gross_top_prefilter=0.0;k=2;min_bundle_outlay=1.042
2026-10-07T23:43:57+00:00,buy_all_no,KXBRASILEIROB1H-26OCT07BRAGOI,KXBRASILEIROB1H-26OCT07BRAGOI,3,KXBRASILEIROB1H-26OCT07BRAGOI-TIE;KXBRASILEIROB1H-26OCT07BRAGOI-BRA;KXBRASILEIROB1H-26OCT07BRAGOI-GOI,no;no;no,0.5400;0.6800;0.7800,2698.09;1;576.11,0,0.0,2.0,2,0.06,0.003,0.0,-0.063,-0.063,2.0,False,NO_POSITIVE_MARGINAL_EDGE,event_legs=3;fits_budget=True;gross_top_prefilter=0.0;k=3;min_bundle_outlay=2.063
2026-10-07T23:43:57+00:00,buy_all_no,KXATPMATCH-26OCT06MUNBRO,KXATPMATCH-26OCT06MUNBRO,2,KXATPMATCH-26OCT06MUNBRO-MUN;KXATPMATCH-26OCT06MUNBRO-BRO,no;no,0.3600;0.6400,7412.95;1230,0,0.0,1.0,1,0.04,0.002,0.0,-0.042,-0.042,1.0,False,NO_POSITIVE_MARGINAL_EDGE,event_legs=2;fits_budget=True;gross_top_prefilter=0.0;k=2;min_bundle_outlay=1.042
2026-10-07T23:43:57+00:00,buy_all_no,KXMLBGAME-26OCT071800LADATL,KXMLBGAME-26OCT071800LADATL,2,KXMLBGAME-26OCT071800LADATL-LAD;KXMLBGAME-26OCT071800LADATL-ATL,no;no,0.4700;0.5400,1141.91;6.06,0,0.0,1.01,1,0.04,0.002,-0.01,-0.052,-0.052,1.01,False,NO_POSITIVE_MARGINAL_EDGE,event_legs=2;fits_budget=True;gross_top_prefilter=0.0;k=2;min_bundle_outlay=1.052
2026-10-07T23:43:57+00:00,buy_all_no,KXATPMATCH-26OCT06MARSVA,KXATPMATCH-26OCT06MARSVA,2,KXATPMATCH-26OCT06MARSVA-MAR;KXATPMATCH-26OCT06MARSVA-SVA,no;no,0.4500;0.5500,774;150,0,0.0,1.0,1,0.04,0.002,0.0,-0.042,-0.042,1.0,False,NO_POSITIVE_MARGINAL_EDGE,event_legs=2;fits_budget=True;gross_top_prefilter=0.0;k=2;min_bundle_outlay=1.042
2026-10-07T23:43:57+00:00,buy_all_no,KXBRASILEIROBGAME-26OCT07AMGFOR,KXBRASILEIROBGAME-26OCT07AMGFOR,3,KXBRASILEIROBGAME-26OCT07AMGFOR-FOR;KXBRASILEIROBGAME-26OCT07AMGFOR-TIE;KXBRASILEIROBGAME-26OCT07AMGFOR-AMG,no;no;no,0.2500;0.8300;0.9300,3690.28;532.99;5920.78,0,0.0,2.01,2,0.04,0.003,-0.01,-0.053,-0.053,2.01,False,NO_POSITIVE_MARGINAL_EDGE,event_legs=3;fits_budget=True;gross_top_prefilter=0.0;k=3;min_bundle_outlay=2.053
2026-10-07T23:43:57+00:00,buy_all_no,KXATPMATCH-26OCT06BORDIA,KXATPMATCH-26OCT06BORDIA,2,KXATPMATCH-26OCT06BORDIA-BOR;KXATPMATCH-26OCT06BORDIA-DIA,no;no,0.2500;0.7500,156.81;7274,0,0.0,1.0,1,0.04,0.002,0.0,-0.042,-0.042,1.0,False,NO_POSITIVE_MARGINAL_EDGE,event_legs=2;fits_budget=True;gross_top_prefilter=0.0;k=2;min_bundle_outlay=1.042
2026-10-07T23:43:57+00:00,buy_all_no,KXWTACHALLENGERMATCH-26OCT07KALKOR,KXWTACHALLENGERMATCH-26OCT07KALKOR,2,KXWTACHALLENGERMATCH-26OCT07KALKOR-KAL;KXWTACHALLENGERMATCH-26OCT07KALKOR-KOR,no;no,0.5000;0.5000,179;3619.06,0,0.0,1.0,1,0.04,0.002,0.0,-0.042,-0.042,1.0,False,NO_POSITIVE_MARGINAL_EDGE,event_legs=2;fits_budget=True;gross_top_prefilter=0.0;k=2;min_bundle_outlay=1.042
2026-10-07T23:43:57+00:00,buy_all_no,GOVPARTYMA-26,GOVPARTYMA-26,2,GOVPARTYMA-26-D;GOVPARTYMA-26-R,no;no,0.0500;0.9510,550;701,0,0.0,1.001,1,0.02,0.002,-0.001,-0.023,-0.023,1.001,False,NO_POSITIVE_MARGINAL_EDGE,event_legs=2;fits_budget=True;gross_top_prefilter=-0.001;k=2;min_bundle_outlay=1.023
2026-10-07T23:43:57+00:00,buy_all_no,KXHOUSERACE-TN05-26,KXHOUSERACE-TN05-26,2,KXHOUSERACE-TN05-26-R;KXHOUSERACE-TN05-26-D,no;no,0.0810;0.9220,24;78.47,0,0.0,1.003,1,0.02,0.002,-0.003,-0.025,-0.025,1.003,False,NO_POSITIVE_MARGINAL_EDGE,event_legs=2;fits_budget=True;gross_top_prefilter=-0.003;k=2;min_bundle_outlay=1.025
2026-10-07T23:43:57+00:00,buy_all_no,KXRATECUTCOUNT-26DEC31,KXRATECUTCOUNT-26DEC31,3,KXRATECUTCOUNT-26DEC31-T0;KXRATECUTCOUNT-26DEC31-T1;KXRATECUTCOUNT-26DEC31-T2,no;no;no,0.0500;0.9630;0.9880,15126.8;75.28;3677.24,0,0.0,2.001,2,0.03,0.003,-0.001,-0.034,-0.034,2.001,False,NO_POSITIVE_MARGINAL_EDGE,event_legs=21;fits_budget=True;gross_top_prefilter=-0.001;k=3;min_bundle_outlay=2.034
2026-10-07T23:43:57+00:00,buy_all_no,KXNASCARRACE-BANOA26,KXNASCARRACE-BANOA26,14,KXNASCARRACE-BANOA26-CHBE;KXNASCARRACE-BANOA26-DEHA;KXNASCARRACE-BANOA26-KYLA;KXNASCARRACE-BANOA26-CHBR;KXNASCARRACE-BANOA26-TYRE;KXNASCARRACE-BANOA26-RYBL;KXNASCARRACE-BANOA26-TYGI;KXNASCARRACE-BANOA26-WIBY;KXNASCARRACE-BANOA26-JOLO;KXNASCARRACE-BANOA26-BUWA;KXNASCARRACE-BANOA26-CHEL;KXNASCARRACE-BANOA26-CAHO;KXNASCARRACE-BANOA26-AUCI;KXNASCARRACE-BANOA26-COHE,no;no;no;no;no;no;no;no;no;no;no;no;no;no,0.8400;0.8500;0.8500;0.8800;0.9100;0.9400;0.9400;0.9500;0.9700;0.9700;0.9700;0.9700;0.9800;0.9800,7.63;12.91;100;89;100;25.08;408.12;80.53;2141.7;11044;559;1190.49;795.12;100,0,0.0,13.0,13,0.14,0.014,0.0,-0.154,-0.154,13.0,False,NO_POSITIVE_MARGINAL_EDGE,event_legs=39;fits_budget=False;gross_top_prefilter=0.0;k=14;min_bundle_outlay=13.154
2026-10-07T23:43:57+00:00,buy_all_no,KXATPSETWINNER-26OCT06VANMER-1,KXATPSETWINNER-26OCT06VANMER-1,2,KXATPSETWINNER-26OCT06VANMER-1-VAN;KXATPSETWINNER-26OCT06VANMER-1-MER,no;no,0.4900;0.5100,1993;0.02,0,0.0,1.0,1,0.04,0.002,0.0,-0.042,-0.042,1.0,False,NO_POSITIVE_MARGINAL_EDGE,event_legs=2;fits_budget=True;gross_top_prefilter=0.0;k=2;min_bundle_outlay=1.042
2026-10-07T23:43:57+00:00,buy_all_no,GOVPARTYPA-26,GOVPARTYPA-26,2,GOVPARTYPA-26-D;GOVPARTYPA-26-R,no;no,0.0230;0.9790,24911.7;1243.87,0,0.0,1.002,1,0.02,0.002,-0.002,-0.024,-0.024,1.002,False,NO_POSITIVE_MARGINAL_EDGE,event_legs=2;fits_budget=True;gross_top_prefilter=-0.001;k=2;min_bundle_outlay=1.024
2026-10-07T23:43:57+00:00,buy_all_no,GOVPARTYAL-26,GOVPARTYAL-26,2,GOVPARTYAL-26-R;GOVPARTYAL-26-D,no;no,0.0850;0.9170,103.33;3546,0,0.0,1.002,1,0.02,0.002,-0.002,-0.024,-0.024,1.002,False,NO_POSITIVE_MARGINAL_EDGE,event_legs=2;fits_budget=True;gross_top_prefilter=-0.002;k=2;min_bundle_outlay=1.024
2026-10-07T23:43:57+00:00,buy_all_no,KXATPMATCH-26OCT06HURDUC,KXATPMATCH-26OCT06HURDUC,2,KXATPMATCH-26OCT06HURDUC-HUR;KXATPMATCH-26OCT06HURDUC-DUC,no;no,0.3000;0.7000,1053.92;752.95,0,0.0,1.0,1,0.04,0.002,0.0,-0.042,-0.042,1.0,False,NO_POSITIVE_MARGINAL_EDGE,event_legs=2;fits_budget=True;gross_top_prefilter=0.0;k=2;min_bundle_outlay=1.042
2026-10-07T23:43:57+00:00,buy_all_no,KXBRASILEIROGAME-26OCT07VITCHA,KXBRASILEIROGAME-26OCT07VITCHA,3,KXBRASILEIROGAME-26OCT07VITCHA-VIT;KXBRASILEIROGAME-26OCT07VITCHA-TIE;KXBRASILEIROGAME-26OCT07VITCHA-CHA,no;no;no,0.2200;0.8400;0.9450,126.1;1115;1403.1,0,0.0,2.005,2,0.04,0.003,-0.005,-0.048,-0.048,2.005,False,NO_POSITIVE_MARGINAL_EDGE,event_legs=3;fits_budget=True;gross_top_prefilter=-0.005;k=3;min_bundle_outlay=2.048
2026-10-07T23:43:57+00:00,buy_all_no,SENATELA-26,SENATELA-26,2,SENATELA-26-R;SENATELA-26-D,no;no,0.0380;0.9670,40;564,0,0.0,1.005,1,0.02,0.002,-0.005,-0.027,-0.027,1.005,False,NO_POSITIVE_MARGINAL_EDGE,event_legs=2;fits_budget=True;gross_top_prefilter=-0.005;k=2;min_bundle_outlay=1.027
2026-10-07T23:43:57+00:00,buy_all_no,KXBRASILEIROGAME-26OCT08PALBAH,KXBRASILEIROGAME-26OCT08PALBAH,3,KXBRASILEIROGAME-26OCT08PALBAH-PAL;KXBRASILEIROGAME-26OCT08PALBAH-TIE;KXBRASILEIROGAME-26OCT08PALBAH-BAH,no;no;no,0.3800;0.7900;0.8350,6;2708.09;810.08,0,0.0,2.005,2,0.05,0.003,-0.005,-0.058,-0.058,2.005,False,NO_POSITIVE_MARGINAL_EDGE,event_legs=3;fits_budget=True;gross_top_prefilter=-0.005;k=3;min_bundle_outlay=2.058
2026-10-07T23:43:57+00:00,buy_all_no,KXBRASILEIROGAME-26OCT07INTCOR,KXBRASILEIROGAME-26OCT07INTCOR,3,KXBRASILEIROGAME-26OCT07INTCOR-INT;KXBRASILEIROGAME-26OCT07INTCOR-TIE;KXBRASILEIROGAME-26OCT07INTCOR-COR,no;no;no,0.3550;0.7450;0.9050,5773.15;275.1;2287.72,0,0.0,2.005,2,0.05,0.003,-0.005,-0.058,-0.058,2.005,False,NO_POSITIVE_MARGINAL_EDGE,event_legs=3;fits_budget=True;gross_top_prefilter=-0.005;k=3;min_bundle_outlay=2.058
2026-10-07T23:43:57+00:00,buy_all_no,SENATENC-26,SENATENC-26,2,SENATENC-26-D;SENATENC-26-R,no;no,0.0320;0.9710,250000;479.93,0,0.0,1.003,1,0.02,0.002,-0.003,-0.025,-0.025,1.003,False,NO_POSITIVE_MARGINAL_EDGE,event_legs=2;fits_budget=True;gross_top_prefilter=-0.003;k=2;min_bundle_outlay=1.025
2026-10-07T23:43:57+00:00,buy_all_no,GOVPARTYCA-26,GOVPARTYCA-26,2,GOVPARTYCA-26-D;GOVPARTYCA-26-R,no;no,0.0380;0.9680,1;45.71,0,0.0,1.006,1,0.02,0.002,-0.006,-0.028,-0.028,1.006,False,NO_POSITIVE_MARGINAL_EDGE,event_legs=2;fits_budget=True;gross_top_prefilter=-0.006;k=2;min_bundle_outlay=1.028
2026-10-07T23:43:57+00:00,buy_all_no,KXHOUSERACE-MN05-26,KXHOUSERACE-MN05-26,2,KXHOUSERACE-MN05-26-D;KXHOUSERACE-MN05-26-R,no;no,0.0290;0.9770,29;29,0,0.0,1.006,1,0.02,0.002,-0.006,-0.028,-0.028,1.006,False,NO_POSITIVE_MARGINAL_EDGE,event_legs=3;fits_budget=True;gross_top_prefilter=-0.006;k=2;min_bundle_outlay=1.028
2026-10-07T23:43:57+00:00,buy_all_no,GOVPARTYMN-26,GOVPARTYMN-26,2,GOVPARTYMN-26-D;GOVPARTYMN-26-R,no;no,0.0550;0.9520,500.34;57.87,0,0.0,1.007,1,0.02,0.002,-0.007,-0.029,-0.029,1.007,False,NO_POSITIVE_MARGINAL_EDGE,event_legs=2;fits_budget=True;gross_top_prefilter=-0.007;k=2;min_bundle_outlay=1.029
2026-10-07T23:43:57+00:00,buy_all_no,KXHOUSERACE-TX24-26,KXHOUSERACE-TX24-26,2,KXHOUSERACE-TX24-26-R;KXHOUSERACE-TX24-26-D,no;no,0.0840;0.9230,23;10,0,0.0,1.007,1,0.02,0.002,-0.007,-0.029,-0.029,1.007,False,NO_POSITIVE_MARGINAL_EDGE,event_legs=2;fits_budget=True;gross_top_prefilter=-0.007;k=2;min_bundle_outlay=1.029
2026-10-07T23:43:57+00:00,buy_all_no,SENATEGA-26,SENATEGA-26,2,SENATEGA-26-D;SENATEGA-26-R,no;no,0.0370;0.9660,2720.22;31.09,0,0.0,1.003,1,0.02,0.002,-0.003,-0.025,-0.025,1.003,False,NO_POSITIVE_MARGINAL_EDGE,event_legs=2;fits_budget=True;gross_top_prefilter=-0.003;k=2;min_bundle_outlay=1.025
2026-10-07T23:43:57+00:00,buy_all_no,KXATTYGENID-26,KXATTYGENID-26,2,KXATTYGENID-26-R;KXATTYGENID-26-D,no;no,0.0420;0.9660,238;1400,0,0.0,1.008,1,0.02,0.002,-0.008,-0.03,-0.03,1.008,False,NO_POSITIVE_MARGINAL_EDGE,event_legs=2;fits_budget=True;gross_top_prefilter=-0.008;k=2;min_bundle_outlay=1.03
2026-10-07T23:43:57+00:00,buy_all_no,GOVPARTYCO-26,GOVPARTYCO-26,2,GOVPARTYCO-26-D;GOVPARTYCO-26-R,no;no,0.0390;0.9690,292.67;449.33,0,0.0,1.008,1,0.02,0.002,-0.008,-0.03,-0.03,1.008,False,NO_POSITIVE_MARGINAL_EDGE,event_legs=2;fits_budget=True;gross_top_prefilter=-0.008;k=2;min_bundle_outlay=1.03
2026-10-07T23:43:57+00:00,buy_all_no,HOUSECA21-26,HOUSECA21-26,2,HOUSECA21-26-D;HOUSECA21-26-R,no;no,0.0550;0.9510,200;1297,0,0.0,1.006,1,0.02,0.002,-0.006,-0.028,-0.028,1.006,False,NO_POSITIVE_MARGINAL_EDGE,event_legs=2;fits_budget=True;gross_top_prefilter=-0.007;k=2;min_bundle_outlay=1.028
2026-10-07T23:43:57+00:00,buy_all_no,SENATEID-26,SENATEID-26,2,SENATEID-26-R;SENATEID-26-TACH,no;no,0.0790;0.9300,437;32856.5,0,0.0,1.009,1,0.02,0.002,-0.009,-0.031,-0.031,1.009,False,NO_POSITIVE_MARGINAL_EDGE,event_legs=3;fits_budget=True;gross_top_prefilter=-0.009;k=2;min_bundle_outlay=1.031
2026-10-07T23:43:57+00:00,buy_all_no,GOVPARTYNH-28,GOVPARTYNH-28,2,GOVPARTYNH-28-R;GOVPARTYNH-28-D,no;no,0.0780;0.9300,20;844.86,0,0.0,1.008,1,0.02,0.002,-0.008,-0.03,-0.03,1.008,False,NO_POSITIVE_MARGINAL_EDGE,event_legs=2;fits_budget=True;gross_top_prefilter=-0.008;k=2;min_bundle_outlay=1.03
2026-10-07T23:43:57+00:00,buy_all_no,SENATESD-26,SENATESD-26,2,SENATESD-26-R;SENATESD-26-BBEN,no;no,0.0790;0.9300,52.57;6525.77,0,0.0,1.009,1,0.02,0.002,-0.009,-0.031,-0.031,1.009,False,NO_POSITIVE_MARGINAL_EDGE,event_legs=3;fits_budget=True;gross_top_prefilter=-0.009;k=2;min_bundle_outlay=1.031
2026-10-07T23:43:57+00:00,buy_all_no,GOVPARTYTN-26,GOVPARTYTN-26,2,GOVPARTYTN-26-R;GOVPARTYTN-26-D,no;no,0.0590;0.9500,1000;1497.47,0,0.0,1.009,1,0.02,0.002,-0.009,-0.031,-0.031,1.009,False,NO_POSITIVE_MARGINAL_EDGE,event_legs=2;fits_budget=True;gross_top_prefilter=-0.009;k=2;min_bundle_outlay=1.031
2026-10-07T23:43:57+00:00,buy_all_no,KXLOSEREELECTIONDSEN-2026,KXLOSEREELECTIONDSEN-2026,3,KXLOSEREELECTIONDSEN-2026-0;KXLOSEREELECTIONDSEN-2026-2;KXLOSEREELECTIONDSEN-2026-1,no;no;no,0.0580;0.9700;0.9800,2410.01;0.01;4774,0,0.0,2.008,2,0.03,0.003,-0.008,-0.041,-0.041,2.008,False,NO_POSITIVE_MARGINAL_EDGE,event_legs=6;fits_budget=True;gross_top_prefilter=-0.008;k=3;min_bundle_outlay=2.041
2026-10-07T23:43:57+00:00,buy_all_no,KXGOVAK-26,KXGOVAK-26,3,KXGOVAK-26-JKRE;KXGOVAK-26-BWIL;KXGOVAK-26-TTAY,no;no;no,0.2300;0.7900;0.9860,48.67;0.71;63,0,0.0,2.006,2,0.05,0.003,-0.006,-0.059,-0.059,2.006,False,NO_POSITIVE_MARGINAL_EDGE,event_legs=16;fits_budget=True;gross_top_prefilter=-0.006;k=3;min_bundle_outlay=2.059
2026-10-07T23:43:57+00:00,buy_all_no,KXTXSENOUTCOME-27JAN,KXTXSENOUTCOME-27JAN,2,KXTXSENOUTCOME-27JAN-TALPAX;KXTXSENOUTCOME-27JAN-PAXTAL,no;no,0.3600;0.6500,1;11,0,0.0,1.01,1,0.04,0.002,-0.01,-0.052,-0.052,1.01,False,NO_POSITIVE_MARGINAL_EDGE,event_legs=2;fits_budget=True;gross_top_prefilter=-0.01;k=2;min_bundle_outlay=1.052
2026-10-07T23:43:57+00:00,buy_all_no,KXPRESPARTY-2028,KXPRESPARTY-2028,2,KXPRESPARTY-2028-D;KXPRESPARTY-2028-R,no;no,0.4200;0.5900,1546.8;413.92,0,0.0,1.01,1,0.04,0.002,-0.01,-0.052,-0.052,1.01,False,NO_POSITIVE_MARGINAL_EDGE,event_legs=2;fits_budget=True;gross_top_prefilter=-0.01;k=2;min_bundle_outlay=1.052
2026-10-07T23:43:57+00:00,buy_all_no,KXHIGHMIA-26OCT08,KXHIGHMIA-26OCT08,4,KXHIGHMIA-26OCT08-B89.5;KXHIGHMIA-26OCT08-B91.5;KXHIGHMIA-26OCT08-B87.5;KXHIGHMIA-26OCT08-B85.5,no;no;no;no,0.4700;0.6600;0.9000;0.9800,38.74;25;43;38.01,0,0.0,3.01,3,0.06,0.004,-0.01,-0.074,-0.074,3.01,False,NO_POSITIVE_MARGINAL_EDGE,event_legs=6;fits_budget=True;gross_top_prefilter=-0.01;k=4;min_bundle_outlay=3.074
2026-10-07T23:43:57+00:00,buy_all_no,KXOHSENGOVCOMBO-26NOV,KXOHSENGOVCOMBO-26NOV,4,KXOHSENGOVCOMBO-26NOV-DEMDEM;KXOHSENGOVCOMBO-26NOV-REPREP;KXOHSENGOVCOMBO-26NOV-DEMREP;KXOHSENGOVCOMBO-26NOV-REPDEM,no;no;no;no,0.4600;0.7500;0.8700;0.9300,244;105;225;15,0,0.0,3.01,3,0.06,0.004,-0.01,-0.074,-0.074,3.01,False,NO_POSITIVE_MARGINAL_EDGE,event_legs=4;fits_budget=True;gross_top_prefilter=-0.01;k=4;min_bundle_outlay=3.074
2026-10-07T23:43:57+00:00,buy_all_no,KXMNSENGOVCOMBO-26NOV,KXMNSENGOVCOMBO-26NOV,3,KXMNSENGOVCOMBO-26NOV-DEMDEM;KXMNSENGOVCOMBO-26NOV-DEMREP;KXMNSENGOVCOMBO-26NOV-REPDEM,no;no;no,0.1300;0.9100;0.9700,1987.45;150;60,0,0.0,2.01,2,0.03,0.003,-0.01,-0.043,-0.043,2.01,False,NO_POSITIVE_MARGINAL_EDGE,event_legs=4;fits_budget=True;gross_top_prefilter=-0.01;k=3;min_bundle_outlay=2.043
2026-10-07T23:43:57+00:00,buy_all_no,CONTROLH-2026,CONTROLH-2026,2,CONTROLH-2026-D;CONTROLH-2026-R,no;no,0.1100;0.9000,276431;146742,0,0.0,1.01,1,0.02,0.002,-0.01,-0.032,-0.032,1.01,False,NO_POSITIVE_MARGINAL_EDGE,event_legs=2;fits_budget=True;gross_top_prefilter=-0.01;k=2;min_bundle_outlay=1.032
2026-10-07T23:43:57+00:00,buy_all_no,KXSECSTATEOH-26,KXSECSTATEOH-26,2,KXSECSTATEOH-26-R;KXSECSTATEOH-26-D,no;no,0.4000;0.6100,3;146.57,0,0.0,1.01,1,0.04,0.002,-0.01,-0.052,-0.052,1.01,False,NO_POSITIVE_MARGINAL_EDGE,event_legs=2;fits_budget=True;gross_top_prefilter=-0.01;k=2;min_bundle_outlay=1.052
2026-10-07T23:43:57+00:00,buy_all_no,KXSPAINPARLI-27,KXSPAINPARLI-27,2,KXSPAINPARLI-27-PP;KXSPAINPARLI-27-PSOE,no;no,0.1400;0.8700,17;375,0,0.0,1.01,1,0.02,0.002,-0.01,-0.032,-0.032,1.01,False,NO_POSITIVE_MARGINAL_EDGE,event_legs=4;fits_budget=True;gross_top_prefilter=-0.01;k=2;min_bundle_outlay=1.032
2026-10-07T23:43:57+00:00,buy_all_no,KXATTYGENSD-26,KXATTYGENSD-26,2,KXATTYGENSD-26-R;KXATTYGENSD-26-D,no;no,0.0350;0.9720,11965;4299,0,0.0,1.007,1,0.02,0.002,-0.007,-0.029,-0.029,1.007,False,NO_POSITIVE_MARGINAL_EDGE,event_legs=2;fits_budget=True;gross_top_prefilter=-0.007;k=2;min_bundle_outlay=1.029
2026-10-07T23:43:57+00:00,buy_all_no,GOVPARTYOH-26,GOVPARTYOH-26,2,GOVPARTYOH-26-D;GOVPARTYOH-26-R,no;no,0.3400;0.6700,250274;1424.84,0,0.0,1.01,1,0.04,0.002,-0.01,-0.052,-0.052,1.01,False,NO_POSITIVE_MARGINAL_EDGE,event_legs=2;fits_budget=True;gross_top_prefilter=-0.01;k=2;min_bundle_outlay=1.052
2026-10-07T23:43:57+00:00,buy_all_no,KXTXSENGOVCOMBO-26NOV,KXTXSENGOVCOMBO-26NOV,3,KXTXSENGOVCOMBO-26NOV-REPDEM;KXTXSENGOVCOMBO-26NOV-REPREP;KXTXSENGOVCOMBO-26NOV-DEMDEM,no;no;no,0.5600;0.6900;0.7600,604.93;25;2,0,0.0,2.01,2,0.06,0.003,-0.01,-0.073,-0.073,2.01,False,NO_POSITIVE_MARGINAL_EDGE,event_legs=4;fits_budget=True;gross_top_prefilter=-0.01;k=3;min_bundle_outlay=2.073
2026-10-07T23:43:57+00:00,buy_all_no,CONTROLS-2026,CONTROLS-2026,2,CONTROLS-2026-D;CONTROLS-2026-R,no;no,0.3800;0.6300,19234;15186.6,0,0.0,1.01,1,0.04,0.002,-0.01,-0.052,-0.052,1.01,False,NO_POSITIVE_MARGINAL_EDGE,event_legs=2;fits_budget=True;gross_top_prefilter=-0.01;k=2;min_bundle_outlay=1.052
2026-10-07T23:43:57+00:00,buy_all_no,GOVPARTYIL-26,GOVPARTYIL-26,2,GOVPARTYIL-26-D;GOVPARTYIL-26-R,no;no,0.0330;0.9770,30;3,0,0.0,1.01,1,0.02,0.002,-0.01,-0.032,-0.032,1.01,False,NO_POSITIVE_MARGINAL_EDGE,event_legs=2;fits_budget=True;gross_top_prefilter=-0.01;k=2;min_bundle_outlay=1.032
2026-10-07T23:43:57+00:00,buy_all_no,KXRHOUSESEATS-27,KXRHOUSESEATS-27,9,KXRHOUSESEATS-27-193;KXRHOUSESEATS-27-200;KXRHOUSESEATS-27-205;KXRHOUSESEATS-27-195;KXRHOUSESEATS-27-210;KXRHOUSESEATS-27-215;KXRHOUSESEATS-27-220;KXRHOUSESEATS-27-225;KXRHOUSESEATS-27-230,no;no;no;no;no;no;no;no;no,0.6900;0.8300;0.8500;0.8600;0.9140;0.9460;0.9550;0.9770;0.9840,742.35;144.65;554.48;1388.33;143;4;18.45;20.99;250,0,0.0,8.006,8,0.1,0.009,-0.006,-0.115,-0.115,8.006,False,NO_POSITIVE_MARGINAL_EDGE,event_legs=11;fits_budget=True;gross_top_prefilter=-0.006;k=9;min_bundle_outlay=8.115
2026-10-07T23:43:57+00:00,buy_all_no,KXNFLDROTY-27,KXNFLDROTY-27,9,KXNFLDROTY-27-JROD;KXNFLDROTY-27-AREE;KXNFLDROTY-27-SSTY;KXNFLDROTY-27-MDEL;KXNFLDROTY-27-DBAI;KXNFLDROTY-27-CDOW;KXNFLDROTY-27-DTHI;KXNFLDROTY-27-AHILL53;KXNFLDROTY-27-GJACAS50,no;no;no;no;no;no;no;no;no,0.6600;0.7000;0.9000;0.9300;0.9400;0.9600;0.9600;0.9800;0.9800,257;1072.93;878.88;1914.89;1343.43;7846.6;1683.23;8499.54;4518.22,0,0.0,8.01,8,0.11,0.009,-0.01,-0.129,-0.129,8.01,False,NO_POSITIVE_MARGINAL_EDGE,event_legs=29;fits_budget=True;gross_top_prefilter=-0.01;k=9;min_bundle_outlay=8.129
2026-10-07T23:43:57+00:00,buy_all_no,KXOSCARACTO-27,KXOSCARACTO-27,6,KXOSCARACTO-27-JOH;KXOSCARACTO-27-MATT;KXOSCARACTO-27-AND;KXOSCARACTO-27-TOM;KXOSCARACTO-27-ROB;KXOSCARACTO-27-TIM,no;no;no;no;no;no,0.6000;0.7700;0.8300;0.8700;0.9700;0.9700,14.24;297.7;4.72;217.42;221.24;1.38,0,0.0,5.01,5,0.08,0.006,-0.01,-0.096,-0.096,5.01,False,NO_POSITIVE_MARGINAL_EDGE,event_legs=25;fits_budget=True;gross_top_prefilter=-0.01;k=6;min_bundle_outlay=5.096
2026-10-07T23:56:24+00:00,buy_all_no,SENATEKS-28,SENATEKS-28,2,SENATEKS-28-R;SENATEKS-28-D,no;no,0.2900;0.6900,8.6;5,0,0.0,0.98,1,0.04,0.002,0.02,-0.022,-0.022,0.98,False,NO_POSITIVE_MARGINAL_EDGE,event_legs=2;fits_budget=True;gross_top_prefilter=0.02;k=2;min_bundle_outlay=1.022
2026-10-07T23:56:24+00:00,buy_all_no,KXMLBSERIESSCORE-26NYYTBALDS,KXMLBSERIESSCORE-26NYYTBALDS,4,KXMLBSERIESSCORE-26NYYTBALDS-TB30;KXMLBSERIESSCORE-26NYYTBALDS-TB31;KXMLBSERIESSCORE-26NYYTBALDS-TB32;KXMLBSERIESSCORE-26NYYTBALDS-NYY32,no;no;no;no,0.6100;0.7200;0.8200;0.8200,0.05;0.18;299.87;131.84,0,0.0,2.97,3,0.08,0.004,0.03,-0.054,-0.054,2.97,False,NO_POSITIVE_MARGINAL_EDGE,event_legs=6;fits_budget=True;gross_top_prefilter=0.03;k=4;min_bundle_outlay=3.054
2026-10-07T23:56:24+00:00,buy_all_no,KXSPAINMOV-26NOV29,KXSPAINMOV-26NOV29,7,KXSPAINMOV-26NOV29-PP-P4;KXSPAINMOV-26NOV29-PP-P7;KXSPAINMOV-26NOV29-PP-P1;KXSPAINMOV-26NOV29-PP-P10;KXSPAINMOV-26NOV29-PSOE-P1;KXSPAINMOV-26NOV29-PP-P12;KXSPAINMOV-26NOV29-PSOE-P3,no;no;no;no;no;no;no,0.7100;0.7300;0.8200;0.8900;0.9100;0.9400;0.9600,261.05;1767;121.93;0.76;3579.1;4171.2;6771.01,0,0.0,5.96,6,0.1,0.007,0.04,-0.067,-0.067,5.96,False,NO_POSITIVE_MARGINAL_EDGE,event_legs=7;fits_budget=True;gross_top_prefilter=0.04;k=7;min_bundle_outlay=6.067
2026-10-07T23:56:24+00:00,buy_all_no,KXF1POLE-SIN26,KXF1POLE-SIN26,8,KXF1POLE-SIN26-VER;KXF1POLE-SIN26-ANT;KXF1POLE-SIN26-HAM;KXF1POLE-SIN26-LEC;KXF1POLE-SIN26-RUS;KXF1POLE-SIN26-NOR;KXF1POLE-SIN26-PIA;KXF1POLE-SIN26-HAD,no;no;no;no;no;no;no;no,0.6900;0.7900;0.8600;0.8800;0.9100;0.9200;0.9600;0.9600,106;7.31;105;100;10;6;5;108,0,0.0,6.97,7,0.1,0.008,0.03,-0.078,-0.078,6.97,False,NO_POSITIVE_MARGINAL_EDGE,event_legs=22;fits_budget=True;gross_top_prefilter=0.03;k=8;min_bundle_outlay=7.078
2026-10-07T23:56:24+00:00,buy_all_no,KXBRPRES2MOV-26OCT25,KXBRPRES2MOV-26OCT25,5,KXBRPRES2MOV-26OCT25-FBOL-P4;KXBRPRES2MOV-26OCT25-FBOL-P1;KXBRPRES2MOV-26OCT25-LSIL-P1;KXBRPRES2MOV-26OCT25-FBOL-P7;KXBRPRES2MOV-26OCT25-FBOL-P9,no;no;no;no;no,0.5500;0.7100;0.8700;0.9000;0.9500,90;392.12;1982.05;1620.16;4971.03,0,0.0,3.98,4,0.07,0.005,0.02,-0.055,-0.055,3.98,False,NO_POSITIVE_MARGINAL_EDGE,event_legs=8;fits_budget=True;gross_top_prefilter=0.02;k=5;min_bundle_outlay=4.055
2026-10-07T23:56:24+00:00,buy_all_no,KXNCAAFSEED-27S1,KXNCAAFSEED-27S1,8,KXNCAAFSEED-27S1-ND;KXNCAAFSEED-27S1-TEX;KXNCAAFSEED-27S1-ALA;KXNCAAFSEED-27S1-MIA;KXNCAAFSEED-27S1-UGA;KXNCAAFSEED-27S1-OSU;KXNCAAFSEED-27S1-IND;KXNCAAFSEED-27S1-LSU,no;no;no;no;no;no;no;no,0.7900;0.8000;0.8100;0.8500;0.8700;0.9300;0.9500;0.9700,40.07;30;9;3.39;3;0.01;5;26.5,0,0.0,6.97,7,0.11,0.008,0.03,-0.088,-0.088,6.97,False,NO_POSITIVE_MARGINAL_EDGE,event_legs=50;fits_budget=True;gross_top_prefilter=0.03;k=8;min_bundle_outlay=7.088
2026-10-07T23:56:24+00:00,buy_all_no,KXNWSL-26,KXNWSL-26,8,KXNWSL-26-GOT;KXNWSL-26-WSP;KXNWSL-26-KC;KXNWSL-26-SAN;KXNWSL-26-ANG;KXNWSL-26-URO;KXNWSL-26-DEN;KXNWSL-26-NCC,no;no;no;no;no;no;no;no,0.7500;0.7700;0.7700;0.8300;0.9000;0.9800;0.9800;0.9800,368.09;217.14;77.73;162.07;110.95;839.73;381.57;344.23,0,0.0,6.96,7,0.11,0.008,0.04,-0.078,-0.078,6.96,False,NO_POSITIVE_MARGINAL_EDGE,event_legs=16;fits_budget=True;gross_top_prefilter=0.04;k=8;min_bundle_outlay=7.078
2026-10-07T23:56:24+00:00,buy_all_no,KXHOUSEPOPVOTEMARGIN-27NOV03,KXHOUSEPOPVOTEMARGIN-27NOV03,10,KXHOUSEPOPVOTEMARGIN-27NOV03-B9;KXHOUSEPOPVOTEMARGIN-27NOV03-B11;KXHOUSEPOPVOTEMARGIN-27NOV03-B7;KXHOUSEPOPVOTEMARGIN-27NOV03-B5;KXHOUSEPOPVOTEMARGIN-27NOV03-B13;KXHOUSEPOPVOTEMARGIN-27NOV03-B3;KXHOUSEPOPVOTEMARGIN-27NOV03-B50;KXHOUSEPOPVOTEMARGIN-27NOV03-B1;KXHOUSEPOPVOTEMARGIN-27NOV03-B15;KXHOUSEPOPVOTEMARGIN-27NOV03-B58,no;no;no;no;no;no;no;no;no;no,0.7200;0.7700;0.8200;0.9060;0.9150;0.9500;0.9520;0.9710;0.9770;0.9800,2250.67;4039.81;1597.24;2500;129.44;2080.13;139.84;9.86;142.96;31.36,0,0.0,8.961,9,0.13,0.01,0.039,-0.101,-0.101,8.961,False,NO_POSITIVE_MARGINAL_EDGE,event_legs=10;fits_budget=True;gross_top_prefilter=0.039;k=10;min_bundle_outlay=9.101
2026-10-07T23:56:24+00:00,buy_all_no,KXCBDECISIONCANADA-26DEC,KXCBDECISIONCANADA-26DEC,2,KXCBDECISIONCANADA-26DEC-H25;KXCBDECISIONCANADA-26DEC-H0,no;no,0.4400;0.5400,3.93;51,0,0.0,0.98,1,0.04,0.002,0.02,-0.022,-0.022,0.98,False,NO_POSITIVE_MARGINAL_EDGE,event_legs=5;fits_budget=True;gross_top_prefilter=0.02;k=2;min_bundle_outlay=1.022
2026-10-07T23:56:24+00:00,buy_all_no,KXARGENTINAPRES1R-27OCT24,KXARGENTINAPRES1R-27OCT24,9,KXARGENTINAPRES1R-27OCT24-JMIL;KXARGENTINAPRES1R-27OCT24-AKIC;KXARGENTINAPRES1R-27OCT24-SMAS;KXARGENTINAPRES1R-27OCT24-MBRE;KXARGENTINAPRES1R-27OCT24-JSCH;KXARGENTINAPRES1R-27OCT24-JGRA;KXARGENTINAPRES1R-27OCT24-PBUL;KXARGENTINAPRES1R-27OCT24-MMAC;KXARGENTINAPRES1R-27OCT24-VVIL,no;no;no;no;no;no;no;no;no,0.6200;0.7500;0.9300;0.9400;0.9400;0.9400;0.9500;0.9500;0.9600,4600;6076.2;11084.6;11331;11633.4;15421.5;13358.4;13056;14194.6,0,0.0,7.98,8,0.11,0.009,0.02,-0.099,-0.099,7.98,False,NO_POSITIVE_MARGINAL_EDGE,event_legs=9;fits_budget=True;gross_top_prefilter=0.02;k=9;min_bundle_outlay=8.099
2026-10-07T23:56:24+00:00,buy_all_no,KXCRITICSEDIT-27,KXCRITICSEDIT-27,16,KXCRITICSEDIT-27-ODY;KXCRITICSEDIT-27-DUN;KXCRITICSEDIT-27-LAB;KXCRITICSEDIT-27-PRO;KXCRITICSEDIT-27-INV;KXCRITICSEDIT-27-WIL;KXCRITICSEDIT-27-ELS;KXCRITICSEDIT-27-DIG;KXCRITICSEDIT-27-IPL;KXCRITICSEDIT-27-DEB;KXCRITICSEDIT-27-FJO;KXCRITICSEDIT-27-YOU;KXCRITICSEDIT-27-CLU;KXCRITICSEDIT-27-INK;KXCRITICSEDIT-27-SOC;KXCRITICSEDIT-27-TIE,no;no;no;no;no;no;no;no;no;no;no;no;no;no;no;no,0.4900;0.8600;0.9000;0.9600;0.9700;0.9800;0.9800;0.9800;0.9800;0.9800;0.9800;0.9800;0.9800;0.9800;0.9800;0.9800,2461;3325.48;1263;4575;3236;8638;3861;3861;3861;5385;5445.01;7385;3861;6133;5445.01;3861,0,0.0,14.96,15,0.17,0.016,0.04,-0.146,-0.146,14.96,False,NO_POSITIVE_MARGINAL_EDGE,event_legs=16;fits_budget=False;gross_top_prefilter=0.04;k=16;min_bundle_outlay=15.146
2026-10-07T23:56:24+00:00,buy_all_no,KXCRITICSPROD-27,KXCRITICSPROD-27,16,KXCRITICSPROD-27-ODY;KXCRITICSPROD-27-DUN;KXCRITICSPROD-27-LAB;KXCRITICSPROD-27-WER;KXCRITICSPROD-27-FUR;KXCRITICSPROD-27-PRO;KXCRITICSPROD-27-WUT;KXCRITICSPROD-27-BAC;KXCRITICSPROD-27-SEN;KXCRITICSPROD-27-WIL;KXCRITICSPROD-27-FAT;KXCRITICSPROD-27-WILD;KXCRITICSPROD-27-INK;KXCRITICSPROD-27-DEV;KXCRITICSPROD-27-DIG;KXCRITICSPROD-27-TIE,no;no;no;no;no;no;no;no;no;no;no;no;no;no;no;no,0.5400;0.8500;0.9500;0.9500;0.9500;0.9600;0.9700;0.9700;0.9800;0.9800;0.9800;0.9800;0.9800;0.9800;0.9800;0.9800,3060;3226;6196;4180;6196;6816;10102;2776;6000;7584;7584;7584;6250;8584;8584;5625,0,0.0,14.98,15,0.17,0.016,0.02,-0.166,-0.166,14.98,False,NO_POSITIVE_MARGINAL_EDGE,event_legs=16;fits_budget=False;gross_top_prefilter=0.02;k=16;min_bundle_outlay=15.166
2026-10-07T23:56:24+00:00,buy_all_no,KXDWTSRANK-326DEC31,KXDWTSRANK-326DEC31,8,KXDWTSRANK-326DEC31-AGLE;KXDWTSRANK-326DEC31-HSHU;KXDWTSRANK-326DEC31-MHIG;KXDWTSRANK-326DEC31-EFRE;KXDWTSRANK-326DEC31-GROD;KXDWTSRANK-326DEC31-JDEW;KXDWTSRANK-326DEC31-CWOO;KXDWTSRANK-326DEC31-JSTIL,no;no;no;no;no;no;no;no,0.7500;0.7500;0.7500;0.8900;0.9500;0.9600;0.9600;0.9700,2;9;1902;2162.4;3029.4;2400;3000;4200,0,0.0,6.98,7,0.11,0.008,0.02,-0.098,-0.098,6.98,False,NO_POSITIVE_MARGINAL_EDGE,event_legs=16;fits_budget=True;gross_top_prefilter=0.02;k=8;min_bundle_outlay=7.098
2026-10-07T23:56:24+00:00,buy_all_no,KXTRUTHSOCIAL-26OCT10,KXTRUTHSOCIAL-26OCT10,8,KXTRUTHSOCIAL-26OCT10-B149;KXTRUTHSOCIAL-26OCT10-B169;KXTRUTHSOCIAL-26OCT10-B129;KXTRUTHSOCIAL-26OCT10-B109;KXTRUTHSOCIAL-26OCT10-B189;KXTRUTHSOCIAL-26OCT10-B209;KXTRUTHSOCIAL-26OCT10-B230;KXTRUTHSOCIAL-26OCT10-T240,no;no;no;no;no;no;no;no,0.7700;0.7900;0.8200;0.8800;0.8800;0.9300;0.9400;0.9700,32.01;2556;3536.3;364;1484.8;2213;2059.65;3363.23,0,0.0,6.98,7,0.11,0.008,0.02,-0.098,-0.098,6.98,False,NO_POSITIVE_MARGINAL_EDGE,event_legs=10;fits_budget=True;gross_top_prefilter=0.02;k=8;min_bundle_outlay=7.098
2026-10-07T23:56:24+00:00,buy_all_no,KXCRITICSCOMEDY-27,KXCRITICSCOMEDY-27,14,KXCRITICSCOMEDY-27-WID;KXCRITICSCOMEDY-27-HAC;KXCRITICSCOMEDY-27-BEA;KXCRITICSCOMEDY-27-ABB;KXCRITICSCOMEDY-27-SHR;KXCRITICSCOMEDY-27-MAR;KXCRITICSCOMEDY-27-NOB;KXCRITICSCOMEDY-27-ROO;KXCRITICSCOMEDY-27-COM;KXCRITICSCOMEDY-27-FOU;KXCRITICSCOMEDY-27-JUR;KXCRITICSCOMEDY-27-GHO;KXCRITICSCOMEDY-27-SCR;KXCRITICSCOMEDY-27-TIE,no;no;no;no;no;no;no;no;no;no;no;no;no;no,0.3500;0.8900;0.9600;0.9800;0.9800;0.9800;0.9800;0.9800;0.9800;0.9800;0.9800;0.9800;0.9800;0.9800,50;4411.56;10241;6545;5992;6295;6114;8890;10184;6184;6184;6184;6184;7059.01,0,0.0,12.98,13,0.15,0.014,0.02,-0.144,-0.144,12.98,False,NO_POSITIVE_MARGINAL_EDGE,event_legs=16;fits_budget=False;gross_top_prefilter=0.02;k=14;min_bundle_outlay=13.144
2026-10-07T23:56:24+00:00,buy_all_no,KXCRITICSHAIR-27,KXCRITICSHAIR-27,15,KXCRITICSHAIR-27-WER;KXCRITICSHAIR-27-DIG;KXCRITICSHAIR-27-ODY;KXCRITICSHAIR-27-DUN;KXCRITICSHAIR-27-CLA;KXCRITICSHAIR-27-BRI;KXCRITICSHAIR-27-EBE;KXCRITICSHAIR-27-WIC;KXCRITICSHAIR-27-MIC;KXCRITICSHAIR-27-LAB;KXCRITICSHAIR-27-IPL;KXCRITICSHAIR-27-FUR;KXCRITICSHAIR-27-ELS;KXCRITICSHAIR-27-ROS;KXCRITICSHAIR-27-ISG,no;no;no;no;no;no;no;no;no;no;no;no;no;no;no,0.7100;0.8200;0.8800;0.9000;0.9500;0.9500;0.9600;0.9600;0.9700;0.9800;0.9800;0.9800;0.9800;0.9800;0.9800,36;2421.1;2251.5;4571;6266.7;6167.57;4697;6697;7530;4599.01;4099.01;4349.01;5865;4059;3821,0,0.0,13.98,14,0.17,0.015,0.02,-0.165,-0.165,13.98,False,NO_POSITIVE_MARGINAL_EDGE,event_legs=16;fits_budget=False;gross_top_prefilter=0.02;k=15;min_bundle_outlay=14.165
2026-10-07T23:56:24+00:00,buy_all_no,KXTRUMPAPPROVE-26OCT08,KXTRUMPAPPROVE-26OCT08,9,KXTRUMPAPPROVE-26OCT08-E38.4;KXTRUMPAPPROVE-26OCT08-E38.5;KXTRUMPAPPROVE-26OCT08-E38.3;KXTRUMPAPPROVE-26OCT08-E38.6;KXTRUMPAPPROVE-26OCT08-U38.2;KXTRUMPAPPROVE-26OCT08-E38.2;KXTRUMPAPPROVE-26OCT08-E38.8;KXTRUMPAPPROVE-26OCT08-A38.8;KXTRUMPAPPROVE-26OCT08-E38.7,no;no;no;no;no;no;no;no;no,0.6800;0.7200;0.8300;0.9300;0.9400;0.9600;0.9700;0.9700;0.9800,2252.57;4738.28;3320.05;5928.5;5321.05;15961.4;17939;23824.3;45781.1,0,0.0,7.98,8,0.11,0.009,0.02,-0.099,-0.099,7.98,False,NO_POSITIVE_MARGINAL_EDGE,event_legs=9;fits_budget=True;gross_top_prefilter=0.02;k=9;min_bundle_outlay=8.099
2026-10-07T23:56:24+00:00,buy_all_no,KXESGOV-26OCT25,KXESGOV-26OCT25,2,KXESGOV-26OCT25-LPAZ;KXESGOV-26OCT25-RFER,no;no,0.1300;0.8600,3352.35;1537.85,0,0.0,0.99,1,0.02,0.002,0.01,-0.012,-0.012,0.99,False,NO_POSITIVE_MARGINAL_EDGE,event_legs=2;fits_budget=True;gross_top_prefilter=0.01;k=2;min_bundle_outlay=1.012
2026-10-07T23:56:24+00:00,buy_all_no,KXCA11PERSON-26,KXCA11PERSON-26,2,KXCA11PERSON-26-SWIE;KXCA11PERSON-26-CCHA,no;no,0.2000;0.7900,14.58;5,0,0.0,0.99,1,0.04,0.002,0.01,-0.032,-0.032,0.99,False,NO_POSITIVE_MARGINAL_EDGE,event_legs=2;fits_budget=True;gross_top_prefilter=0.01;k=2;min_bundle_outlay=1.032
2026-10-07T23:56:24+00:00,buy_all_no,KXSPAIN3RD-26NOV29-3,KXSPAIN3RD-26NOV29-3,3,KXSPAIN3RD-26NOV29-3-VOX;KXSPAIN3RD-26NOV29-3-PSOE;KXSPAIN3RD-26NOV29-3-PP,no;no;no,0.0800;0.9500;0.9600,7658.08;21233.7;24845,0,0.0,1.99,2,0.03,0.003,0.01,-0.023,-0.023,1.99,False,NO_POSITIVE_MARGINAL_EDGE,event_legs=3;fits_budget=True;gross_top_prefilter=0.01;k=3;min_bundle_outlay=2.023
2026-10-07T23:56:24+00:00,buy_all_no,KXNBAATLANTIC-26,KXNBAATLANTIC-26,4,KXNBAATLANTIC-26-NYK;KXNBAATLANTIC-26-BOS;KXNBAATLANTIC-26-PHI;KXNBAATLANTIC-26-TOR,no;no;no;no,0.6700;0.7100;0.7200;0.8900,291.67;500.17;5.42;1000,0,0.0,2.99,3,0.07,0.004,0.01,-0.064,-0.064,2.99,False,NO_POSITIVE_MARGINAL_EDGE,event_legs=5;fits_budget=True;gross_top_prefilter=0.01;k=4;min_bundle_outlay=3.064
2026-10-07T23:56:24+00:00,buy_all_no,KXKSSENGOVCOMBO-26NOV,KXKSSENGOVCOMBO-26NOV,4,KXKSSENGOVCOMBO-26NOV-REPREP;KXKSSENGOVCOMBO-26NOV-REPDEM;KXKSSENGOVCOMBO-26NOV-DEMDEM;KXKSSENGOVCOMBO-26NOV-DEMREP,no;no;no;no,0.4300;0.7900;0.8100;0.9600,1;294;17;40,0,0.0,2.99,3,0.07,0.004,0.01,-0.064,-0.064,2.99,False,NO_POSITIVE_MARGINAL_EDGE,event_legs=4;fits_budget=True;gross_top_prefilter=0.01;k=4;min_bundle_outlay=3.064
2026-10-07T23:56:24+00:00,buy_all_no,KXMLBAL-26,KXMLBAL-26,4,KXMLBAL-26-TB;KXMLBAL-26-CWS;KXMLBAL-26-NYY;KXMLBAL-26-CLE,no;no;no;no,0.4900;0.7200;0.8800;0.9000,497.49;2107.41;228.23;5284.14,0,0.0,2.99,3,0.06,0.004,0.01,-0.054,-0.054,2.99,False,NO_POSITIVE_MARGINAL_EDGE,event_legs=15;fits_budget=True;gross_top_prefilter=0.01;k=4;min_bundle_outlay=3.054
2026-10-07T23:56:24+00:00,buy_all_no,KXUEFANL-27,KXUEFANL-27,4,KXUEFANL-27-ESP;KXUEFANL-27-ENG;KXUEFANL-27-FRA;KXUEFANL-27-POR,no;no;no;no,0.6300;0.6900;0.7900;0.8800,2.81;5.96;225;5.29,0,0.0,2.99,3,0.07,0.004,0.01,-0.064,-0.064,2.99,False,NO_POSITIVE_MARGINAL_EDGE,event_legs=16;fits_budget=True;gross_top_prefilter=0.01;k=4;min_bundle_outlay=3.064
2026-10-07T23:56:24+00:00,buy_all_no,KXT20MATCH-26OCT090930WIIND,KXT20MATCH-26OCT090930WIIND,2,KXT20MATCH-26OCT090930WIIND-IND;KXT20MATCH-26OCT090930WIIND-WI,no;no,0.2600;0.7300,7.82;42.01,0,0.0,0.99,1,0.04,0.002,0.01,-0.032,-0.032,0.99,False,NO_POSITIVE_MARGINAL_EDGE,event_legs=2;fits_budget=True;gross_top_prefilter=0.01;k=2;min_bundle_outlay=1.032
2026-10-07T23:56:24+00:00,buy_all_no,KXMLB-26,KXMLB-26,8,KXMLB-26-LAD;KXMLB-26-MIL;KXMLB-26-TB;KXMLB-26-CWS;KXMLB-26-NYY;KXMLB-26-SD;KXMLB-26-ATL;KXMLB-26-CLE,no;no;no;no;no;no;no;no,0.6310;0.7950;0.8190;0.9220;0.9500;0.9500;0.9520;0.9620,97.67;304.38;207.73;255;213.02;210.59;2200;243.44,0,0.0,6.981,7,0.11,0.008,0.019,-0.099,-0.099,6.981,False,NO_POSITIVE_MARGINAL_EDGE,event_legs=30;fits_budget=True;gross_top_prefilter=0.016;k=8;min_bundle_outlay=7.099
2026-10-07T23:56:24+00:00,buy_all_no,KXR6GAME-26OCT081100DZC9,KXR6GAME-26OCT081100DZC9,2,KXR6GAME-26OCT081100DZC9-DZ;KXR6GAME-26OCT081100DZC9-C9,no;no,0.3300;0.6600,29;20,0,0.0,0.99,1,0.04,0.002,0.01,-0.032,-0.032,0.99,False,NO_POSITIVE_MARGINAL_EDGE,event_legs=2;fits_budget=True;gross_top_prefilter=0.01;k=2;min_bundle_outlay=1.032
2026-10-07T23:56:24+00:00,buy_all_no,KXMLBSERIESSCORE-26CWSCLEALDS,KXMLBSERIESSCORE-26CWSCLEALDS,3,KXMLBSERIESSCORE-26CWSCLEALDS-CWS31;KXMLBSERIESSCORE-26CWSCLEALDS-CLE32;KXMLBSERIESSCORE-26CWSCLEALDS-CWS32,no;no;no,0.4700;0.6900;0.8300,63.07;69.72;405,0,0.0,1.99,2,0.05,0.003,0.01,-0.043,-0.043,1.99,False,NO_POSITIVE_MARGINAL_EDGE,event_legs=6;fits_budget=True;gross_top_prefilter=0.01;k=3;min_bundle_outlay=2.043
2026-10-07T23:56:24+00:00,buy_all_no,KXLIGAMXGAME-26OCT09TIGTOL,KXLIGAMXGAME-26OCT09TIGTOL,3,KXLIGAMXGAME-26OCT09TIGTOL-TOL;KXLIGAMXGAME-26OCT09TIGTOL-TIG;KXLIGAMXGAME-26OCT09TIGTOL-TIE,no;no;no,0.5700;0.6800;0.7400,800.12;9.07;1042.16,0,0.0,1.99,2,0.06,0.003,0.01,-0.053,-0.053,1.99,False,NO_POSITIVE_MARGINAL_EDGE,event_legs=3;fits_budget=True;gross_top_prefilter=0.01;k=3;min_bundle_outlay=2.053
2026-10-07T23:56:24+00:00,buy_all_no,GOVPARTYNE-26,GOVPARTYNE-26,2,GOVPARTYNE-26-R;GOVPARTYNE-26-D,no;no,0.1000;0.8900,50;1646,0,0.0,0.99,1,0.02,0.002,0.01,-0.012,-0.012,0.99,False,NO_POSITIVE_MARGINAL_EDGE,event_legs=2;fits_budget=True;gross_top_prefilter=0.01;k=2;min_bundle_outlay=1.012
2026-10-07T23:56:24+00:00,buy_all_no,SENATEAR-26,SENATEAR-26,2,SENATEAR-26-R;SENATEAR-26-D,no;no,0.0620;0.9350,6532.31;631.11,0,0.0,0.997,1,0.02,0.002,0.003,-0.019,-0.019,0.997,False,NO_POSITIVE_MARGINAL_EDGE,event_legs=2;fits_budget=True;gross_top_prefilter=0.003;k=2;min_bundle_outlay=1.019
2026-10-07T23:56:24+00:00,buy_all_no,KXDSENATESEATS-27,KXDSENATESEATS-27,9,KXDSENATESEATS-27-ABOVE52;KXDSENATESEATS-27-52;KXDSENATESEATS-27-51;KXDSENATESEATS-27-50;KXDSENATESEATS-27-49;KXDSENATESEATS-27-48;KXDSENATESEATS-27-47;KXDSENATESEATS-27-BELOW45;KXDSENATESEATS-27-46,no;no;no;no;no;no;no;no;no,0.6300;0.8100;0.8600;0.8800;0.9240;0.9390;0.9710;0.9840;0.9840,9679.39;28;5200.11;424;513.14;13.58;99.78;16.83;259.46,0,0.0,7.982,8,0.11,0.009,0.018,-0.101,-0.101,7.982,False,NO_POSITIVE_MARGINAL_EDGE,event_legs=10;fits_budget=True;gross_top_prefilter=0.018;k=9;min_bundle_outlay=8.101
2026-10-07T23:56:24+00:00,buy_all_no,KXNHLGAME-26OCT08UTABOS,KXNHLGAME-26OCT08UTABOS,2,KXNHLGAME-26OCT08UTABOS-UTA;KXNHLGAME-26OCT08UTABOS-BOS,no;no,0.4600;0.5300,20.99;13.75,0,0.0,0.99,1,0.04,0.002,0.01,-0.032,-0.032,0.99,False,NO_POSITIVE_MARGINAL_EDGE,event_legs=2;fits_budget=True;gross_top_prefilter=0.01;k=2;min_bundle_outlay=1.032
2026-10-07T23:56:24+00:00,buy_all_no,SENATEFLS-26,SENATEFLS-26,2,SENATEFLS-26-R;SENATEFLS-26-D,no;no,0.0900;0.9080,8244.74;837.79,0,0.0,0.998,1,0.02,0.002,0.002,-0.02,-0.02,0.998,False,NO_POSITIVE_MARGINAL_EDGE,event_legs=2;fits_budget=True;gross_top_prefilter=0.002;k=2;min_bundle_outlay=1.02
2026-10-07T23:56:24+00:00,buy_all_no,KXODIMATCH-26OCT082330AUS-AINA,KXODIMATCH-26OCT082330AUS-AINA,2,KXODIMATCH-26OCT082330AUS-AINA-INA;KXODIMATCH-26OCT082330AUS-AINA-AUS-A,no;no,0.3700;0.6200,93.05;10.9,0,0.0,0.99,1,0.04,0.002,0.01,-0.032,-0.032,0.99,False,NO_POSITIVE_MARGINAL_EDGE,event_legs=2;fits_budget=True;gross_top_prefilter=0.01;k=2;min_bundle_outlay=1.032
2026-10-07T23:56:24+00:00,buy_all_no,KXATTYGENNY-26,KXATTYGENNY-26,2,KXATTYGENNY-26-D;KXATTYGENNY-26-R,no;no,0.0360;0.9590,6044.36;6289.28,0,0.0,0.995,1,0.02,0.002,0.005,-0.017,-0.017,0.995,False,NO_POSITIVE_MARGINAL_EDGE,event_legs=2;fits_budget=True;gross_top_prefilter=0.005;k=2;min_bundle_outlay=1.017
2026-10-07T23:56:24+00:00,buy_all_no,KXGOVCA-26,KXGOVCA-26,2,KXGOVCA-26-XBEC;KXGOVCA-26-SHIL,no;no,0.0360;0.9630,50000;501,0,0.0,0.999,1,0.02,0.002,0.001,-0.021,-0.021,0.999,False,NO_POSITIVE_MARGINAL_EDGE,event_legs=2;fits_budget=True;gross_top_prefilter=0.001;k=2;min_bundle_outlay=1.021
2026-10-07T23:56:24+00:00,buy_all_no,KXCAATTORNEYGENERAL-26,KXCAATTORNEYGENERAL-26,2,KXCAATTORNEYGENERAL-26-RBON;KXCAATTORNEYGENERAL-26-MGAT,no;no,0.0400;0.9600,16684;5978.03,0,0.0,1.0,1,0.02,0.002,0.0,-0.022,-0.022,1.0,False,NO_POSITIVE_MARGINAL_EDGE,event_legs=2;fits_budget=True;gross_top_prefilter=0.0;k=2;min_bundle_outlay=1.022
2026-10-07T23:56:24+00:00,buy_all_no,SENATEMS-26,SENATEMS-26,2,SENATEMS-26-R;SENATEMS-26-D,no;no,0.0880;0.9100,15793.2;81.51,0,0.0,0.998,1,0.02,0.002,0.002,-0.02,-0.02,0.998,False,NO_POSITIVE_MARGINAL_EDGE,event_legs=2;fits_budget=True;gross_top_prefilter=0.002;k=2;min_bundle_outlay=1.02
2026-10-07T23:56:24+00:00,buy_all_no,GOVPARTYNY-26,GOVPARTYNY-26,2,GOVPARTYNY-26-D;GOVPARTYNY-26-R,no;no,0.0490;0.9490,13031.5;21.36,0,0.0,0.998,1,0.02,0.002,0.002,-0.02,-0.02,0.998,False,NO_POSITIVE_MARGINAL_EDGE,event_legs=2;fits_budget=True;gross_top_prefilter=0.002;k=2;min_bundle_outlay=1.02
2026-10-07T23:56:24+00:00,buy_all_no,KXTAIPEIMAYOR-26NOV28,KXTAIPEIMAYOR-26NOV28,2,KXTAIPEIMAYOR-26NOV28-CWAN;KXTAIPEIMAYOR-26NOV28-SPY,no;no,0.2700;0.7300,25;25,0,0.0,1.0,1,0.04,0.002,0.0,-0.042,-0.042,1.0,False,NO_POSITIVE_MARGINAL_EDGE,event_legs=6;fits_budget=True;gross_top_prefilter=0.0;k=2;min_bundle_outlay=1.042
2026-10-07T23:56:24+00:00,buy_all_no,GOVPARTYKS-27,GOVPARTYKS-27,2,GOVPARTYKS-27-R;GOVPARTYKS-27-D,no;no,0.2500;0.7500,1.03;106.6,0,0.0,1.0,1,0.04,0.002,0.0,-0.042,-0.042,1.0,False,NO_POSITIVE_MARGINAL_EDGE,event_legs=2;fits_budget=True;gross_top_prefilter=0.0;k=2;min_bundle_outlay=1.042
2026-10-07T23:56:24+00:00,buy_all_no,GOVPARTYOK-26,GOVPARTYOK-26,2,GOVPARTYOK-26-R;GOVPARTYOK-26-D,no;no,0.0900;0.9090,25;10,0,0.0,0.999,1,0.02,0.002,0.001,-0.021,-0.021,0.999,False,NO_POSITIVE_MARGINAL_EDGE,event_legs=2;fits_budget=True;gross_top_prefilter=0.001;k=2;min_bundle_outlay=1.021
2026-10-07T23:56:24+00:00,buy_all_no,GOVPARTYIA-26,GOVPARTYIA-26,2,GOVPARTYIA-26-D;GOVPARTYIA-26-R,no;no,0.1200;0.8800,18052.9;14,0,0.0,1.0,1,0.02,0.002,0.0,-0.022,-0.022,1.0,False,NO_POSITIVE_MARGINAL_EDGE,event_legs=2;fits_budget=True;gross_top_prefilter=0.0;k=2;min_bundle_outlay=1.022
2026-10-07T23:56:24+00:00,buy_all_no,KXATTYGENMN-26,KXATTYGENMN-26,2,KXATTYGENMN-26-D;KXATTYGENMN-26-R,no;no,0.2500;0.7500,5017;4363.36,0,0.0,1.0,1,0.04,0.002,0.0,-0.042,-0.042,1.0,False,NO_POSITIVE_MARGINAL_EDGE,event_legs=2;fits_budget=True;gross_top_prefilter=0.0;k=2;min_bundle_outlay=1.042
2026-10-07T23:56:24+00:00,buy_all_no,KXRELOCATIONCHI-28,KXRELOCATIONCHI-28,3,KXRELOCATIONCHI-28-ILL;KXRELOCATIONCHI-28-IND;KXRELOCATIONCHI-28-REMAIN,no;no;no,0.3800;0.6600;0.9600,6.78;15.32;782.8,0,0.0,2.0,2,0.05,0.003,0.0,-0.053,-0.053,2.0,False,NO_POSITIVE_MARGINAL_EDGE,event_legs=4;fits_budget=True;gross_top_prefilter=0.0;k=3;min_bundle_outlay=2.053
2026-10-07T23:56:24+00:00,buy_all_no,KXHOUSERACE-TX23-26,KXHOUSERACE-TX23-26,2,KXHOUSERACE-TX23-26-R;KXHOUSERACE-TX23-26-D,no;no,0.3700;0.6300,78.76;330.48,0,0.0,1.0,1,0.04,0.002,0.0,-0.042,-0.042,1.0,False,NO_POSITIVE_MARGINAL_EDGE,event_legs=2;fits_budget=True;gross_top_prefilter=0.0;k=2;min_bundle_outlay=1.042
2026-10-07T23:56:24+00:00,buy_all_no,GOVPARTYFL-26,GOVPARTYFL-26,2,GOVPARTYFL-26-R;GOVPARTYFL-26-D,no;no,0.2300;0.7700,653.25;250149,0,0.0,1.0,1,0.04,0.002,0.0,-0.042,-0.042,1.0,False,NO_POSITIVE_MARGINAL_EDGE,event_legs=2;fits_budget=True;gross_top_prefilter=0.0;k=2;min_bundle_outlay=1.042
2026-10-07T23:56:24+00:00,buy_all_no,HOUSEMI7-26,HOUSEMI7-26,2,HOUSEMI7-26-D;HOUSEMI7-26-R,no;no,0.4000;0.6000,275.44;3169.38,0,0.0,1.0,1,0.04,0.002,0.0,-0.042,-0.042,1.0,False,NO_POSITIVE_MARGINAL_EDGE,event_legs=2;fits_budget=True;gross_top_prefilter=0.0;k=2;min_bundle_outlay=1.042
2026-10-07T23:56:24+00:00,buy_all_no,KXHOUSERACE-CO05-26,KXHOUSERACE-CO05-26,2,KXHOUSERACE-CO05-26-R;KXHOUSERACE-CO05-26-D,no;no,0.2500;0.7500,23.53;25,0,0.0,1.0,1,0.04,0.002,0.0,-0.042,-0.042,1.0,False,NO_POSITIVE_MARGINAL_EDGE,event_legs=2;fits_budget=True;gross_top_prefilter=0.0;k=2;min_bundle_outlay=1.042
2026-10-07T23:56:24+00:00,buy_all_no,GOVPARTYTX-26,GOVPARTYTX-26,2,GOVPARTYTX-26-R;GOVPARTYTX-26-D,no;no,0.2600;0.7400,1674.63;2672.75,0,0.0,1.0,1,0.04,0.002,0.0,-0.042,-0.042,1.0,False,NO_POSITIVE_MARGINAL_EDGE,event_legs=2;fits_budget=True;gross_top_prefilter=0.0;k=2;min_bundle_outlay=1.042
2026-10-07T23:56:24+00:00,buy_all_no,GOVPARTYGA-26,GOVPARTYGA-26,2,GOVPARTYGA-26-R;GOVPARTYGA-26-D,no;no,0.4600;0.5400,138.48;24.42,0,0.0,1.0,1,0.04,0.002,0.0,-0.042,-0.042,1.0,False,NO_POSITIVE_MARGINAL_EDGE,event_legs=2;fits_budget=True;gross_top_prefilter=0.0;k=2;min_bundle_outlay=1.042
2026-10-07T23:56:24+00:00,buy_all_no,HOUSEIA1-26,HOUSEIA1-26,2,HOUSEIA1-26-D;HOUSEIA1-26-R,no;no,0.1400;0.8600,17.09;28,0,0.0,1.0,1,0.02,0.002,0.0,-0.022,-0.022,1.0,False,NO_POSITIVE_MARGINAL_EDGE,event_legs=3;fits_budget=True;gross_top_prefilter=0.0;k=2;min_bundle_outlay=1.022
2026-10-07T23:56:24+00:00,buy_all_no,KXHOUSERACE-OH07-26,KXHOUSERACE-OH07-26,2,KXHOUSERACE-OH07-26-D;KXHOUSERACE-OH07-26-R,no;no,0.1900;0.8100,95;642,0,0.0,1.0,1,0.04,0.002,0.0,-0.042,-0.042,1.0,False,NO_POSITIVE_MARGINAL_EDGE,event_legs=2;fits_budget=True;gross_top_prefilter=0.0;k=2;min_bundle_outlay=1.042
2026-10-07T23:56:24+00:00,buy_all_no,SENATEAK-26,SENATEAK-26,2,SENATEAK-26-D;SENATEAK-26-R,no;no,0.2400;0.7600,284123;7050.74,0,0.0,1.0,1,0.04,0.002,0.0,-0.042,-0.042,1.0,False,NO_POSITIVE_MARGINAL_EDGE,event_legs=2;fits_budget=True;gross_top_prefilter=0.0;k=2;min_bundle_outlay=1.042
2026-10-07T23:56:24+00:00,buy_all_no,KXATTYGENAZ-26,KXATTYGENAZ-26,2,KXATTYGENAZ-26-D;KXATTYGENAZ-26-R,no;no,0.1900;0.8100,10;6295.95,0,0.0,1.0,1,0.04,0.002,0.0,-0.042,-0.042,1.0,False,NO_POSITIVE_MARGINAL_EDGE,event_legs=2;fits_budget=True;gross_top_prefilter=0.0;k=2;min_bundle_outlay=1.042
2026-10-07T23:56:24+00:00,buy_all_no,KXBALLONDOR-26,KXBALLONDOR-26,4,KXBALLONDOR-26-HKAN;KXBALLONDOR-26-LYAM;KXBALLONDOR-26-LMES;KXBALLONDOR-26-KMBA,no;no;no;no,0.5000;0.5700;0.9600;0.9700,177;5149.71;5098.16;33764.2,0,0.0,3.0,3,0.06,0.004,0.0,-0.064,-0.064,3.0,False,NO_POSITIVE_MARGINAL_EDGE,event_legs=31;fits_budget=True;gross_top_prefilter=0.0;k=4;min_bundle_outlay=3.064
2026-10-07T23:56:24+00:00,buy_all_no,KXUFCLHEAVYWEIGHTTITLE-26,KXUFCLHEAVYWEIGHTTITLE-26,2,KXUFCLHEAVYWEIGHTTITLE-26-CULB;KXUFCLHEAVYWEIGHTTITLE-26-MANK,no;no,0.0600;0.9400,306.23;197.67,0,0.0,1.0,1,0.02,0.002,0.0,-0.022,-0.022,1.0,False,NO_POSITIVE_MARGINAL_EDGE,event_legs=10;fits_budget=True;gross_top_prefilter=0.0;k=2;min_bundle_outlay=1.022
2026-10-07T23:56:24+00:00,buy_all_no,KXCBDECISIONCANADA-26OCT,KXCBDECISIONCANADA-26OCT,2,KXCBDECISIONCANADA-26OCT-H0;KXCBDECISIONCANADA-26OCT-H25,no;no,0.1900;0.8100,6.98;176.64,0,0.0,1.0,1,0.04,0.002,0.0,-0.042,-0.042,1.0,False,NO_POSITIVE_MARGINAL_EDGE,event_legs=5;fits_budget=True;gross_top_prefilter=0.0;k=2;min_bundle_outlay=1.042
2026-10-07T23:56:24+00:00,buy_all_no,KXDHOUSESEATS-27,KXDHOUSESEATS-27,12,KXDHOUSESEATS-27-232;KXDHOUSESEATS-27-236;KXDHOUSESEATS-27-240;KXDHOUSESEATS-27-249;KXDHOUSESEATS-27-244;KXDHOUSESEATS-27-228;KXDHOUSESEATS-27-248;KXDHOUSESEATS-27-224;KXDHOUSESEATS-27-210;KXDHOUSESEATS-27-220;KXDHOUSESEATS-27-212;KXDHOUSESEATS-27-216,no;no;no;no;no;no;no;no;no;no;no;no,0.8300;0.8700;0.8800;0.9000;0.9040;0.9080;0.9240;0.9260;0.9550;0.9610;0.9660;0.9690,57.37;1424.43;1323.62;1691.99;2000;0.67;1674.09;13.41;12.38;1;1002.34;3.06,0,0.0,10.993,11,0.12,0.012,0.007,-0.125,-0.125,10.993,False,NO_POSITIVE_MARGINAL_EDGE,event_legs=12;fits_budget=False;gross_top_prefilter=0.007;k=12;min_bundle_outlay=11.125
2026-10-07T23:56:24+00:00,buy_all_no,KXMISENATE-26,KXMISENATE-26,2,KXMISENATE-26-AELS;KXMISENATE-26-MROG,no;no,0.2900;0.7100,89.76;68.61,0,0.0,1.0,1,0.04,0.002,0.0,-0.042,-0.042,1.0,False,NO_POSITIVE_MARGINAL_EDGE,event_legs=4;fits_budget=True;gross_top_prefilter=0.0;k=2;min_bundle_outlay=1.042
2026-10-07T23:56:24+00:00,buy_all_no,KXNEXTTEAMNFL-26ARODGERS8,KXNEXTTEAMNFL-26ARODGERS8,2,KXNEXTTEAMNFL-26ARODGERS8-PIT;KXNEXTTEAMNFL-26ARODGERS8-NONE,no;no,0.0800;0.9200,1.57;25.17,0,0.0,1.0,1,0.02,0.002,0.0,-0.022,-0.022,1.0,False,NO_POSITIVE_MARGINAL_EDGE,event_legs=33;fits_budget=True;gross_top_prefilter=0.0;k=2;min_bundle_outlay=1.022
2026-10-07T23:56:24+00:00,buy_all_no,KXSPAIN2ND-26NOV29-2,KXSPAIN2ND-26NOV29-2,3,KXSPAIN2ND-26NOV29-2-PSOE;KXSPAIN2ND-26NOV29-2-PP;KXSPAIN2ND-26NOV29-2-VOX,no;no;no,0.1500;0.8900;0.9600,5421.94;11561.7;23744,0,0.0,2.0,2,0.03,0.003,0.0,-0.033,-0.033,2.0,False,NO_POSITIVE_MARGINAL_EDGE,event_legs=3;fits_budget=True;gross_top_prefilter=0.0;k=3;min_bundle_outlay=2.033
2026-10-07T23:56:24+00:00,buy_all_no,KXFEDDECISION-26DEC,KXFEDDECISION-26DEC,4,KXFEDDECISION-26DEC-H25;KXFEDDECISION-26DEC-H0;KXFEDDECISION-26DEC-C25;KXFEDDECISION-26DEC-H26,no;no;no;no,0.3000;0.7400;0.9800;0.9800,2061;1562;42;5001.78,0,0.0,3.0,3,0.06,0.004,0.0,-0.064,-0.064,3.0,False,NO_POSITIVE_MARGINAL_EDGE,event_legs=5;fits_budget=True;gross_top_prefilter=0.0;k=4;min_bundle_outlay=3.064
2026-10-07T23:56:24+00:00,buy_all_no,KXNFLGAME-26OCT18LACKC,KXNFLGAME-26OCT18LACKC,2,KXNFLGAME-26OCT18LACKC-KC;KXNFLGAME-26OCT18LACKC-LAC,no;no,0.2000;0.8100,57.1;72.63,0,0.0,1.01,1,0.04,0.002,-0.01,-0.052,-0.052,1.01,False,NO_POSITIVE_MARGINAL_EDGE,event_legs=2;fits_budget=True;gross_top_prefilter=0.0;k=2;min_bundle_outlay=1.052
2026-10-07T23:56:24+00:00,buy_all_no,KXNFLGAME-26OCT18CHIATL,KXNFLGAME-26OCT18CHIATL,2,KXNFLGAME-26OCT18CHIATL-CHI;KXNFLGAME-26OCT18CHIATL-ATL,no;no,0.4700;0.5300,11.62;56.5,0,0.0,1.0,1,0.04,0.002,0.0,-0.042,-0.042,1.0,False,NO_POSITIVE_MARGINAL_EDGE,event_legs=2;fits_budget=True;gross_top_prefilter=0.0;k=2;min_bundle_outlay=1.042
2026-10-07T23:56:24+00:00,buy_all_no,KXWODIMATCH-26OCT102350BANAUS,KXWODIMATCH-26OCT102350BANAUS,2,KXWODIMATCH-26OCT102350BANAUS-AUS;KXWODIMATCH-26OCT102350BANAUS-BAN,no;no,0.0400;0.9600,187.12;300,0,0.0,1.0,1,0.02,0.002,0.0,-0.022,-0.022,1.0,False,NO_POSITIVE_MARGINAL_EDGE,event_legs=2;fits_budget=True;gross_top_prefilter=0.0;k=2;min_bundle_outlay=1.022
2026-10-07T23:56:24+00:00,buy_all_no,KXNCAAFGAME-26OCT10CARKAC,KXNCAAFGAME-26OCT10CARKAC,2,KXNCAAFGAME-26OCT10CARKAC-AC;KXNCAAFGAME-26OCT10CARKAC-CARK,no;no,0.2600;0.7400,0.67;4,0,0.0,1.0,1,0.04,0.002,0.0,-0.042,-0.042,1.0,False,NO_POSITIVE_MARGINAL_EDGE,event_legs=2;fits_budget=True;gross_top_prefilter=0.0;k=2;min_bundle_outlay=1.042
2026-10-07T23:56:24+00:00,buy_all_no,KXNFLGAME-26OCT12BUFLAR,KXNFLGAME-26OCT12BUFLAR,2,KXNFLGAME-26OCT12BUFLAR-LAR;KXNFLGAME-26OCT12BUFLAR-BUF,no;no,0.4000;0.6000,41.26;9231.3,0,0.0,1.0,1,0.04,0.002,0.0,-0.042,-0.042,1.0,False,NO_POSITIVE_MARGINAL_EDGE,event_legs=2;fits_budget=True;gross_top_prefilter=0.0;k=2;min_bundle_outlay=1.042
2026-10-07T23:56:24+00:00,buy_all_no,KXUFCFIGHT-26OCT10PRABON,KXUFCFIGHT-26OCT10PRABON,2,KXUFCFIGHT-26OCT10PRABON-PRA;KXUFCFIGHT-26OCT10PRABON-BON,no;no,0.5000;0.5000,10844.4;3.76,0,0.0,1.0,1,0.04,0.002,0.0,-0.042,-0.042,1.0,False,NO_POSITIVE_MARGINAL_EDGE,event_legs=2;fits_budget=True;gross_top_prefilter=0.0;k=2;min_bundle_outlay=1.042
2026-10-07T23:56:24+00:00,buy_all_no,KXNCAAFGAME-26OCT10SDSUORST,KXNCAAFGAME-26OCT10SDSUORST,2,KXNCAAFGAME-26OCT10SDSUORST-ORST;KXNCAAFGAME-26OCT10SDSUORST-SDSU,no;no,0.1500;0.8500,6111;31.84,0,0.0,1.0,1,0.02,0.002,0.0,-0.022,-0.022,1.0,False,NO_POSITIVE_MARGINAL_EDGE,event_legs=2;fits_budget=True;gross_top_prefilter=0.0;k=2;min_bundle_outlay=1.022
2026-10-07T23:56:24+00:00,buy_all_no,KXNCAAFGAME-26OCT10KENTWMU,KXNCAAFGAME-26OCT10KENTWMU,2,KXNCAAFGAME-26OCT10KENTWMU-WMU;KXNCAAFGAME-26OCT10KENTWMU-KENT,no;no,0.1600;0.8400,3;3875,0,0.0,1.0,1,0.02,0.002,0.0,-0.022,-0.022,1.0,False,NO_POSITIVE_MARGINAL_EDGE,event_legs=2;fits_budget=True;gross_top_prefilter=0.0;k=2;min_bundle_outlay=1.022
2026-10-07T23:56:24+00:00,buy_all_no,KXNCAAFGAME-26OCT10TEXOKLA,KXNCAAFGAME-26OCT10TEXOKLA,2,KXNCAAFGAME-26OCT10TEXOKLA-TEX;KXNCAAFGAME-26OCT10TEXOKLA-OKLA,no;no,0.2500;0.7500,13645.6;6846.11,0,0.0,1.0,1,0.04,0.002,0.0,-0.042,-0.042,1.0,False,NO_POSITIVE_MARGINAL_EDGE,event_legs=2;fits_budget=True;gross_top_prefilter=0.0;k=2;min_bundle_outlay=1.042
2026-10-07T23:56:24+00:00,buy_all_no,KXNCAAFGAME-26OCT10JMUGASO,KXNCAAFGAME-26OCT10JMUGASO,2,KXNCAAFGAME-26OCT10JMUGASO-JMU;KXNCAAFGAME-26OCT10JMUGASO-GASO,no;no,0.2600;0.7400,2.4;3162,0,0.0,1.0,1,0.04,0.002,0.0,-0.042,-0.042,1.0,False,NO_POSITIVE_MARGINAL_EDGE,event_legs=2;fits_budget=True;gross_top_prefilter=0.0;k=2;min_bundle_outlay=1.042
2026-10-07T23:56:24+00:00,buy_all_no,KXEPLGAME-26OCT10MUNTOT,KXEPLGAME-26OCT10MUNTOT,3,KXEPLGAME-26OCT10MUNTOT-MUN;KXEPLGAME-26OCT10MUNTOT-TIE;KXEPLGAME-26OCT10MUNTOT-TOT,no;no;no,0.4300;0.7800;0.7900,6033.95;290;28,0,0.0,2.0,2,0.06,0.003,0.0,-0.063,-0.063,2.0,False,NO_POSITIVE_MARGINAL_EDGE,event_legs=3;fits_budget=True;gross_top_prefilter=0.0;k=3;min_bundle_outlay=2.063
2026-10-07T23:56:24+00:00,buy_all_no,KXNCAAFGAME-26OCT10ARIZWVU,KXNCAAFGAME-26OCT10ARIZWVU,2,KXNCAAFGAME-26OCT10ARIZWVU-ARIZ;KXNCAAFGAME-26OCT10ARIZWVU-WVU,no;no,0.4000;0.6100,68.52;54383.7,0,0.0,1.01,1,0.04,0.002,-0.01,-0.052,-0.052,1.01,False,NO_POSITIVE_MARGINAL_EDGE,event_legs=2;fits_budget=True;gross_top_prefilter=0.0;k=2;min_bundle_outlay=1.052
2026-10-07T23:56:24+00:00,buy_all_no,KXCRITICSCOM-27,KXCRITICSCOM-27,12,KXCRITICSCOM-27-INV;KXCRITICSCOM-27-DEB;KXCRITICSCOM-27-COY;KXCRITICSCOM-27-WIL;KXCRITICSCOM-27-CLU;KXCRITICSCOM-27-DRA;KXCRITICSCOM-27-FUR;KXCRITICSCOM-27-SHE;KXCRITICSCOM-27-PRO;KXCRITICSCOM-27-ILO;KXCRITICSCOM-27-DIG;KXCRITICSCOM-27-DEV,no;no;no;no;no;no;no;no;no;no;no;no,0.7500;0.8100;0.8800;0.8900;0.9300;0.9400;0.9500;0.9600;0.9600;0.9700;0.9800;0.9800,2.65;76;330;4623.44;5887.52;6687.44;6148.54;5789.58;7608.58;6192.58;7776.58;6192.58,0,0.0,11.0,11,0.14,0.012,0.0,-0.152,-0.152,11.0,False,NO_POSITIVE_MARGINAL_EDGE,event_legs=16;fits_budget=False;gross_top_prefilter=0.0;k=12;min_bundle_outlay=11.152
2026-10-07T23:56:24+00:00,buy_all_no,KXCHINAAI-26OCT19,KXCHINAAI-26OCT19,9,KXCHINAAI-26OCT19-XIAO;KXCHINAAI-26OCT19-ALIB;KXCHINAAI-26OCT19-BYTE;KXCHINAAI-26OCT19-ZAI;KXCHINAAI-26OCT19-DEEP;KXCHINAAI-26OCT19-MOON;KXCHINAAI-26OCT19-MINI;KXCHINAAI-26OCT19-TENC;KXCHINAAI-26OCT19-MEIT,no;no;no;no;no;no;no;no;no,0.3700;0.8200;0.9600;0.9600;0.9700;0.9800;0.9800;0.9800;0.9800,5;397.95;89.91;3719;3561.91;3624;8424;8428;4958.91,0,0.0,8.0,8,0.11,0.009,0.0,-0.119,-0.119,8.0,False,NO_POSITIVE_MARGINAL_EDGE,event_legs=10;fits_budget=True;gross_top_prefilter=0.0;k=9;min_bundle_outlay=8.119
2026-10-07T23:56:24+00:00,buy_all_no,KXCRITICSACTR-27,KXCRITICSACTR-27,15,KXCRITICSACTR-27-JMOO;KXCRITICSACTR-27-INAV;KXCRITICSACTR-27-SHUL;KXCRITICSACTR-27-CCOO;KXCRITICSACTR-27-RREI;KXCRITICSACTR-27-OWIL;KXCRITICSACTR-27-MBAI;KXCRITICSACTR-27-RELE;KXCRITICSACTR-27-RMAD;KXCRITICSACTR-27-EBLU;KXCRITICSACTR-27-MMAD;KXCRITICSACTR-27-VEFI;KXCRITICSACTR-27-MREE;KXCRITICSACTR-27-LSEY;KXCRITICSACTR-27-JDOY,no;no;no;no;no;no;no;no;no;no;no;no;no;no;no,0.4300;0.8500;0.9600;0.9800;0.9800;0.9800;0.9800;0.9800;0.9800;0.9800;0.9800;0.9800;0.9800;0.9800;0.9800,53;3188;8742;9484;9484;9084;6007;5555.01;9384;6104;6870;6659;5309;5684.01;5059,0,0.0,14.0,14,0.16,0.015,0.0,-0.175,-0.175,14.0,False,NO_POSITIVE_MARGINAL_EDGE,event_legs=16;fits_budget=False;gross_top_prefilter=0.0;k=15;min_bundle_outlay=14.175
2026-10-07T23:56:24+00:00,buy_all_no,KXFIFAWGAME-26OCT09GRCENG,KXFIFAWGAME-26OCT09GRCENG,3,KXFIFAWGAME-26OCT09GRCENG-ENG;KXFIFAWGAME-26OCT09GRCENG-GRC;KXFIFAWGAME-26OCT09GRCENG-TIE,no;no;no,0.0600;0.9700;0.9700,105.23;113.49;1320.23,0,0.0,2.0,2,0.03,0.003,0.0,-0.033,-0.033,2.0,False,NO_POSITIVE_MARGINAL_EDGE,event_legs=3;fits_budget=True;gross_top_prefilter=0.0;k=3;min_bundle_outlay=2.033
2026-10-07T23:56:24+00:00,buy_all_no,KXOWGAME-26OCT090700ZETASEI,KXOWGAME-26OCT090700ZETASEI,2,KXOWGAME-26OCT090700ZETASEI-ZETA;KXOWGAME-26OCT090700ZETASEI-SEI,no;no,0.0400;0.9600,226.05;248.32,0,0.0,1.0,1,0.02,0.002,0.0,-0.022,-0.022,1.0,False,NO_POSITIVE_MARGINAL_EDGE,event_legs=2;fits_budget=True;gross_top_prefilter=0.0;k=2;min_bundle_outlay=1.022
2026-10-07T23:56:24+00:00,buy_all_no,KXNBAGAME-26OCT09HOUDAL,KXNBAGAME-26OCT09HOUDAL,2,KXNBAGAME-26OCT09HOUDAL-DAL;KXNBAGAME-26OCT09HOUDAL-HOU,no;no,0.3400;0.6600,2.8;144.01,0,0.0,1.0,1,0.04,0.002,0.0,-0.042,-0.042,1.0,False,NO_POSITIVE_MARGINAL_EDGE,event_legs=2;fits_budget=True;gross_top_prefilter=0.0;k=2;min_bundle_outlay=1.042
2026-10-07T23:56:24+00:00,buy_all_no,KXWTA-26BEIJIN,KXWTA-26BEIJIN,8,KXWTA-26BEIJIN-SWI;KXWTA-26BEIJIN-AND;KXWTA-26BEIJIN-MUC;KXWTA-26BEIJIN-SVI;KXWTA-26BEIJIN-ZHE;KXWTA-26BEIJIN-MER;KXWTA-26BEIJIN-BAR;KXWTA-26BEIJIN-ALE,no;no;no;no;no;no;no;no,0.6700;0.7700;0.8000;0.8800;0.9600;0.9700;0.9700;0.9800,5;103;101;100;504;432;100;234,0,0.0,7.0,7,0.11,0.008,0.0,-0.118,-0.118,7.0,False,NO_POSITIVE_MARGINAL_EDGE,event_legs=32;fits_budget=True;gross_top_prefilter=0.0;k=8;min_bundle_outlay=7.118
2026-10-07T23:56:24+00:00,buy_all_no,KXCS2GAME-26OCT081300BLASIN,KXCS2GAME-26OCT081300BLASIN,2,KXCS2GAME-26OCT081300BLASIN-BLA;KXCS2GAME-26OCT081300BLASIN-SIN,no;no,0.5000;0.5000,99;276,0,0.0,1.0,1,0.04,0.002,0.0,-0.042,-0.042,1.0,False,NO_POSITIVE_MARGINAL_EDGE,event_legs=2;fits_budget=True;gross_top_prefilter=0.0;k=2;min_bundle_outlay=1.042
2026-10-07T23:56:24+00:00,buy_all_no,KXNCAAFGAME-26OCT09WSUUSU,KXNCAAFGAME-26OCT09WSUUSU,2,KXNCAAFGAME-26OCT09WSUUSU-USU;KXNCAAFGAME-26OCT09WSUUSU-WSU,no;no,0.3500;0.6500,243;272.77,0,0.0,1.0,1,0.04,0.002,0.0,-0.042,-0.042,1.0,False,NO_POSITIVE_MARGINAL_EDGE,event_legs=2;fits_budget=True;gross_top_prefilter=0.0;k=2;min_bundle_outlay=1.042
2026-10-07T23:56:24+00:00,buy_all_no,KXNBAGAME-26OCT08NOPMIA,KXNBAGAME-26OCT08NOPMIA,2,KXNBAGAME-26OCT08NOPMIA-MIA;KXNBAGAME-26OCT08NOPMIA-NOP,no;no,0.2900;0.7100,89.75;23.28,0,0.0,1.0,1,0.04,0.002,0.0,-0.042,-0.042,1.0,False,NO_POSITIVE_MARGINAL_EDGE,event_legs=2;fits_budget=True;gross_top_prefilter=0.0;k=2;min_bundle_outlay=1.042
2026-10-07T23:56:24+00:00,buy_all_no,KXITFMATCH-26OCT08BOUDAL,KXITFMATCH-26OCT08BOUDAL,2,KXITFMATCH-26OCT08BOUDAL-DAL;KXITFMATCH-26OCT08BOUDAL-BOU,no;no,0.3500;0.6500,3;50,0,0.0,1.0,1,0.04,0.002,0.0,-0.042,-0.042,1.0,False,NO_POSITIVE_MARGINAL_EDGE,event_legs=2;fits_budget=True;gross_top_prefilter=0.0;k=2;min_bundle_outlay=1.042
2026-10-07T23:56:24+00:00,buy_all_no,KXWTAMATCH-26OCT07MERSWI,KXWTAMATCH-26OCT07MERSWI,2,KXWTAMATCH-26OCT07MERSWI-SWI;KXWTAMATCH-26OCT07MERSWI-MER,no;no,0.2000;0.8000,86.73;10,0,0.0,1.0,1,0.04,0.002,0.0,-0.042,-0.042,1.0,False,NO_POSITIVE_MARGINAL_EDGE,event_legs=2;fits_budget=True;gross_top_prefilter=0.0;k=2;min_bundle_outlay=1.042
2026-10-07T23:56:24+00:00,buy_all_no,KXNCAAFGAME-26OCT10TULNARMY,KXNCAAFGAME-26OCT10TULNARMY,2,KXNCAAFGAME-26OCT10TULNARMY-ARMY;KXNCAAFGAME-26OCT10TULNARMY-TULN,no;no,0.4000;0.6000,46.22;39.88,0,0.0,1.0,1,0.04,0.002,0.0,-0.042,-0.042,1.0,False,NO_POSITIVE_MARGINAL_EDGE,event_legs=2;fits_budget=True;gross_top_prefilter=0.0;k=2;min_bundle_outlay=1.042
2026-10-07T23:56:24+00:00,buy_all_no,KXCS2GAME-26OCT072100FARVIL,KXCS2GAME-26OCT072100FARVIL,2,KXCS2GAME-26OCT072100FARVIL-VIL;KXCS2GAME-26OCT072100FARVIL-FAR,no;no,0.5200;0.5000,152;1,0,0.0,1.02,1,0.04,0.002,-0.02,-0.062,-0.062,1.02,False,NO_POSITIVE_MARGINAL_EDGE,event_legs=2;fits_budget=True;gross_top_prefilter=0.0;k=2;min_bundle_outlay=1.062
2026-10-07T23:56:24+00:00,buy_all_no,KXWTACHALLENGERMATCH-26OCT07KALKOR,KXWTACHALLENGERMATCH-26OCT07KALKOR,2,KXWTACHALLENGERMATCH-26OCT07KALKOR-KAL;KXWTACHALLENGERMATCH-26OCT07KALKOR-KOR,no;no,0.5000;0.5000,498;1264.1,0,0.0,1.0,1,0.04,0.002,0.0,-0.042,-0.042,1.0,False,NO_POSITIVE_MARGINAL_EDGE,event_legs=2;fits_budget=True;gross_top_prefilter=0.0;k=2;min_bundle_outlay=1.042
2026-10-07T23:56:24+00:00,buy_all_no,KXITFMATCH-26OCT07DELCHI,KXITFMATCH-26OCT07DELCHI,2,KXITFMATCH-26OCT07DELCHI-DEL;KXITFMATCH-26OCT07DELCHI-CHI,no;no,0.1000;0.9000,9;403,0,0.0,1.0,1,0.02,0.002,0.0,-0.022,-0.022,1.0,False,NO_POSITIVE_MARGINAL_EDGE,event_legs=2;fits_budget=True;gross_top_prefilter=0.0;k=2;min_bundle_outlay=1.022
2026-10-07T23:56:24+00:00,buy_all_no,KXNASCARRACE-BANOA26,KXNASCARRACE-BANOA26,14,KXNASCARRACE-BANOA26-CHBE;KXNASCARRACE-BANOA26-DEHA;KXNASCARRACE-BANOA26-KYLA;KXNASCARRACE-BANOA26-CHBR;KXNASCARRACE-BANOA26-TYRE;KXNASCARRACE-BANOA26-RYBL;KXNASCARRACE-BANOA26-TYGI;KXNASCARRACE-BANOA26-WIBY;KXNASCARRACE-BANOA26-JOLO;KXNASCARRACE-BANOA26-BUWA;KXNASCARRACE-BANOA26-CHEL;KXNASCARRACE-BANOA26-CAHO;KXNASCARRACE-BANOA26-AUCI;KXNASCARRACE-BANOA26-COHE,no;no;no;no;no;no;no;no;no;no;no;no;no;no,0.8400;0.8500;0.8500;0.8800;0.9100;0.9400;0.9400;0.9500;0.9700;0.9700;0.9700;0.9700;0.9800;0.9800,7.63;20.1;100;89;100;25.08;408.12;125.32;2141.7;11044;559;1190.49;795.12;100,0,0.0,13.0,13,0.14,0.014,0.0,-0.154,-0.154,13.0,False,NO_POSITIVE_MARGINAL_EDGE,event_legs=39;fits_budget=False;gross_top_prefilter=0.0;k=14;min_bundle_outlay=13.154
2026-10-07T23:56:24+00:00,buy_all_no,KXNCAAFGAME-26OCT07NMSUFIU,KXNCAAFGAME-26OCT07NMSUFIU,2,KXNCAAFGAME-26OCT07NMSUFIU-FIU;KXNCAAFGAME-26OCT07NMSUFIU-NMSU,no;no,0.2900;0.7100,4845.64;15228.6,0,0.0,1.0,1,0.04,0.002,0.0,-0.042,-0.042,1.0,False,NO_POSITIVE_MARGINAL_EDGE,event_legs=2;fits_budget=True;gross_top_prefilter=0.0;k=2;min_bundle_outlay=1.042
2026-10-07T23:56:24+00:00,buy_all_no,KXNBAGAME-26OCT08WASNYK,KXNBAGAME-26OCT08WASNYK,2,KXNBAGAME-26OCT08WASNYK-NYK;KXNBAGAME-26OCT08WASNYK-WAS,no;no,0.3500;0.6500,0.76;2975.27,0,0.0,1.0,1,0.04,0.002,0.0,-0.042,-0.042,1.0,False,NO_POSITIVE_MARGINAL_EDGE,event_legs=2;fits_budget=True;gross_top_prefilter=0.0;k=2;min_bundle_outlay=1.042
2026-10-07T23:56:24+00:00,buy_all_no,KXWNBAGAME-26OCT07LVGS,KXWNBAGAME-26OCT07LVGS,2,KXWNBAGAME-26OCT07LVGS-GS;KXWNBAGAME-26OCT07LVGS-LV,no;no,0.4700;0.5300,117266;58285.3,0,0.0,1.0,1,0.04,0.002,0.0,-0.042,-0.042,1.0,False,NO_POSITIVE_MARGINAL_EDGE,event_legs=2;fits_budget=True;gross_top_prefilter=0.0;k=2;min_bundle_outlay=1.042
2026-10-07T23:56:24+00:00,buy_all_no,KXATPMATCH-26OCT06NAVCAR,KXATPMATCH-26OCT06NAVCAR,2,KXATPMATCH-26OCT06NAVCAR-NAV;KXATPMATCH-26OCT06NAVCAR-CAR,no;no,0.4200;0.5800,330;1300,0,0.0,1.0,1,0.04,0.002,0.0,-0.042,-0.042,1.0,False,NO_POSITIVE_MARGINAL_EDGE,event_legs=2;fits_budget=True;gross_top_prefilter=0.0;k=2;min_bundle_outlay=1.042
2026-10-07T23:56:24+00:00,buy_all_no,KXATPMATCH-26OCT06MUNBRO,KXATPMATCH-26OCT06MUNBRO,2,KXATPMATCH-26OCT06MUNBRO-MUN;KXATPMATCH-26OCT06MUNBRO-BRO,no;no,0.3600;0.6400,7412.95;1230,0,0.0,1.0,1,0.04,0.002,0.0,-0.042,-0.042,1.0,False,NO_POSITIVE_MARGINAL_EDGE,event_legs=2;fits_budget=True;gross_top_prefilter=0.0;k=2;min_bundle_outlay=1.042
2026-10-07T23:56:24+00:00,buy_all_no,KXATPSETWINNER-26OCT06VANMER-1,KXATPSETWINNER-26OCT06VANMER-1,2,KXATPSETWINNER-26OCT06VANMER-1-VAN;KXATPSETWINNER-26OCT06VANMER-1-MER,no;no,0.4900;0.5100,1793;0.02,0,0.0,1.0,1,0.04,0.002,0.0,-0.042,-0.042,1.0,False,NO_POSITIVE_MARGINAL_EDGE,event_legs=2;fits_budget=True;gross_top_prefilter=0.0;k=2;min_bundle_outlay=1.042
2026-10-07T23:56:24+00:00,buy_all_no,KXATPMATCH-26OCT06HURDUC,KXATPMATCH-26OCT06HURDUC,2,KXATPMATCH-26OCT06HURDUC-HUR;KXATPMATCH-26OCT06HURDUC-DUC,no;no,0.3000;0.7000,1053.92;750,0,0.0,1.0,1,0.04,0.002,0.0,-0.042,-0.042,1.0,False,NO_POSITIVE_MARGINAL_EDGE,event_legs=2;fits_budget=True;gross_top_prefilter=0.0;k=2;min_bundle_outlay=1.042
2026-10-07T23:56:24+00:00,buy_all_no,KXMLBF3-26OCT072000TBNYY,KXMLBF3-26OCT072000TBNYY,3,KXMLBF3-26OCT072000TBNYY-NYY;KXMLBF3-26OCT072000TBNYY-TB;KXMLBF3-26OCT072000TBNYY-TIE,no;no;no,0.5500;0.7100;0.7400,440;490;640,0,0.0,2.0,2,0.06,0.003,0.0,-0.063,-0.063,2.0,False,NO_POSITIVE_MARGINAL_EDGE,event_legs=3;fits_budget=True;gross_top_prefilter=0.0;k=3;min_bundle_outlay=2.063
2026-10-07T23:56:24+00:00,buy_all_no,KXBRASILEIROGAME-26OCT07VITCHA,KXBRASILEIROGAME-26OCT07VITCHA,3,KXBRASILEIROGAME-26OCT07VITCHA-VIT;KXBRASILEIROGAME-26OCT07VITCHA-TIE;KXBRASILEIROGAME-26OCT07VITCHA-CHA,no;no;no,0.2150;0.8300;0.9550,2875;125;6067,0,0.0,2.0,2,0.04,0.003,0.0,-0.043,-0.043,2.0,False,NO_POSITIVE_MARGINAL_EDGE,event_legs=3;fits_budget=True;gross_top_prefilter=0.0;k=3;min_bundle_outlay=2.043
2026-10-07T23:56:24+00:00,buy_all_no,KXATPMATCH-26OCT06BORDIA,KXATPMATCH-26OCT06BORDIA,2,KXATPMATCH-26OCT06BORDIA-BOR;KXATPMATCH-26OCT06BORDIA-DIA,no;no,0.2500;0.7500,156.81;7274,0,0.0,1.0,1,0.04,0.002,0.0,-0.042,-0.042,1.0,False,NO_POSITIVE_MARGINAL_EDGE,event_legs=2;fits_budget=True;gross_top_prefilter=0.0;k=2;min_bundle_outlay=1.042
2026-10-07T23:56:24+00:00,buy_all_no,GOVPARTYAL-26,GOVPARTYAL-26,2,GOVPARTYAL-26-R;GOVPARTYAL-26-D,no;no,0.0850;0.9170,103.33;3546,0,0.0,1.002,1,0.02,0.002,-0.002,-0.024,-0.024,1.002,False,NO_POSITIVE_MARGINAL_EDGE,event_legs=2;fits_budget=True;gross_top_prefilter=-0.002;k=2;min_bundle_outlay=1.024
2026-10-07T23:56:24+00:00,buy_all_no,KXATPMATCH-26OCT06MARSVA,KXATPMATCH-26OCT06MARSVA,2,KXATPMATCH-26OCT06MARSVA-MAR;KXATPMATCH-26OCT06MARSVA-SVA,no;no,0.4500;0.5500,774;150,0,0.0,1.0,1,0.04,0.002,0.0,-0.042,-0.042,1.0,False,NO_POSITIVE_MARGINAL_EDGE,event_legs=2;fits_budget=True;gross_top_prefilter=0.0;k=2;min_bundle_outlay=1.042
2026-10-07T23:56:24+00:00,buy_all_no,KXHOUSERACE-TN05-26,KXHOUSERACE-TN05-26,2,KXHOUSERACE-TN05-26-R;KXHOUSERACE-TN05-26-D,no;no,0.0810;0.9220,24;78.47,0,0.0,1.003,1,0.02,0.002,-0.003,-0.025,-0.025,1.003,False,NO_POSITIVE_MARGINAL_EDGE,event_legs=2;fits_budget=True;gross_top_prefilter=-0.003;k=2;min_bundle_outlay=1.025
2026-10-07T23:56:24+00:00,buy_all_no,GOVPARTYPA-26,GOVPARTYPA-26,2,GOVPARTYPA-26-D;GOVPARTYPA-26-R,no;no,0.0230;0.9790,24911.7;433.19,0,0.0,1.002,1,0.02,0.002,-0.002,-0.024,-0.024,1.002,False,NO_POSITIVE_MARGINAL_EDGE,event_legs=2;fits_budget=True;gross_top_prefilter=-0.002;k=2;min_bundle_outlay=1.024
2026-10-07T23:56:24+00:00,buy_all_no,SENATELA-26,SENATELA-26,2,SENATELA-26-R;SENATELA-26-D,no;no,0.0380;0.9670,40;564,0,0.0,1.005,1,0.02,0.002,-0.005,-0.027,-0.027,1.005,False,NO_POSITIVE_MARGINAL_EDGE,event_legs=2;fits_budget=True;gross_top_prefilter=-0.005;k=2;min_bundle_outlay=1.027
2026-10-07T23:56:24+00:00,buy_all_no,SENATEGA-26,SENATEGA-26,2,SENATEGA-26-D;SENATEGA-26-R,no;no,0.0370;0.9660,2720.22;31.09,0,0.0,1.003,1,0.02,0.002,-0.003,-0.025,-0.025,1.003,False,NO_POSITIVE_MARGINAL_EDGE,event_legs=2;fits_budget=True;gross_top_prefilter=-0.003;k=2;min_bundle_outlay=1.025
2026-10-07T23:56:24+00:00,buy_all_no,GOVPARTYMA-26,GOVPARTYMA-26,2,GOVPARTYMA-26-D;GOVPARTYMA-26-R,no;no,0.0500;0.9510,550;701,0,0.0,1.001,1,0.02,0.002,-0.001,-0.023,-0.023,1.001,False,NO_POSITIVE_MARGINAL_EDGE,event_legs=2;fits_budget=True;gross_top_prefilter=-0.001;k=2;min_bundle_outlay=1.023
2026-10-07T23:56:24+00:00,buy_all_no,SENATENC-26,SENATENC-26,2,SENATENC-26-D;SENATENC-26-R,no;no,0.0320;0.9710,249990;94.13,0,0.0,1.003,1,0.02,0.002,-0.003,-0.025,-0.025,1.003,False,NO_POSITIVE_MARGINAL_EDGE,event_legs=2;fits_budget=True;gross_top_prefilter=-0.003;k=2;min_bundle_outlay=1.025
2026-10-07T23:56:24+00:00,buy_all_no,KXRATECUTCOUNT-26DEC31,KXRATECUTCOUNT-26DEC31,3,KXRATECUTCOUNT-26DEC31-T0;KXRATECUTCOUNT-26DEC31-T1;KXRATECUTCOUNT-26DEC31-T2,no;no;no,0.0500;0.9630;0.9880,15126.8;72.31;3677.24,0,0.0,2.001,2,0.03,0.003,-0.001,-0.034,-0.034,2.001,False,NO_POSITIVE_MARGINAL_EDGE,event_legs=21;fits_budget=True;gross_top_prefilter=-0.001;k=3;min_bundle_outlay=2.034
2026-10-07T23:56:24+00:00,buy_all_no,KXHIGHDEN-26OCT08,KXHIGHDEN-26OCT08,4,KXHIGHDEN-26OCT08-B85.5;KXHIGHDEN-26OCT08-B83.5;KXHIGHDEN-26OCT08-B87.5;KXHIGHDEN-26OCT08-B81.5,no;no;no;no,0.4300;0.6400;0.9500;0.9800,19;44;24.2;42.98,0,0.0,3.0,3,0.06,0.004,0.0,-0.064,-0.064,3.0,False,NO_POSITIVE_MARGINAL_EDGE,event_legs=6;fits_budget=True;gross_top_prefilter=-0.0;k=4;min_bundle_outlay=3.064
2026-10-07T23:56:24+00:00,buy_all_no,KXHOUSERACE-MN05-26,KXHOUSERACE-MN05-26,2,KXHOUSERACE-MN05-26-D;KXHOUSERACE-MN05-26-R,no;no,0.0290;0.9770,29;29,0,0.0,1.006,1,0.02,0.002,-0.006,-0.028,-0.028,1.006,False,NO_POSITIVE_MARGINAL_EDGE,event_legs=3;fits_budget=True;gross_top_prefilter=-0.006;k=2;min_bundle_outlay=1.028
2026-10-07T23:56:24+00:00,buy_all_no,KXBRASILEIROGAME-26OCT08PALBAH,KXBRASILEIROGAME-26OCT08PALBAH,3,KXBRASILEIROGAME-26OCT08PALBAH-PAL;KXBRASILEIROGAME-26OCT08PALBAH-TIE;KXBRASILEIROGAME-26OCT08PALBAH-BAH,no;no;no,0.3800;0.7900;0.8350,6;2708.09;810.08,0,0.0,2.005,2,0.05,0.003,-0.005,-0.058,-0.058,2.005,False,NO_POSITIVE_MARGINAL_EDGE,event_legs=3;fits_budget=True;gross_top_prefilter=-0.005;k=3;min_bundle_outlay=2.058
2026-10-07T23:56:24+00:00,buy_all_no,KXATTYGENSD-26,KXATTYGENSD-26,2,KXATTYGENSD-26-R;KXATTYGENSD-26-D,no;no,0.0350;0.9720,12717;4599,0,0.0,1.007,1,0.02,0.002,-0.007,-0.029,-0.029,1.007,False,NO_POSITIVE_MARGINAL_EDGE,event_legs=2;fits_budget=True;gross_top_prefilter=-0.007;k=2;min_bundle_outlay=1.029
2026-10-07T23:56:24+00:00,buy_all_no,KXHOUSERACE-TX24-26,KXHOUSERACE-TX24-26,2,KXHOUSERACE-TX24-26-R;KXHOUSERACE-TX24-26-D,no;no,0.0840;0.9230,23;10,0,0.0,1.007,1,0.02,0.002,-0.007,-0.029,-0.029,1.007,False,NO_POSITIVE_MARGINAL_EDGE,event_legs=2;fits_budget=True;gross_top_prefilter=-0.007;k=2;min_bundle_outlay=1.029
2026-10-07T23:56:24+00:00,buy_all_no,GOVPARTYNH-28,GOVPARTYNH-28,2,GOVPARTYNH-28-R;GOVPARTYNH-28-D,no;no,0.0780;0.9300,20;844.86,0,0.0,1.008,1,0.02,0.002,-0.008,-0.03,-0.03,1.008,False,NO_POSITIVE_MARGINAL_EDGE,event_legs=2;fits_budget=True;gross_top_prefilter=-0.008;k=2;min_bundle_outlay=1.03
2026-10-07T23:56:24+00:00,buy_all_no,KXGOVAK-26,KXGOVAK-26,3,KXGOVAK-26-JKRE;KXGOVAK-26-BWIL;KXGOVAK-26-TTAY,no;no;no,0.2300;0.7900;0.9860,50.06;0.71;63,0,0.0,2.006,2,0.05,0.003,-0.006,-0.059,-0.059,2.006,False,NO_POSITIVE_MARGINAL_EDGE,event_legs=16;fits_budget=True;gross_top_prefilter=-0.006;k=3;min_bundle_outlay=2.059
2026-10-07T23:56:24+00:00,buy_all_no,GOVPARTYMN-26,GOVPARTYMN-26,2,GOVPARTYMN-26-D;GOVPARTYMN-26-R,no;no,0.0550;0.9520,500.34;57.87,0,0.0,1.007,1,0.02,0.002,-0.007,-0.029,-0.029,1.007,False,NO_POSITIVE_MARGINAL_EDGE,event_legs=2;fits_budget=True;gross_top_prefilter=-0.007;k=2;min_bundle_outlay=1.029
2026-10-07T23:56:24+00:00,buy_all_no,GOVPARTYCA-26,GOVPARTYCA-26,2,GOVPARTYCA-26-D;GOVPARTYCA-26-R,no;no,0.0390;0.9680,12665.5;45.71,0,0.0,1.007,1,0.02,0.002,-0.007,-0.029,-0.029,1.007,False,NO_POSITIVE_MARGINAL_EDGE,event_legs=2;fits_budget=True;gross_top_prefilter=-0.007;k=2;min_bundle_outlay=1.029
2026-10-07T23:56:24+00:00,buy_all_no,SENATESD-26,SENATESD-26,2,SENATESD-26-R;SENATESD-26-BBEN,no;no,0.0790;0.9300,52.57;6525.77,0,0.0,1.009,1,0.02,0.002,-0.009,-0.031,-0.031,1.009,False,NO_POSITIVE_MARGINAL_EDGE,event_legs=3;fits_budget=True;gross_top_prefilter=-0.009;k=2;min_bundle_outlay=1.031
2026-10-07T23:56:24+00:00,buy_all_no,GOVPARTYCO-26,GOVPARTYCO-26,2,GOVPARTYCO-26-D;GOVPARTYCO-26-R,no;no,0.0390;0.9690,292.67;449.33,0,0.0,1.008,1,0.02,0.002,-0.008,-0.03,-0.03,1.008,False,NO_POSITIVE_MARGINAL_EDGE,event_legs=2;fits_budget=True;gross_top_prefilter=-0.008;k=2;min_bundle_outlay=1.03
2026-10-07T23:56:24+00:00,buy_all_no,KXATTYGENID-26,KXATTYGENID-26,2,KXATTYGENID-26-R;KXATTYGENID-26-D,no;no,0.0420;0.9660,238;1860,0,0.0,1.008,1,0.02,0.002,-0.008,-0.03,-0.03,1.008,False,NO_POSITIVE_MARGINAL_EDGE,event_legs=2;fits_budget=True;gross_top_prefilter=-0.008;k=2;min_bundle_outlay=1.03
2026-10-07T23:56:24+00:00,buy_all_no,KXRHOUSESEATS-27,KXRHOUSESEATS-27,9,KXRHOUSESEATS-27-193;KXRHOUSESEATS-27-200;KXRHOUSESEATS-27-205;KXRHOUSESEATS-27-195;KXRHOUSESEATS-27-210;KXRHOUSESEATS-27-215;KXRHOUSESEATS-27-220;KXRHOUSESEATS-27-225;KXRHOUSESEATS-27-230,no;no;no;no;no;no;no;no;no,0.6900;0.8300;0.8500;0.8600;0.9140;0.9460;0.9550;0.9770;0.9840,742.35;144.65;554.48;1388.33;143;4;18.45;20.99;250,0,0.0,8.006,8,0.1,0.009,-0.006,-0.115,-0.115,8.006,False,NO_POSITIVE_MARGINAL_EDGE,event_legs=11;fits_budget=True;gross_top_prefilter=-0.006;k=9;min_bundle_outlay=8.115
2026-10-07T23:56:24+00:00,buy_all_no,KXPRESPARTY-2028,KXPRESPARTY-2028,2,KXPRESPARTY-2028-D;KXPRESPARTY-2028-R,no;no,0.4200;0.5900,1546.8;413.92,0,0.0,1.01,1,0.04,0.002,-0.01,-0.052,-0.052,1.01,False,NO_POSITIVE_MARGINAL_EDGE,event_legs=2;fits_budget=True;gross_top_prefilter=-0.01;k=2;min_bundle_outlay=1.052
2026-10-07T23:56:24+00:00,buy_all_no,KXTXSENOUTCOME-27JAN,KXTXSENOUTCOME-27JAN,2,KXTXSENOUTCOME-27JAN-TALPAX;KXTXSENOUTCOME-27JAN-PAXTAL,no;no,0.3600;0.6500,1;11,0,0.0,1.01,1,0.04,0.002,-0.01,-0.052,-0.052,1.01,False,NO_POSITIVE_MARGINAL_EDGE,event_legs=2;fits_budget=True;gross_top_prefilter=-0.01;k=2;min_bundle_outlay=1.052
2026-10-07T23:56:24+00:00,buy_all_no,KXOHSENGOVCOMBO-26NOV,KXOHSENGOVCOMBO-26NOV,4,KXOHSENGOVCOMBO-26NOV-DEMDEM;KXOHSENGOVCOMBO-26NOV-REPREP;KXOHSENGOVCOMBO-26NOV-DEMREP;KXOHSENGOVCOMBO-26NOV-REPDEM,no;no;no;no,0.4600;0.7500;0.8700;0.9300,244;105;225;15,0,0.0,3.01,3,0.06,0.004,-0.01,-0.074,-0.074,3.01,False,NO_POSITIVE_MARGINAL_EDGE,event_legs=4;fits_budget=True;gross_top_prefilter=-0.01;k=4;min_bundle_outlay=3.074
2026-10-07T23:56:24+00:00,buy_all_no,SENATEID-26,SENATEID-26,2,SENATEID-26-R;SENATEID-26-TACH,no;no,0.0790;0.9300,437;32856.5,0,0.0,1.009,1,0.02,0.002,-0.009,-0.031,-0.031,1.009,False,NO_POSITIVE_MARGINAL_EDGE,event_legs=3;fits_budget=True;gross_top_prefilter=-0.009;k=2;min_bundle_outlay=1.031
2026-10-07T23:56:24+00:00,buy_all_no,KXLOSEREELECTIONDSEN-2026,KXLOSEREELECTIONDSEN-2026,3,KXLOSEREELECTIONDSEN-2026-0;KXLOSEREELECTIONDSEN-2026-2;KXLOSEREELECTIONDSEN-2026-1,no;no;no,0.0580;0.9700;0.9800,2410.01;0.01;4774,0,0.0,2.008,2,0.03,0.003,-0.008,-0.041,-0.041,2.008,False,NO_POSITIVE_MARGINAL_EDGE,event_legs=6;fits_budget=True;gross_top_prefilter=-0.008;k=3;min_bundle_outlay=2.041
2026-10-07T23:56:24+00:00,buy_all_no,GOVPARTYTN-26,GOVPARTYTN-26,2,GOVPARTYTN-26-R;GOVPARTYTN-26-D,no;no,0.0590;0.9500,1000;1497.47,0,0.0,1.009,1,0.02,0.002,-0.009,-0.031,-0.031,1.009,False,NO_POSITIVE_MARGINAL_EDGE,event_legs=2;fits_budget=True;gross_top_prefilter=-0.009;k=2;min_bundle_outlay=1.031
2026-10-07T23:56:24+00:00,buy_all_no,KXMNSENGOVCOMBO-26NOV,KXMNSENGOVCOMBO-26NOV,3,KXMNSENGOVCOMBO-26NOV-DEMDEM;KXMNSENGOVCOMBO-26NOV-DEMREP;KXMNSENGOVCOMBO-26NOV-REPDEM,no;no;no,0.1300;0.9100;0.9700,1987.45;150;60,0,0.0,2.01,2,0.03,0.003,-0.01,-0.043,-0.043,2.01,False,NO_POSITIVE_MARGINAL_EDGE,event_legs=4;fits_budget=True;gross_top_prefilter=-0.01;k=3;min_bundle_outlay=2.043
2026-10-07T23:56:24+00:00,buy_all_no,KXSECSTATEOH-26,KXSECSTATEOH-26,2,KXSECSTATEOH-26-R;KXSECSTATEOH-26-D,no;no,0.4000;0.6100,3;216.38,0,0.0,1.01,1,0.04,0.002,-0.01,-0.052,-0.052,1.01,False,NO_POSITIVE_MARGINAL_EDGE,event_legs=2;fits_budget=True;gross_top_prefilter=-0.01;k=2;min_bundle_outlay=1.052
2026-10-07T23:56:24+00:00,buy_all_no,GOVPARTYOH-26,GOVPARTYOH-26,2,GOVPARTYOH-26-D;GOVPARTYOH-26-R,no;no,0.3400;0.6700,250579;1424.84,0,0.0,1.01,1,0.04,0.002,-0.01,-0.052,-0.052,1.01,False,NO_POSITIVE_MARGINAL_EDGE,event_legs=2;fits_budget=True;gross_top_prefilter=-0.01;k=2;min_bundle_outlay=1.052
2026-10-07T23:56:24+00:00,buy_all_no,CONTROLH-2026,CONTROLH-2026,2,CONTROLH-2026-D;CONTROLH-2026-R,no;no,0.1100;0.9000,277920;146742,0,0.0,1.01,1,0.02,0.002,-0.01,-0.032,-0.032,1.01,False,NO_POSITIVE_MARGINAL_EDGE,event_legs=2;fits_budget=True;gross_top_prefilter=-0.01;k=2;min_bundle_outlay=1.032
2026-10-07T23:56:24+00:00,buy_all_no,KXSPAINPARLI-27,KXSPAINPARLI-27,2,KXSPAINPARLI-27-PP;KXSPAINPARLI-27-PSOE,no;no,0.1400;0.8700,17;375,0,0.0,1.01,1,0.02,0.002,-0.01,-0.032,-0.032,1.01,False,NO_POSITIVE_MARGINAL_EDGE,event_legs=4;fits_budget=True;gross_top_prefilter=-0.01;k=2;min_bundle_outlay=1.032
2026-10-07T23:56:24+00:00,buy_all_no,CONTROLS-2026,CONTROLS-2026,2,CONTROLS-2026-D;CONTROLS-2026-R,no;no,0.3800;0.6300,19234;15186.6,0,0.0,1.01,1,0.04,0.002,-0.01,-0.052,-0.052,1.01,False,NO_POSITIVE_MARGINAL_EDGE,event_legs=2;fits_budget=True;gross_top_prefilter=-0.01;k=2;min_bundle_outlay=1.052
2026-10-07T23:56:24+00:00,buy_all_no,KXOSCARACTO-27,KXOSCARACTO-27,6,KXOSCARACTO-27-JOH;KXOSCARACTO-27-MATT;KXOSCARACTO-27-AND;KXOSCARACTO-27-TOM;KXOSCARACTO-27-ROB;KXOSCARACTO-27-TIM,no;no;no;no;no;no,0.6000;0.7700;0.8300;0.8700;0.9700;0.9700,14.24;297.7;4.72;213.74;210.81;1.38,0,0.0,5.01,5,0.08,0.006,-0.01,-0.096,-0.096,5.01,False,NO_POSITIVE_MARGINAL_EDGE,event_legs=25;fits_budget=True;gross_top_prefilter=-0.01;k=6;min_bundle_outlay=5.096
2026-10-07T23:56:24+00:00,buy_all_no,GOVPARTYOR-26,GOVPARTYOR-26,2,GOVPARTYOR-26-D;GOVPARTYOR-26-R,no;no,0.2500;0.7600,113.76;78.48,0,0.0,1.01,1,0.04,0.002,-0.01,-0.052,-0.052,1.01,False,NO_POSITIVE_MARGINAL_EDGE,event_legs=2;fits_budget=True;gross_top_prefilter=-0.01;k=2;min_bundle_outlay=1.052
2026-10-07T23:56:24+00:00,buy_all_no,GOVPARTYVT-26,GOVPARTYVT-26,2,GOVPARTYVT-26-R;GOVPARTYVT-26-D,no;no,0.2900;0.7200,3427.61;2130.14,0,0.0,1.01,1,0.04,0.002,-0.01,-0.052,-0.052,1.01,False,NO_POSITIVE_MARGINAL_EDGE,event_legs=2;fits_budget=True;gross_top_prefilter=-0.01;k=2;min_bundle_outlay=1.052
2026-10-07T23:56:24+00:00,buy_all_no,KXTXSENGOVCOMBO-26NOV,KXTXSENGOVCOMBO-26NOV,3,KXTXSENGOVCOMBO-26NOV-REPDEM;KXTXSENGOVCOMBO-26NOV-REPREP;KXTXSENGOVCOMBO-26NOV-DEMDEM,no;no;no,0.5600;0.6900;0.7600,604.93;25;2,0,0.0,2.01,2,0.06,0.003,-0.01,-0.073,-0.073,2.01,False,NO_POSITIVE_MARGINAL_EDGE,event_legs=4;fits_budget=True;gross_top_prefilter=-0.01;k=3;min_bundle_outlay=2.073
2026-10-07T23:56:24+00:00,buy_all_no,KXHOUSERACE-VA05-26,KXHOUSERACE-VA05-26,2,KXHOUSERACE-VA05-26-R;KXHOUSERACE-VA05-26-D,no;no,0.2300;0.7800,25050;3737.55,0,0.0,1.01,1,0.04,0.002,-0.01,-0.052,-0.052,1.01,False,NO_POSITIVE_MARGINAL_EDGE,event_legs=2;fits_budget=True;gross_top_prefilter=-0.01;k=2;min_bundle_outlay=1.052
2026-10-07T23:56:24+00:00,buy_all_no,KXHOUSERACE-TN09-26,KXHOUSERACE-TN09-26,2,KXHOUSERACE-TN09-26-R;KXHOUSERACE-TN09-26-D,no;no,0.1200;0.8900,49;82.5,0,0.0,1.01,1,0.02,0.002,-0.01,-0.032,-0.032,1.01,False,NO_POSITIVE_MARGINAL_EDGE,event_legs=2;fits_budget=True;gross_top_prefilter=-0.01;k=2;min_bundle_outlay=1.032
2026-10-07T23:56:24+00:00,buy_all_no,KXNFLNFCNORTH-27,KXNFLNFCNORTH-27,4,KXNFLNFCNORTH-27-MIN;KXNFLNFCNORTH-27-CHI;KXNFLNFCNORTH-27-DET;KXNFLNFCNORTH-27-GB,no;no;no;no,0.6300;0.7200;0.7400;0.9200,4242.98;208217;28.21;6987.15,0,0.0,3.01,3,0.07,0.004,-0.01,-0.084,-0.084,3.01,False,NO_POSITIVE_MARGINAL_EDGE,event_legs=4;fits_budget=True;gross_top_prefilter=-0.01;k=4;min_bundle_outlay=3.084
2026-10-07T23:56:24+00:00,buy_all_no,KXHOUSERACE-OH10-26,KXHOUSERACE-OH10-26,2,KXHOUSERACE-OH10-26-R;KXHOUSERACE-OH10-26-D,no;no,0.1500;0.8600,4654;50,0,0.0,1.01,1,0.02,0.002,-0.01,-0.032,-0.032,1.01,False,NO_POSITIVE_MARGINAL_EDGE,event_legs=2;fits_budget=True;gross_top_prefilter=-0.01;k=2;min_bundle_outlay=1.032
2026-10-07T23:56:24+00:00,buy_all_no,GOVPARTYIL-26,GOVPARTYIL-26,2,GOVPARTYIL-26-D;GOVPARTYIL-26-R,no;no,0.0330;0.9770,30;3,0,0.0,1.01,1,0.02,0.002,-0.01,-0.032,-0.032,1.01,False,NO_POSITIVE_MARGINAL_EDGE,event_legs=2;fits_budget=True;gross_top_prefilter=-0.01;k=2;min_bundle_outlay=1.032
2026-10-07T23:56:24+00:00,buy_all_no,KXNFLAFCNORTH-27,KXNFLAFCNORTH-27,4,KXNFLAFCNORTH-27-BAL;KXNFLAFCNORTH-27-CIN;KXNFLAFCNORTH-27-CLE;KXNFLAFCNORTH-27-PIT,no;no;no;no,0.4300;0.7400;0.9100;0.9300,200443;549.29;189.47;28,0,0.0,3.01,3,0.06,0.004,-0.01,-0.074,-0.074,3.01,False,NO_POSITIVE_MARGINAL_EDGE,event_legs=4;fits_budget=True;gross_top_prefilter=-0.01;k=4;min_bundle_outlay=3.074
2026-10-07T23:56:24+00:00,buy_all_no,KXNFLDROTY-27,KXNFLDROTY-27,9,KXNFLDROTY-27-JROD;KXNFLDROTY-27-AREE;KXNFLDROTY-27-SSTY;KXNFLDROTY-27-MDEL;KXNFLDROTY-27-DBAI;KXNFLDROTY-27-CDOW;KXNFLDROTY-27-DTHI;KXNFLDROTY-27-AHILL53;KXNFLDROTY-27-GJACAS50,no;no;no;no;no;no;no;no;no,0.6600;0.7000;0.9000;0.9300;0.9400;0.9600;0.9600;0.9800;0.9800,257;994.43;878.88;1914.89;1343.43;7846.6;1683.23;8499.54;4518.22,0,0.0,8.01,8,0.11,0.009,-0.01,-0.129,-0.129,8.01,False,NO_POSITIVE_MARGINAL_EDGE,event_legs=29;fits_budget=True;gross_top_prefilter=-0.01;k=9;min_bundle_outlay=8.129
2026-10-07T23:56:24+00:00,buy_all_no,GOVPARTYWI-26,GOVPARTYWI-26,2,GOVPARTYWI-26-D;GOVPARTYWI-26-R,no;no,0.2100;0.8000,60302.4;1407.16,0,0.0,1.01,1,0.04,0.002,-0.01,-0.052,-0.052,1.01,False,NO_POSITIVE_MARGINAL_EDGE,event_legs=2;fits_budget=True;gross_top_prefilter=-0.01;k=2;min_bundle_outlay=1.052
2026-10-08T00:16:56+00:00,buy_all_no,KXMLBAL-26,KXMLBAL-26,4,KXMLBAL-26-TB;KXMLBAL-26-CWS;KXMLBAL-26-NYY;KXMLBAL-26-CLE,no;no;no;no,0.4800;0.7200;0.8600;0.9000,384.72;268.48;153.33;5406.38,0,0.0,2.96,3,0.06,0.004,0.04,-0.024,-0.024,2.96,False,NO_POSITIVE_MARGINAL_EDGE,event_legs=15;fits_budget=True;gross_top_prefilter=0.04;k=4;min_bundle_outlay=3.024
2026-10-08T00:16:56+00:00,buy_all_no,KXMLB-26,KXMLB-26,8,KXMLB-26-LAD;KXMLB-26-MIL;KXMLB-26-TB;KXMLB-26-CWS;KXMLB-26-NYY;KXMLB-26-SD;KXMLB-26-ATL;KXMLB-26-CLE,no;no;no;no;no;no;no;no,0.6270;0.7950;0.8100;0.9190;0.9350;0.9410;0.9570;0.9640,167.09;2.73;218.63;208.44;254.27;201;0.15;12601.5,0,0.0,6.948,7,0.11,0.008,0.052,-0.066,-0.066,6.948,False,NO_POSITIVE_MARGINAL_EDGE,event_legs=30;fits_budget=True;gross_top_prefilter=0.051;k=8;min_bundle_outlay=7.066
2026-10-08T00:16:56+00:00,buy_all_no,KXHIGHTDC-26OCT08,KXHIGHTDC-26OCT08,5,KXHIGHTDC-26OCT08-B80.5;KXHIGHTDC-26OCT08-B82.5;KXHIGHTDC-26OCT08-B78.5;KXHIGHTDC-26OCT08-B76.5;KXHIGHTDC-26OCT08-T83,no;no;no;no;no,0.5300;0.5900;0.8900;0.9800;0.9800,3;43;7;10;106.82,0,0.0,3.97,4,0.07,0.005,0.03,-0.045,-0.045,3.97,False,NO_POSITIVE_MARGINAL_EDGE,event_legs=6;fits_budget=True;gross_top_prefilter=0.03;k=5;min_bundle_outlay=4.045
2026-10-08T00:16:56+00:00,buy_all_no,KXHOUSEPOPVOTEMARGIN-27NOV03,KXHOUSEPOPVOTEMARGIN-27NOV03,10,KXHOUSEPOPVOTEMARGIN-27NOV03-B9;KXHOUSEPOPVOTEMARGIN-27NOV03-B11;KXHOUSEPOPVOTEMARGIN-27NOV03-B7;KXHOUSEPOPVOTEMARGIN-27NOV03-B5;KXHOUSEPOPVOTEMARGIN-27NOV03-B13;KXHOUSEPOPVOTEMARGIN-27NOV03-B50;KXHOUSEPOPVOTEMARGIN-27NOV03-B3;KXHOUSEPOPVOTEMARGIN-27NOV03-B1;KXHOUSEPOPVOTEMARGIN-27NOV03-B15;KXHOUSEPOPVOTEMARGIN-27NOV03-B58,no;no;no;no;no;no;no;no;no;no,0.7200;0.7700;0.8200;0.9060;0.9150;0.9500;0.9500;0.9710;0.9770;0.9800,4750.67;4039.81;1597.24;2500;129.44;99;2080.13;18.25;142.96;31.36,0,0.0,8.959,9,0.13,0.01,0.041,-0.099,-0.099,8.959,False,NO_POSITIVE_MARGINAL_EDGE,event_legs=10;fits_budget=True;gross_top_prefilter=0.041;k=10;min_bundle_outlay=9.099
2026-10-08T00:16:56+00:00,buy_all_no,SENATEKS-28,SENATEKS-28,2,SENATEKS-28-R;SENATEKS-28-D,no;no,0.2900;0.6900,8.6;5,0,0.0,0.98,1,0.04,0.002,0.02,-0.022,-0.022,0.98,False,NO_POSITIVE_MARGINAL_EDGE,event_legs=2;fits_budget=True;gross_top_prefilter=0.02;k=2;min_bundle_outlay=1.022
2026-10-08T00:16:56+00:00,buy_all_no,KXDSENATESEATS-27,KXDSENATESEATS-27,10,KXDSENATESEATS-27-ABOVE52;KXDSENATESEATS-27-52;KXDSENATESEATS-27-51;KXDSENATESEATS-27-50;KXDSENATESEATS-27-49;KXDSENATESEATS-27-48;KXDSENATESEATS-27-47;KXDSENATESEATS-27-BELOW45;KXDSENATESEATS-27-46;KXDSENATESEATS-27-45,no;no;no;no;no;no;no;no;no;no,0.6300;0.8100;0.8600;0.8800;0.9240;0.9390;0.9710;0.9840;0.9840;0.9880,9678.39;28;5200.11;424;513.14;13.58;99.78;16.83;259.46;58.19,0,0.0,8.97,9,0.12,0.01,0.03,-0.1,-0.1,8.97,False,NO_POSITIVE_MARGINAL_EDGE,event_legs=10;fits_budget=True;gross_top_prefilter=0.03;k=10;min_bundle_outlay=9.1
2026-10-08T00:16:56+00:00,buy_all_no,KXNCAAFSEED-27S1,KXNCAAFSEED-27S1,8,KXNCAAFSEED-27S1-ND;KXNCAAFSEED-27S1-TEX;KXNCAAFSEED-27S1-ALA;KXNCAAFSEED-27S1-MIA;KXNCAAFSEED-27S1-UGA;KXNCAAFSEED-27S1-OSU;KXNCAAFSEED-27S1-IND;KXNCAAFSEED-27S1-LSU,no;no;no;no;no;no;no;no,0.7900;0.8000;0.8100;0.8500;0.8700;0.9300;0.9500;0.9700,40.07;30;9;3.39;3;0.01;5;26.5,0,0.0,6.97,7,0.11,0.008,0.03,-0.088,-0.088,6.97,False,NO_POSITIVE_MARGINAL_EDGE,event_legs=50;fits_budget=True;gross_top_prefilter=0.03;k=8;min_bundle_outlay=7.088
2026-10-08T00:16:56+00:00,buy_all_no,KXCRITICSEDIT-27,KXCRITICSEDIT-27,16,KXCRITICSEDIT-27-ODY;KXCRITICSEDIT-27-DUN;KXCRITICSEDIT-27-LAB;KXCRITICSEDIT-27-PRO;KXCRITICSEDIT-27-INV;KXCRITICSEDIT-27-WIL;KXCRITICSEDIT-27-ELS;KXCRITICSEDIT-27-DIG;KXCRITICSEDIT-27-IPL;KXCRITICSEDIT-27-DEB;KXCRITICSEDIT-27-FJO;KXCRITICSEDIT-27-YOU;KXCRITICSEDIT-27-CLU;KXCRITICSEDIT-27-INK;KXCRITICSEDIT-27-SOC;KXCRITICSEDIT-27-TIE,no;no;no;no;no;no;no;no;no;no;no;no;no;no;no;no,0.4900;0.8600;0.9000;0.9600;0.9700;0.9800;0.9800;0.9800;0.9800;0.9800;0.9800;0.9800;0.9800;0.9800;0.9800;0.9800,2461;4575;1647.3;6591;4627;6785;4570.01;4667;5320.01;6969;5320;8969;4067;3942;5320;5320.01,0,0.0,14.96,15,0.17,0.016,0.04,-0.146,-0.146,14.96,False,NO_POSITIVE_MARGINAL_EDGE,event_legs=16;fits_budget=False;gross_top_prefilter=0.04;k=16;min_bundle_outlay=15.146
2026-10-08T00:16:56+00:00,buy_all_no,KXNWSL-26,KXNWSL-26,8,KXNWSL-26-GOT;KXNWSL-26-WSP;KXNWSL-26-KC;KXNWSL-26-SAN;KXNWSL-26-ANG;KXNWSL-26-URO;KXNWSL-26-DEN;KXNWSL-26-NCC,no;no;no;no;no;no;no;no,0.7500;0.7700;0.7700;0.8300;0.9000;0.9800;0.9800;0.9800,368.09;217.14;77.73;162.07;110.95;839.73;381.57;344.23,0,0.0,6.96,7,0.11,0.008,0.04,-0.078,-0.078,6.96,False,NO_POSITIVE_MARGINAL_EDGE,event_legs=16;fits_budget=True;gross_top_prefilter=0.04;k=8;min_bundle_outlay=7.078
2026-10-08T00:16:56+00:00,buy_all_no,KXKSSENGOVCOMBO-26NOV,KXKSSENGOVCOMBO-26NOV,4,KXKSSENGOVCOMBO-26NOV-REPREP;KXKSSENGOVCOMBO-26NOV-REPDEM;KXKSSENGOVCOMBO-26NOV-DEMDEM;KXKSSENGOVCOMBO-26NOV-DEMREP,no;no;no;no,0.4300;0.7900;0.8000;0.9600,1;294;3.67;40,0,0.0,2.98,3,0.07,0.004,0.02,-0.054,-0.054,2.98,False,NO_POSITIVE_MARGINAL_EDGE,event_legs=4;fits_budget=True;gross_top_prefilter=0.02;k=4;min_bundle_outlay=3.054
2026-10-08T00:16:56+00:00,buy_all_no,KXCRITICSHAIR-27,KXCRITICSHAIR-27,15,KXCRITICSHAIR-27-WER;KXCRITICSHAIR-27-DIG;KXCRITICSHAIR-27-ODY;KXCRITICSHAIR-27-DUN;KXCRITICSHAIR-27-CLA;KXCRITICSHAIR-27-BRI;KXCRITICSHAIR-27-EBE;KXCRITICSHAIR-27-WIC;KXCRITICSHAIR-27-MIC;KXCRITICSHAIR-27-LAB;KXCRITICSHAIR-27-IPL;KXCRITICSHAIR-27-FUR;KXCRITICSHAIR-27-ELS;KXCRITICSHAIR-27-ROS;KXCRITICSHAIR-27-ISG,no;no;no;no;no;no;no;no;no;no;no;no;no;no;no,0.7100;0.8200;0.8700;0.9000;0.9500;0.9500;0.9600;0.9600;0.9700;0.9800;0.9800;0.9800;0.9800;0.9800;0.9800,51;2283.1;611;4892.49;6266.7;6167.57;4697;6697;7530;3999.01;4099.01;3749.01;5865.01;3459.01;3624,0,0.0,13.97,14,0.17,0.015,0.03,-0.155,-0.155,13.97,False,NO_POSITIVE_MARGINAL_EDGE,event_legs=16;fits_budget=False;gross_top_prefilter=0.03;k=15;min_bundle_outlay=14.155
2026-10-08T00:16:56+00:00,buy_all_no,KXARGENTINAPRES1R-27OCT24,KXARGENTINAPRES1R-27OCT24,9,KXARGENTINAPRES1R-27OCT24-JMIL;KXARGENTINAPRES1R-27OCT24-AKIC;KXARGENTINAPRES1R-27OCT24-SMAS;KXARGENTINAPRES1R-27OCT24-MBRE;KXARGENTINAPRES1R-27OCT24-JSCH;KXARGENTINAPRES1R-27OCT24-JGRA;KXARGENTINAPRES1R-27OCT24-PBUL;KXARGENTINAPRES1R-27OCT24-MMAC;KXARGENTINAPRES1R-27OCT24-VVIL,no;no;no;no;no;no;no;no;no,0.6200;0.7500;0.9300;0.9400;0.9400;0.9400;0.9500;0.9500;0.9600,4600;5221;6458.4;6244.04;6060.62;6233.69;6857.19;6857.19;6602.15,0,0.0,7.98,8,0.11,0.009,0.02,-0.099,-0.099,7.98,False,NO_POSITIVE_MARGINAL_EDGE,event_legs=9;fits_budget=True;gross_top_prefilter=0.02;k=9;min_bundle_outlay=8.099
2026-10-08T00:16:56+00:00,buy_all_no,KXRELOCATIONCHI-28,KXRELOCATIONCHI-28,3,KXRELOCATIONCHI-28-ILL;KXRELOCATIONCHI-28-IND;KXRELOCATIONCHI-28-REMAIN,no;no;no,0.3700;0.6600;0.9600,6;15.32;782.8,0,0.0,1.99,2,0.05,0.003,0.01,-0.043,-0.043,1.99,False,NO_POSITIVE_MARGINAL_EDGE,event_legs=4;fits_budget=True;gross_top_prefilter=0.01;k=3;min_bundle_outlay=2.043
2026-10-08T00:16:56+00:00,buy_all_no,KXNBAATLANTIC-26,KXNBAATLANTIC-26,4,KXNBAATLANTIC-26-NYK;KXNBAATLANTIC-26-BOS;KXNBAATLANTIC-26-PHI;KXNBAATLANTIC-26-TOR,no;no;no;no,0.6700;0.7100;0.7200;0.8900,291.67;500.17;5.42;1000,0,0.0,2.99,3,0.07,0.004,0.01,-0.064,-0.064,2.99,False,NO_POSITIVE_MARGINAL_EDGE,event_legs=5;fits_budget=True;gross_top_prefilter=0.01;k=4;min_bundle_outlay=3.064
2026-10-08T00:16:56+00:00,buy_all_no,KXF1POLE-SIN26,KXF1POLE-SIN26,8,KXF1POLE-SIN26-VER;KXF1POLE-SIN26-ANT;KXF1POLE-SIN26-HAM;KXF1POLE-SIN26-LEC;KXF1POLE-SIN26-RUS;KXF1POLE-SIN26-NOR;KXF1POLE-SIN26-PIA;KXF1POLE-SIN26-HAD,no;no;no;no;no;no;no;no,0.6900;0.7900;0.8600;0.8800;0.9100;0.9200;0.9600;0.9600,106;7.31;105;100;10;6;5;108,0,0.0,6.97,7,0.1,0.008,0.03,-0.078,-0.078,6.97,False,NO_POSITIVE_MARGINAL_EDGE,event_legs=22;fits_budget=True;gross_top_prefilter=0.03;k=8;min_bundle_outlay=7.078
2026-10-08T00:16:56+00:00,buy_all_no,KXTRUMPAPPROVE-26OCT08,KXTRUMPAPPROVE-26OCT08,9,KXTRUMPAPPROVE-26OCT08-E38.4;KXTRUMPAPPROVE-26OCT08-E38.5;KXTRUMPAPPROVE-26OCT08-E38.3;KXTRUMPAPPROVE-26OCT08-E38.6;KXTRUMPAPPROVE-26OCT08-U38.2;KXTRUMPAPPROVE-26OCT08-E38.2;KXTRUMPAPPROVE-26OCT08-E38.8;KXTRUMPAPPROVE-26OCT08-A38.8;KXTRUMPAPPROVE-26OCT08-E38.7,no;no;no;no;no;no;no;no;no,0.6700;0.7200;0.8300;0.9300;0.9400;0.9600;0.9700;0.9700;0.9800,409.22;4306.6;3489.6;7011.96;4772.99;15988;13298.3;19707.6;38430,0,0.0,7.97,8,0.11,0.009,0.03,-0.089,-0.089,7.97,False,NO_POSITIVE_MARGINAL_EDGE,event_legs=9;fits_budget=True;gross_top_prefilter=0.03;k=9;min_bundle_outlay=8.089
2026-10-08T00:16:56+00:00,buy_all_no,KXBRPRES2MOV-26OCT25,KXBRPRES2MOV-26OCT25,5,KXBRPRES2MOV-26OCT25-FBOL-P4;KXBRPRES2MOV-26OCT25-FBOL-P1;KXBRPRES2MOV-26OCT25-LSIL-P1;KXBRPRES2MOV-26OCT25-FBOL-P7;KXBRPRES2MOV-26OCT25-FBOL-P9,no;no;no;no;no,0.5500;0.7100;0.8700;0.9000;0.9500,90;989.41;1258.86;1396.61;4539.13,0,0.0,3.98,4,0.07,0.005,0.02,-0.055,-0.055,3.98,False,NO_POSITIVE_MARGINAL_EDGE,event_legs=8;fits_budget=True;gross_top_prefilter=0.02;k=5;min_bundle_outlay=4.055
2026-10-08T00:16:56+00:00,buy_all_no,KXESGOV-26OCT25,KXESGOV-26OCT25,2,KXESGOV-26OCT25-LPAZ;KXESGOV-26OCT25-RFER,no;no,0.1300;0.8600,3352.35;1537.85,0,0.0,0.99,1,0.02,0.002,0.01,-0.012,-0.012,0.99,False,NO_POSITIVE_MARGINAL_EDGE,event_legs=2;fits_budget=True;gross_top_prefilter=0.01;k=2;min_bundle_outlay=1.012
2026-10-08T00:16:56+00:00,buy_all_no,KXTAIPEIMAYOR-26NOV28,KXTAIPEIMAYOR-26NOV28,2,KXTAIPEIMAYOR-26NOV28-CWAN;KXTAIPEIMAYOR-26NOV28-SPY,no;no,0.2600;0.7300,38.1;25,0,0.0,0.99,1,0.04,0.002,0.01,-0.032,-0.032,0.99,False,NO_POSITIVE_MARGINAL_EDGE,event_legs=6;fits_budget=True;gross_top_prefilter=0.01;k=2;min_bundle_outlay=1.032
2026-10-08T00:16:56+00:00,buy_all_no,KXCBDECISIONCANADA-26DEC,KXCBDECISIONCANADA-26DEC,2,KXCBDECISIONCANADA-26DEC-H25;KXCBDECISIONCANADA-26DEC-H0,no;no,0.4500;0.5400,3.93;51,0,0.0,0.99,1,0.04,0.002,0.01,-0.032,-0.032,0.99,False,NO_POSITIVE_MARGINAL_EDGE,event_legs=5;fits_budget=True;gross_top_prefilter=0.01;k=2;min_bundle_outlay=1.032
2026-10-08T00:16:56+00:00,buy_all_no,KXMISENATE-26,KXMISENATE-26,2,KXMISENATE-26-AELS;KXMISENATE-26-MROG,no;no,0.2900;0.7000,89.76;28.13,0,0.0,0.99,1,0.04,0.002,0.01,-0.032,-0.032,0.99,False,NO_POSITIVE_MARGINAL_EDGE,event_legs=4;fits_budget=True;gross_top_prefilter=0.01;k=2;min_bundle_outlay=1.032
2026-10-08T00:16:56+00:00,buy_all_no,KXSPAIN3RD-26NOV29-3,KXSPAIN3RD-26NOV29-3,3,KXSPAIN3RD-26NOV29-3-VOX;KXSPAIN3RD-26NOV29-3-PSOE;KXSPAIN3RD-26NOV29-3-PP,no;no;no,0.0800;0.9500;0.9600,7658.08;14018.9;17330,0,0.0,1.99,2,0.03,0.003,0.01,-0.023,-0.023,1.99,False,NO_POSITIVE_MARGINAL_EDGE,event_legs=3;fits_budget=True;gross_top_prefilter=0.01;k=3;min_bundle_outlay=2.023
2026-10-08T00:16:56+00:00,buy_all_no,KXMLBSERIESSCORE-26CWSCLEALDS,KXMLBSERIESSCORE-26CWSCLEALDS,3,KXMLBSERIESSCORE-26CWSCLEALDS-CWS31;KXMLBSERIESSCORE-26CWSCLEALDS-CLE32;KXMLBSERIESSCORE-26CWSCLEALDS-CWS32,no;no;no,0.4800;0.6900;0.8200,0.67;69.72;19,0,0.0,1.99,2,0.06,0.003,0.01,-0.053,-0.053,1.99,False,NO_POSITIVE_MARGINAL_EDGE,event_legs=6;fits_budget=True;gross_top_prefilter=0.01;k=3;min_bundle_outlay=2.053
2026-10-08T00:16:56+00:00,buy_all_no,KXCA11PERSON-26,KXCA11PERSON-26,2,KXCA11PERSON-26-SWIE;KXCA11PERSON-26-CCHA,no;no,0.2000;0.7900,14.58;5,0,0.0,0.99,1,0.04,0.002,0.01,-0.032,-0.032,0.99,False,NO_POSITIVE_MARGINAL_EDGE,event_legs=2;fits_budget=True;gross_top_prefilter=0.01;k=2;min_bundle_outlay=1.032
2026-10-08T00:16:56+00:00,buy_all_no,KXTRUTHSOCIAL-26OCT10,KXTRUTHSOCIAL-26OCT10,8,KXTRUTHSOCIAL-26OCT10-B149;KXTRUTHSOCIAL-26OCT10-B169;KXTRUTHSOCIAL-26OCT10-B129;KXTRUTHSOCIAL-26OCT10-B109;KXTRUTHSOCIAL-26OCT10-B189;KXTRUTHSOCIAL-26OCT10-B209;KXTRUTHSOCIAL-26OCT10-B230;KXTRUTHSOCIAL-26OCT10-T240,no;no;no;no;no;no;no;no,0.7700;0.7900;0.8200;0.8800;0.8800;0.9300;0.9400;0.9700,32.01;2626.46;3582.3;364;1470.79;2240;1963.43;2763.23,0,0.0,6.98,7,0.11,0.008,0.02,-0.098,-0.098,6.98,False,NO_POSITIVE_MARGINAL_EDGE,event_legs=10;fits_budget=True;gross_top_prefilter=0.02;k=8;min_bundle_outlay=7.098
2026-10-08T00:16:56+00:00,buy_all_no,KXODIMATCH-26OCT082330AUS-AINA,KXODIMATCH-26OCT082330AUS-AINA,2,KXODIMATCH-26OCT082330AUS-AINA-INA;KXODIMATCH-26OCT082330AUS-AINA-AUS-A,no;no,0.3700;0.6200,68.05;10.9,0,0.0,0.99,1,0.04,0.002,0.01,-0.032,-0.032,0.99,False,NO_POSITIVE_MARGINAL_EDGE,event_legs=2;fits_budget=True;gross_top_prefilter=0.01;k=2;min_bundle_outlay=1.032
2026-10-08T00:16:56+00:00,buy_all_no,KXLIGAMXGAME-26OCT09TIGTOL,KXLIGAMXGAME-26OCT09TIGTOL,3,KXLIGAMXGAME-26OCT09TIGTOL-TOL;KXLIGAMXGAME-26OCT09TIGTOL-TIG;KXLIGAMXGAME-26OCT09TIGTOL-TIE,no;no;no,0.5700;0.6800;0.7400,800.12;9.07;1042.16,0,0.0,1.99,2,0.06,0.003,0.01,-0.053,-0.053,1.99,False,NO_POSITIVE_MARGINAL_EDGE,event_legs=3;fits_budget=True;gross_top_prefilter=0.01;k=3;min_bundle_outlay=2.053
2026-10-08T00:16:56+00:00,buy_all_no,KXDHOUSESEATS-27,KXDHOUSESEATS-27,12,KXDHOUSESEATS-27-232;KXDHOUSESEATS-27-236;KXDHOUSESEATS-27-240;KXDHOUSESEATS-27-249;KXDHOUSESEATS-27-244;KXDHOUSESEATS-27-228;KXDHOUSESEATS-27-248;KXDHOUSESEATS-27-224;KXDHOUSESEATS-27-210;KXDHOUSESEATS-27-220;KXDHOUSESEATS-27-212;KXDHOUSESEATS-27-216,no;no;no;no;no;no;no;no;no;no;no;no,0.8300;0.8700;0.8800;0.8900;0.9040;0.9080;0.9240;0.9260;0.9550;0.9610;0.9660;0.9690,57.37;1424.43;1323.62;2267.97;2000;0.67;1674.09;13.41;12.38;1;1354.34;3.06,0,0.0,10.983,11,0.12,0.012,0.017,-0.115,-0.115,10.983,False,NO_POSITIVE_MARGINAL_EDGE,event_legs=12;fits_budget=False;gross_top_prefilter=0.017;k=12;min_bundle_outlay=11.115
2026-10-08T00:16:56+00:00,buy_all_no,KXT20MATCH-26OCT090930WIIND,KXT20MATCH-26OCT090930WIIND,2,KXT20MATCH-26OCT090930WIIND-IND;KXT20MATCH-26OCT090930WIIND-WI,no;no,0.2600;0.7300,27.9;12.27,0,0.0,0.99,1,0.04,0.002,0.01,-0.032,-0.032,0.99,False,NO_POSITIVE_MARGINAL_EDGE,event_legs=2;fits_budget=True;gross_top_prefilter=0.01;k=2;min_bundle_outlay=1.032
2026-10-08T00:16:56+00:00,buy_all_no,SENATEMS-26,SENATEMS-26,2,SENATEMS-26-R;SENATEMS-26-D,no;no,0.0880;0.9100,15793.2;81.51,0,0.0,0.998,1,0.02,0.002,0.002,-0.02,-0.02,0.998,False,NO_POSITIVE_MARGINAL_EDGE,event_legs=2;fits_budget=True;gross_top_prefilter=0.002;k=2;min_bundle_outlay=1.02
2026-10-08T00:16:56+00:00,buy_all_no,SENATEFLS-26,SENATEFLS-26,2,SENATEFLS-26-R;SENATEFLS-26-D,no;no,0.0900;0.9080,8244.74;837.79,0,0.0,0.998,1,0.02,0.002,0.002,-0.02,-0.02,0.998,False,NO_POSITIVE_MARGINAL_EDGE,event_legs=2;fits_budget=True;gross_top_prefilter=0.002;k=2;min_bundle_outlay=1.02
2026-10-08T00:16:56+00:00,buy_all_no,KXATTYGENNY-26,KXATTYGENNY-26,2,KXATTYGENNY-26-D;KXATTYGENNY-26-R,no;no,0.0360;0.9590,6044.36;6289.28,0,0.0,0.995,1,0.02,0.002,0.005,-0.017,-0.017,0.995,False,NO_POSITIVE_MARGINAL_EDGE,event_legs=2;fits_budget=True;gross_top_prefilter=0.005;k=2;min_bundle_outlay=1.017
2026-10-08T00:16:56+00:00,buy_all_no,KXATTYGENSD-26,KXATTYGENSD-26,2,KXATTYGENSD-26-R;KXATTYGENSD-26-D,no;no,0.0350;0.9630,12717;2700,0,0.0,0.998,1,0.02,0.002,0.002,-0.02,-0.02,0.998,False,NO_POSITIVE_MARGINAL_EDGE,event_legs=2;fits_budget=True;gross_top_prefilter=0.002;k=2;min_bundle_outlay=1.02
2026-10-08T00:16:56+00:00,buy_all_no,KXDWTSRANK-326DEC31,KXDWTSRANK-326DEC31,8,KXDWTSRANK-326DEC31-AGLE;KXDWTSRANK-326DEC31-MHIG;KXDWTSRANK-326DEC31-HSHU;KXDWTSRANK-326DEC31-EFRE;KXDWTSRANK-326DEC31-GROD;KXDWTSRANK-326DEC31-JDEW;KXDWTSRANK-326DEC31-CWOO;KXDWTSRANK-326DEC31-JSTIL,no;no;no;no;no;no;no;no,0.7500;0.7500;0.7600;0.8900;0.9500;0.9600;0.9600;0.9700,2;1902;7.51;1189.32;3762.25;3700;4000;1500,0,0.0,6.99,7,0.11,0.008,0.01,-0.108,-0.108,6.99,False,NO_POSITIVE_MARGINAL_EDGE,event_legs=16;fits_budget=True;gross_top_prefilter=0.01;k=8;min_bundle_outlay=7.108
2026-10-08T00:16:56+00:00,buy_all_no,GOVPARTYOK-26,GOVPARTYOK-26,2,GOVPARTYOK-26-R;GOVPARTYOK-26-D,no;no,0.0900;0.9090,25;10,0,0.0,0.999,1,0.02,0.002,0.001,-0.021,-0.021,0.999,False,NO_POSITIVE_MARGINAL_EDGE,event_legs=2;fits_budget=True;gross_top_prefilter=0.001;k=2;min_bundle_outlay=1.021
2026-10-08T00:16:56+00:00,buy_all_no,SENATEAR-26,SENATEAR-26,2,SENATEAR-26-R;SENATEAR-26-D,no;no,0.0620;0.9350,6532.31;631.11,0,0.0,0.997,1,0.02,0.002,0.003,-0.019,-0.019,0.997,False,NO_POSITIVE_MARGINAL_EDGE,event_legs=2;fits_budget=True;gross_top_prefilter=0.003;k=2;min_bundle_outlay=1.019
2026-10-08T00:16:56+00:00,buy_all_no,KXCAATTORNEYGENERAL-26,KXCAATTORNEYGENERAL-26,2,KXCAATTORNEYGENERAL-26-RBON;KXCAATTORNEYGENERAL-26-MGAT,no;no,0.0400;0.9600,16684;5361.04,0,0.0,1.0,1,0.02,0.002,0.0,-0.022,-0.022,1.0,False,NO_POSITIVE_MARGINAL_EDGE,event_legs=2;fits_budget=True;gross_top_prefilter=0.0;k=2;min_bundle_outlay=1.022
2026-10-08T00:16:56+00:00,buy_all_no,GOVPARTYNE-26,GOVPARTYNE-26,2,GOVPARTYNE-26-R;GOVPARTYNE-26-D,no;no,0.1000;0.8900,50;1646,0,0.0,0.99,1,0.02,0.002,0.01,-0.012,-0.012,0.99,False,NO_POSITIVE_MARGINAL_EDGE,event_legs=2;fits_budget=True;gross_top_prefilter=0.01;k=2;min_bundle_outlay=1.012
2026-10-08T00:16:56+00:00,buy_all_no,KXGOVCA-26,KXGOVCA-26,2,KXGOVCA-26-XBEC;KXGOVCA-26-SHIL,no;no,0.0360;0.9630,50000;501,0,0.0,0.999,1,0.02,0.002,0.001,-0.021,-0.021,0.999,False,NO_POSITIVE_MARGINAL_EDGE,event_legs=2;fits_budget=True;gross_top_prefilter=0.001;k=2;min_bundle_outlay=1.021
2026-10-08T00:16:56+00:00,buy_all_no,KXCRITICSPROD-27,KXCRITICSPROD-27,16,KXCRITICSPROD-27-ODY;KXCRITICSPROD-27-DUN;KXCRITICSPROD-27-LAB;KXCRITICSPROD-27-WER;KXCRITICSPROD-27-FUR;KXCRITICSPROD-27-PRO;KXCRITICSPROD-27-WUT;KXCRITICSPROD-27-BAC;KXCRITICSPROD-27-SEN;KXCRITICSPROD-27-WIL;KXCRITICSPROD-27-FAT;KXCRITICSPROD-27-WILD;KXCRITICSPROD-27-INK;KXCRITICSPROD-27-DEV;KXCRITICSPROD-27-DIG;KXCRITICSPROD-27-TIE,no;no;no;no;no;no;no;no;no;no;no;no;no;no;no;no,0.5400;0.8500;0.9500;0.9500;0.9500;0.9600;0.9700;0.9700;0.9800;0.9800;0.9800;0.9800;0.9800;0.9800;0.9800;0.9800,2220;3322;6996;6835.81;6196;7616;8849;3526;7584;7584;7584;7584;7584;8584;8584;7209,0,0.0,14.98,15,0.17,0.016,0.02,-0.166,-0.166,14.98,False,NO_POSITIVE_MARGINAL_EDGE,event_legs=16;fits_budget=False;gross_top_prefilter=0.02;k=16;min_bundle_outlay=15.166
2026-10-08T00:16:56+00:00,buy_all_no,KXSPAINMOV-26NOV29,KXSPAINMOV-26NOV29,7,KXSPAINMOV-26NOV29-PP-P4;KXSPAINMOV-26NOV29-PP-P7;KXSPAINMOV-26NOV29-PP-P1;KXSPAINMOV-26NOV29-PP-P10;KXSPAINMOV-26NOV29-PSOE-P1;KXSPAINMOV-26NOV29-PP-P12;KXSPAINMOV-26NOV29-PSOE-P3,no;no;no;no;no;no;no,0.7100;0.7300;0.8300;0.9100;0.9100;0.9400;0.9600,227;1871;2596.44;4597.74;2927.06;3511.2;6396,0,0.0,5.99,6,0.09,0.007,0.01,-0.087,-0.087,5.99,False,NO_POSITIVE_MARGINAL_EDGE,event_legs=7;fits_budget=True;gross_top_prefilter=0.01;k=7;min_bundle_outlay=6.087
2026-10-08T00:16:56+00:00,buy_all_no,KXATTYGENMN-26,KXATTYGENMN-26,2,KXATTYGENMN-26-D;KXATTYGENMN-26-R,no;no,0.2500;0.7500,5017;4163.09,0,0.0,1.0,1,0.04,0.002,0.0,-0.042,-0.042,1.0,False,NO_POSITIVE_MARGINAL_EDGE,event_legs=2;fits_budget=True;gross_top_prefilter=0.0;k=2;min_bundle_outlay=1.042
2026-10-08T00:16:56+00:00,buy_all_no,GOVPARTYFL-26,GOVPARTYFL-26,2,GOVPARTYFL-26-R;GOVPARTYFL-26-D,no;no,0.2300;0.7700,761.64;249680,0,0.0,1.0,1,0.04,0.002,0.0,-0.042,-0.042,1.0,False,NO_POSITIVE_MARGINAL_EDGE,event_legs=2;fits_budget=True;gross_top_prefilter=0.0;k=2;min_bundle_outlay=1.042
2026-10-08T00:16:56+00:00,buy_all_no,GOVPARTYNY-26,GOVPARTYNY-26,2,GOVPARTYNY-26-D;GOVPARTYNY-26-R,no;no,0.0490;0.9490,12973.5;21.36,0,0.0,0.998,1,0.02,0.002,0.002,-0.02,-0.02,0.998,False,NO_POSITIVE_MARGINAL_EDGE,event_legs=2;fits_budget=True;gross_top_prefilter=0.002;k=2;min_bundle_outlay=1.02
2026-10-08T00:16:56+00:00,buy_all_no,GOVPARTYGA-26,GOVPARTYGA-26,2,GOVPARTYGA-26-R;GOVPARTYGA-26-D,no;no,0.4600;0.5400,212.56;31.01,0,0.0,1.0,1,0.04,0.002,0.0,-0.042,-0.042,1.0,False,NO_POSITIVE_MARGINAL_EDGE,event_legs=2;fits_budget=True;gross_top_prefilter=0.0;k=2;min_bundle_outlay=1.042
2026-10-08T00:16:56+00:00,buy_all_no,GOVPARTYTX-26,GOVPARTYTX-26,2,GOVPARTYTX-26-R;GOVPARTYTX-26-D,no;no,0.2600;0.7400,26170.6;2572.75,0,0.0,1.0,1,0.04,0.002,0.0,-0.042,-0.042,1.0,False,NO_POSITIVE_MARGINAL_EDGE,event_legs=2;fits_budget=True;gross_top_prefilter=0.0;k=2;min_bundle_outlay=1.042
2026-10-08T00:16:56+00:00,buy_all_no,KXHOUSERACE-OH07-26,KXHOUSERACE-OH07-26,2,KXHOUSERACE-OH07-26-D;KXHOUSERACE-OH07-26-R,no;no,0.1900;0.8100,95;642,0,0.0,1.0,1,0.04,0.002,0.0,-0.042,-0.042,1.0,False,NO_POSITIVE_MARGINAL_EDGE,event_legs=2;fits_budget=True;gross_top_prefilter=0.0;k=2;min_bundle_outlay=1.042
2026-10-08T00:16:56+00:00,buy_all_no,HOUSEIA1-26,HOUSEIA1-26,2,HOUSEIA1-26-D;HOUSEIA1-26-R,no;no,0.1400;0.8600,17.23;20.63,0,0.0,1.0,1,0.02,0.002,0.0,-0.022,-0.022,1.0,False,NO_POSITIVE_MARGINAL_EDGE,event_legs=3;fits_budget=True;gross_top_prefilter=0.0;k=2;min_bundle_outlay=1.022
2026-10-08T00:16:56+00:00,buy_all_no,GOVPARTYKS-27,GOVPARTYKS-27,2,GOVPARTYKS-27-R;GOVPARTYKS-27-D,no;no,0.2500;0.7500,15.01;120.11,0,0.0,1.0,1,0.04,0.002,0.0,-0.042,-0.042,1.0,False,NO_POSITIVE_MARGINAL_EDGE,event_legs=2;fits_budget=True;gross_top_prefilter=0.0;k=2;min_bundle_outlay=1.042
2026-10-08T00:16:56+00:00,buy_all_no,HOUSEMI7-26,HOUSEMI7-26,2,HOUSEMI7-26-D;HOUSEMI7-26-R,no;no,0.4000;0.6000,300.44;3159.38,0,0.0,1.0,1,0.04,0.002,0.0,-0.042,-0.042,1.0,False,NO_POSITIVE_MARGINAL_EDGE,event_legs=2;fits_budget=True;gross_top_prefilter=0.0;k=2;min_bundle_outlay=1.042
2026-10-08T00:16:56+00:00,buy_all_no,KXTXSENGOVCOMBO-26NOV,KXTXSENGOVCOMBO-26NOV,3,KXTXSENGOVCOMBO-26NOV-REPDEM;KXTXSENGOVCOMBO-26NOV-REPREP;KXTXSENGOVCOMBO-26NOV-DEMDEM,no;no;no,0.5600;0.6800;0.7600,604.93;15;2,0,0.0,2.0,2,0.06,0.003,0.0,-0.063,-0.063,2.0,False,NO_POSITIVE_MARGINAL_EDGE,event_legs=4;fits_budget=True;gross_top_prefilter=0.0;k=3;min_bundle_outlay=2.063
2026-10-08T00:16:56+00:00,buy_all_no,KXUFCLHEAVYWEIGHTTITLE-26,KXUFCLHEAVYWEIGHTTITLE-26,2,KXUFCLHEAVYWEIGHTTITLE-26-CULB;KXUFCLHEAVYWEIGHTTITLE-26-MANK,no;no,0.0600;0.9400,306.23;197.67,0,0.0,1.0,1,0.02,0.002,0.0,-0.022,-0.022,1.0,False,NO_POSITIVE_MARGINAL_EDGE,event_legs=10;fits_budget=True;gross_top_prefilter=0.0;k=2;min_bundle_outlay=1.022
2026-10-08T00:16:56+00:00,buy_all_no,KXATTYGENAZ-26,KXATTYGENAZ-26,2,KXATTYGENAZ-26-D;KXATTYGENAZ-26-R,no;no,0.1900;0.8100,10;4614.4,0,0.0,1.0,1,0.04,0.002,0.0,-0.042,-0.042,1.0,False,NO_POSITIVE_MARGINAL_EDGE,event_legs=2;fits_budget=True;gross_top_prefilter=0.0;k=2;min_bundle_outlay=1.042
2026-10-08T00:16:56+00:00,buy_all_no,KXBALLONDOR-26,KXBALLONDOR-26,4,KXBALLONDOR-26-HKAN;KXBALLONDOR-26-LYAM;KXBALLONDOR-26-LMES;KXBALLONDOR-26-KMBA,no;no;no;no,0.5000;0.5700;0.9600;0.9700,177;5149.71;6445.15;33764.2,0,0.0,3.0,3,0.06,0.004,0.0,-0.064,-0.064,3.0,False,NO_POSITIVE_MARGINAL_EDGE,event_legs=31;fits_budget=True;gross_top_prefilter=0.0;k=4;min_bundle_outlay=3.064
2026-10-08T00:16:56+00:00,buy_all_no,KXNEXTTEAMNFL-26ARODGERS8,KXNEXTTEAMNFL-26ARODGERS8,2,KXNEXTTEAMNFL-26ARODGERS8-PIT;KXNEXTTEAMNFL-26ARODGERS8-NONE,no;no,0.0800;0.9200,1.57;25.17,0,0.0,1.0,1,0.02,0.002,0.0,-0.022,-0.022,1.0,False,NO_POSITIVE_MARGINAL_EDGE,event_legs=33;fits_budget=True;gross_top_prefilter=0.0;k=2;min_bundle_outlay=1.022
2026-10-08T00:16:56+00:00,buy_all_no,KXCRITICSCOMEDY-27,KXCRITICSCOMEDY-27,14,KXCRITICSCOMEDY-27-WID;KXCRITICSCOMEDY-27-HAC;KXCRITICSCOMEDY-27-BEA;KXCRITICSCOMEDY-27-ABB;KXCRITICSCOMEDY-27-SHR;KXCRITICSCOMEDY-27-MAR;KXCRITICSCOMEDY-27-NOB;KXCRITICSCOMEDY-27-ROO;KXCRITICSCOMEDY-27-COM;KXCRITICSCOMEDY-27-FOU;KXCRITICSCOMEDY-27-JUR;KXCRITICSCOMEDY-27-GHO;KXCRITICSCOMEDY-27-SCR;KXCRITICSCOMEDY-27-TIE,no;no;no;no;no;no;no;no;no;no;no;no;no;no,0.3500;0.8900;0.9600;0.9800;0.9800;0.9800;0.9800;0.9800;0.9800;0.9800;0.9800;0.9800;0.9800;0.9800,50;4411.56;10241;6545.01;5992.01;6545;6114;5934.01;10184;6184.01;5584.01;6184.01;6184.01;6334,0,0.0,12.98,13,0.15,0.014,0.02,-0.144,-0.144,12.98,False,NO_POSITIVE_MARGINAL_EDGE,event_legs=16;fits_budget=False;gross_top_prefilter=0.02;k=14;min_bundle_outlay=13.144
2026-10-08T00:16:56+00:00,buy_all_no,KXCBDECISIONCANADA-26OCT,KXCBDECISIONCANADA-26OCT,2,KXCBDECISIONCANADA-26OCT-H0;KXCBDECISIONCANADA-26OCT-H25,no;no,0.1900;0.8100,6.98;190.43,0,0.0,1.0,1,0.04,0.002,0.0,-0.042,-0.042,1.0,False,NO_POSITIVE_MARGINAL_EDGE,event_legs=5;fits_budget=True;gross_top_prefilter=0.0;k=2;min_bundle_outlay=1.042
2026-10-08T00:16:56+00:00,buy_all_no,KXHOUSERACE-CO05-26,KXHOUSERACE-CO05-26,2,KXHOUSERACE-CO05-26-R;KXHOUSERACE-CO05-26-D,no;no,0.2500;0.7500,13.86;25,0,0.0,1.0,1,0.04,0.002,0.0,-0.042,-0.042,1.0,False,NO_POSITIVE_MARGINAL_EDGE,event_legs=2;fits_budget=True;gross_top_prefilter=0.0;k=2;min_bundle_outlay=1.042
2026-10-08T00:16:56+00:00,buy_all_no,SENATEAK-26,SENATEAK-26,2,SENATEAK-26-D;SENATEAK-26-R,no;no,0.2400;0.7600,284123;7050.74,0,0.0,1.0,1,0.04,0.002,0.0,-0.042,-0.042,1.0,False,NO_POSITIVE_MARGINAL_EDGE,event_legs=2;fits_budget=True;gross_top_prefilter=0.0;k=2;min_bundle_outlay=1.042
2026-10-08T00:16:56+00:00,buy_all_no,KXNFLGAME-26OCT12BUFLAR,KXNFLGAME-26OCT12BUFLAR,2,KXNFLGAME-26OCT12BUFLAR-LAR;KXNFLGAME-26OCT12BUFLAR-BUF,no;no,0.4000;0.6000,41.26;9194.17,0,0.0,1.0,1,0.04,0.002,0.0,-0.042,-0.042,1.0,False,NO_POSITIVE_MARGINAL_EDGE,event_legs=2;fits_budget=True;gross_top_prefilter=0.0;k=2;min_bundle_outlay=1.042
2026-10-08T00:16:56+00:00,buy_all_no,KXNFLGAME-26OCT18CHIATL,KXNFLGAME-26OCT18CHIATL,2,KXNFLGAME-26OCT18CHIATL-CHI;KXNFLGAME-26OCT18CHIATL-ATL,no;no,0.4700;0.5300,10.74;56.5,0,0.0,1.0,1,0.04,0.002,0.0,-0.042,-0.042,1.0,False,NO_POSITIVE_MARGINAL_EDGE,event_legs=2;fits_budget=True;gross_top_prefilter=0.0;k=2;min_bundle_outlay=1.042
2026-10-08T00:16:56+00:00,buy_all_no,KXWODIMATCH-26OCT102350BANAUS,KXWODIMATCH-26OCT102350BANAUS,2,KXWODIMATCH-26OCT102350BANAUS-AUS;KXWODIMATCH-26OCT102350BANAUS-BAN,no;no,0.0400;0.9600,187.12;300,0,0.0,1.0,1,0.02,0.002,0.0,-0.022,-0.022,1.0,False,NO_POSITIVE_MARGINAL_EDGE,event_legs=2;fits_budget=True;gross_top_prefilter=0.0;k=2;min_bundle_outlay=1.022
2026-10-08T00:16:56+00:00,buy_all_no,KXNCAAFGAME-26OCT17NDBYU,KXNCAAFGAME-26OCT17NDBYU,2,KXNCAAFGAME-26OCT17NDBYU-ND;KXNCAAFGAME-26OCT17NDBYU-BYU,no;no,0.1900;0.8100,75;166.5,0,0.0,1.0,1,0.04,0.002,0.0,-0.042,-0.042,1.0,False,NO_POSITIVE_MARGINAL_EDGE,event_legs=2;fits_budget=True;gross_top_prefilter=0.0;k=2;min_bundle_outlay=1.042
2026-10-08T00:16:56+00:00,buy_all_no,KXSPAIN2ND-26NOV29-2,KXSPAIN2ND-26NOV29-2,3,KXSPAIN2ND-26NOV29-2-PSOE;KXSPAIN2ND-26NOV29-2-PP;KXSPAIN2ND-26NOV29-2-VOX,no;no;no,0.1500;0.8900;0.9600,5421.94;8206.96;14103.1,0,0.0,2.0,2,0.03,0.003,0.0,-0.033,-0.033,2.0,False,NO_POSITIVE_MARGINAL_EDGE,event_legs=3;fits_budget=True;gross_top_prefilter=0.0;k=3;min_bundle_outlay=2.033
2026-10-08T00:16:56+00:00,buy_all_no,KXUFCFIGHT-26OCT10PRABON,KXUFCFIGHT-26OCT10PRABON,2,KXUFCFIGHT-26OCT10PRABON-PRA;KXUFCFIGHT-26OCT10PRABON-BON,no;no,0.5000;0.5000,10843.4;3.76,0,0.0,1.0,1,0.04,0.002,0.0,-0.042,-0.042,1.0,False,NO_POSITIVE_MARGINAL_EDGE,event_legs=2;fits_budget=True;gross_top_prefilter=0.0;k=2;min_bundle_outlay=1.042
2026-10-08T00:16:56+00:00,buy_all_no,KXHOUSERACE-TX23-26,KXHOUSERACE-TX23-26,2,KXHOUSERACE-TX23-26-R;KXHOUSERACE-TX23-26-D,no;no,0.3700;0.6300,78.76;330.48,0,0.0,1.0,1,0.04,0.002,0.0,-0.042,-0.042,1.0,False,NO_POSITIVE_MARGINAL_EDGE,event_legs=2;fits_budget=True;gross_top_prefilter=0.0;k=2;min_bundle_outlay=1.042
2026-10-08T00:16:56+00:00,buy_all_no,KXFEDDECISION-26DEC,KXFEDDECISION-26DEC,4,KXFEDDECISION-26DEC-H25;KXFEDDECISION-26DEC-H0;KXFEDDECISION-26DEC-C25;KXFEDDECISION-26DEC-H26,no;no;no;no,0.3000;0.7400;0.9800;0.9800,2061;1562;42;5001.49,0,0.0,3.0,3,0.06,0.004,0.0,-0.064,-0.064,3.0,False,NO_POSITIVE_MARGINAL_EDGE,event_legs=5;fits_budget=True;gross_top_prefilter=0.0;k=4;min_bundle_outlay=3.064
2026-10-08T00:16:56+00:00,buy_all_no,KXNCAAFGAME-26OCT10TEXOKLA,KXNCAAFGAME-26OCT10TEXOKLA,2,KXNCAAFGAME-26OCT10TEXOKLA-TEX;KXNCAAFGAME-26OCT10TEXOKLA-OKLA,no;no,0.2500;0.7500,13642.8;6822.38,0,0.0,1.0,1,0.04,0.002,0.0,-0.042,-0.042,1.0,False,NO_POSITIVE_MARGINAL_EDGE,event_legs=2;fits_budget=True;gross_top_prefilter=0.0;k=2;min_bundle_outlay=1.042
2026-10-08T00:16:56+00:00,buy_all_no,KXNCAAFGAME-26OCT10SDSUORST,KXNCAAFGAME-26OCT10SDSUORST,2,KXNCAAFGAME-26OCT10SDSUORST-ORST;KXNCAAFGAME-26OCT10SDSUORST-SDSU,no;no,0.1500;0.8500,6111;41.84,0,0.0,1.0,1,0.02,0.002,0.0,-0.022,-0.022,1.0,False,NO_POSITIVE_MARGINAL_EDGE,event_legs=2;fits_budget=True;gross_top_prefilter=0.0;k=2;min_bundle_outlay=1.022
2026-10-08T00:16:56+00:00,buy_all_no,KXNCAAF1H-26OCT10UGAALA,KXNCAAF1H-26OCT10UGAALA,3,KXNCAAF1H-26OCT10UGAALA-ALA;KXNCAAF1H-26OCT10UGAALA-UGA;KXNCAAF1H-26OCT10UGAALA-TIE,no;no;no,0.5300;0.5600;0.9100,2600;2600;4,0,0.0,2.0,2,0.05,0.003,0.0,-0.053,-0.053,2.0,False,NO_POSITIVE_MARGINAL_EDGE,event_legs=3;fits_budget=True;gross_top_prefilter=0.0;k=3;min_bundle_outlay=2.053
2026-10-08T00:16:56+00:00,buy_all_no,KXEPLGAME-26OCT11LFCMCI,KXEPLGAME-26OCT11LFCMCI,3,KXEPLGAME-26OCT11LFCMCI-MCI;KXEPLGAME-26OCT11LFCMCI-LFC;KXEPLGAME-26OCT11LFCMCI-TIE,no;no;no,0.6200;0.6300;0.7500,979.43;53.89;9878.84,0,0.0,2.0,2,0.06,0.003,0.0,-0.063,-0.063,2.0,False,NO_POSITIVE_MARGINAL_EDGE,event_legs=3;fits_budget=True;gross_top_prefilter=0.0;k=3;min_bundle_outlay=2.063
2026-10-08T00:16:56+00:00,buy_all_no,KXNCAAFGAME-26OCT09WSUUSU,KXNCAAFGAME-26OCT09WSUUSU,2,KXNCAAFGAME-26OCT09WSUUSU-USU;KXNCAAFGAME-26OCT09WSUUSU-WSU,no;no,0.3500;0.6500,243;272.77,0,0.0,1.0,1,0.04,0.002,0.0,-0.042,-0.042,1.0,False,NO_POSITIVE_MARGINAL_EDGE,event_legs=2;fits_budget=True;gross_top_prefilter=0.0;k=2;min_bundle_outlay=1.042
2026-10-08T00:16:56+00:00,buy_all_no,KXFIFAWGAME-26OCT09GRCENG,KXFIFAWGAME-26OCT09GRCENG,3,KXFIFAWGAME-26OCT09GRCENG-ENG;KXFIFAWGAME-26OCT09GRCENG-GRC;KXFIFAWGAME-26OCT09GRCENG-TIE,no;no;no,0.0600;0.9700;0.9700,105.23;108.49;1208.23,0,0.0,2.0,2,0.03,0.003,0.0,-0.033,-0.033,2.0,False,NO_POSITIVE_MARGINAL_EDGE,event_legs=3;fits_budget=True;gross_top_prefilter=0.0;k=3;min_bundle_outlay=2.033
2026-10-08T00:16:56+00:00,buy_all_no,KXEPLGAME-26OCT10MUNTOT,KXEPLGAME-26OCT10MUNTOT,3,KXEPLGAME-26OCT10MUNTOT-MUN;KXEPLGAME-26OCT10MUNTOT-TIE;KXEPLGAME-26OCT10MUNTOT-TOT,no;no;no,0.4300;0.7800;0.7900,6033.95;290;25.12,0,0.0,2.0,2,0.06,0.003,0.0,-0.063,-0.063,2.0,False,NO_POSITIVE_MARGINAL_EDGE,event_legs=3;fits_budget=True;gross_top_prefilter=0.0;k=3;min_bundle_outlay=2.063
2026-10-08T00:16:56+00:00,buy_all_no,KXNCAAFGAME-26OCT10CARKAC,KXNCAAFGAME-26OCT10CARKAC,2,KXNCAAFGAME-26OCT10CARKAC-AC;KXNCAAFGAME-26OCT10CARKAC-CARK,no;no,0.2600;0.7400,0.67;4,0,0.0,1.0,1,0.04,0.002,0.0,-0.042,-0.042,1.0,False,NO_POSITIVE_MARGINAL_EDGE,event_legs=2;fits_budget=True;gross_top_prefilter=0.0;k=2;min_bundle_outlay=1.042
2026-10-08T00:16:56+00:00,buy_all_no,KXNCAAFGAME-26OCT10JMUGASO,KXNCAAFGAME-26OCT10JMUGASO,2,KXNCAAFGAME-26OCT10JMUGASO-JMU;KXNCAAFGAME-26OCT10JMUGASO-GASO,no;no,0.2600;0.7400,2.4;3162,0,0.0,1.0,1,0.04,0.002,0.0,-0.042,-0.042,1.0,False,NO_POSITIVE_MARGINAL_EDGE,event_legs=2;fits_budget=True;gross_top_prefilter=0.0;k=2;min_bundle_outlay=1.042
2026-10-08T00:16:56+00:00,buy_all_no,KXNBAGAME-26OCT09HOUDAL,KXNBAGAME-26OCT09HOUDAL,2,KXNBAGAME-26OCT09HOUDAL-DAL;KXNBAGAME-26OCT09HOUDAL-HOU,no;no,0.3400;0.6600,2.8;134.01,0,0.0,1.0,1,0.04,0.002,0.0,-0.042,-0.042,1.0,False,NO_POSITIVE_MARGINAL_EDGE,event_legs=2;fits_budget=True;gross_top_prefilter=0.0;k=2;min_bundle_outlay=1.042
2026-10-08T00:16:56+00:00,buy_all_no,KXOWGAME-26OCT090700ZETASEI,KXOWGAME-26OCT090700ZETASEI,2,KXOWGAME-26OCT090700ZETASEI-ZETA;KXOWGAME-26OCT090700ZETASEI-SEI,no;no,0.0400;0.9600,226.05;248.32,0,0.0,1.0,1,0.02,0.002,0.0,-0.022,-0.022,1.0,False,NO_POSITIVE_MARGINAL_EDGE,event_legs=2;fits_budget=True;gross_top_prefilter=0.0;k=2;min_bundle_outlay=1.022
2026-10-08T00:16:56+00:00,buy_all_no,KXNBAGAME-26OCT08NOPMIA,KXNBAGAME-26OCT08NOPMIA,2,KXNBAGAME-26OCT08NOPMIA-MIA;KXNBAGAME-26OCT08NOPMIA-NOP,no;no,0.2900;0.7100,89.2;23.28,0,0.0,1.0,1,0.04,0.002,0.0,-0.042,-0.042,1.0,False,NO_POSITIVE_MARGINAL_EDGE,event_legs=2;fits_budget=True;gross_top_prefilter=0.0;k=2;min_bundle_outlay=1.042
2026-10-08T00:16:56+00:00,buy_all_no,KXNHLGAME-26OCT08COLCGY,KXNHLGAME-26OCT08COLCGY,2,KXNHLGAME-26OCT08COLCGY-COL;KXNHLGAME-26OCT08COLCGY-CGY,no;no,0.3200;0.6800,368;44,0,0.0,1.0,1,0.04,0.002,0.0,-0.042,-0.042,1.0,False,NO_POSITIVE_MARGINAL_EDGE,event_legs=2;fits_budget=True;gross_top_prefilter=0.0;k=2;min_bundle_outlay=1.042
2026-10-08T00:16:56+00:00,buy_all_no,KXCS2GAME-26OCT081300BLASIN,KXCS2GAME-26OCT081300BLASIN,2,KXCS2GAME-26OCT081300BLASIN-BLA;KXCS2GAME-26OCT081300BLASIN-SIN,no;no,0.5000;0.5000,99;276,0,0.0,1.0,1,0.04,0.002,0.0,-0.042,-0.042,1.0,False,NO_POSITIVE_MARGINAL_EDGE,event_legs=2;fits_budget=True;gross_top_prefilter=0.0;k=2;min_bundle_outlay=1.042
2026-10-08T00:16:56+00:00,buy_all_no,KXR6GAME-26OCT081100DZC9,KXR6GAME-26OCT081100DZC9,2,KXR6GAME-26OCT081100DZC9-DZ;KXR6GAME-26OCT081100DZC9-C9,no;no,0.3400;0.6600,34.04;20,0,0.0,1.0,1,0.04,0.002,0.0,-0.042,-0.042,1.0,False,NO_POSITIVE_MARGINAL_EDGE,event_legs=2;fits_budget=True;gross_top_prefilter=0.0;k=2;min_bundle_outlay=1.042
2026-10-08T00:16:56+00:00,buy_all_no,KXITFMATCH-26OCT08BOUDAL,KXITFMATCH-26OCT08BOUDAL,2,KXITFMATCH-26OCT08BOUDAL-DAL;KXITFMATCH-26OCT08BOUDAL-BOU,no;no,0.3500;0.6500,16;50,0,0.0,1.0,1,0.04,0.002,0.0,-0.042,-0.042,1.0,False,NO_POSITIVE_MARGINAL_EDGE,event_legs=2;fits_budget=True;gross_top_prefilter=0.0;k=2;min_bundle_outlay=1.042
2026-10-08T00:16:56+00:00,buy_all_no,KXNBAGAME-26OCT08WASNYK,KXNBAGAME-26OCT08WASNYK,2,KXNBAGAME-26OCT08WASNYK-NYK;KXNBAGAME-26OCT08WASNYK-WAS,no;no,0.3500;0.6500,0.76;1580.27,0,0.0,1.0,1,0.04,0.002,0.0,-0.042,-0.042,1.0,False,NO_POSITIVE_MARGINAL_EDGE,event_legs=2;fits_budget=True;gross_top_prefilter=0.0;k=2;min_bundle_outlay=1.042
2026-10-08T00:16:56+00:00,buy_all_no,KXCRITICSACTR-27,KXCRITICSACTR-27,15,KXCRITICSACTR-27-JMOO;KXCRITICSACTR-27-INAV;KXCRITICSACTR-27-SHUL;KXCRITICSACTR-27-CCOO;KXCRITICSACTR-27-RREI;KXCRITICSACTR-27-OWIL;KXCRITICSACTR-27-MBAI;KXCRITICSACTR-27-RELE;KXCRITICSACTR-27-RMAD;KXCRITICSACTR-27-EBLU;KXCRITICSACTR-27-MMAD;KXCRITICSACTR-27-VEFI;KXCRITICSACTR-27-MREE;KXCRITICSACTR-27-LSEY;KXCRITICSACTR-27-JDOY,no;no;no;no;no;no;no;no;no;no;no;no;no;no;no,0.4300;0.8500;0.9600;0.9800;0.9800;0.9800;0.9800;0.9800;0.9800;0.9800;0.9800;0.9800;0.9800;0.9800;0.9800,53;3308;8742;9484;9484;8484;5407.01;5555.01;9384;6104.01;4047;6034.01;5309;5084.01;4459.01,0,0.0,14.0,14,0.16,0.015,0.0,-0.175,-0.175,14.0,False,NO_POSITIVE_MARGINAL_EDGE,event_legs=16;fits_budget=False;gross_top_prefilter=0.0;k=15;min_bundle_outlay=14.175
2026-10-08T00:16:56+00:00,buy_all_no,KXWTACHALLENGERMATCH-26OCT07KALKOR,KXWTACHALLENGERMATCH-26OCT07KALKOR,2,KXWTACHALLENGERMATCH-26OCT07KALKOR-KAL;KXWTACHALLENGERMATCH-26OCT07KALKOR-KOR,no;no,0.5000;0.5000,96;1357.1,0,0.0,1.0,1,0.04,0.002,0.0,-0.042,-0.042,1.0,False,NO_POSITIVE_MARGINAL_EDGE,event_legs=2;fits_budget=True;gross_top_prefilter=0.0;k=2;min_bundle_outlay=1.042
2026-10-08T00:16:56+00:00,buy_all_no,KXNASCARRACE-BANOA26,KXNASCARRACE-BANOA26,14,KXNASCARRACE-BANOA26-CHBE;KXNASCARRACE-BANOA26-DEHA;KXNASCARRACE-BANOA26-KYLA;KXNASCARRACE-BANOA26-CHBR;KXNASCARRACE-BANOA26-TYRE;KXNASCARRACE-BANOA26-RYBL;KXNASCARRACE-BANOA26-TYGI;KXNASCARRACE-BANOA26-WIBY;KXNASCARRACE-BANOA26-JOLO;KXNASCARRACE-BANOA26-BUWA;KXNASCARRACE-BANOA26-CHEL;KXNASCARRACE-BANOA26-CAHO;KXNASCARRACE-BANOA26-AUCI;KXNASCARRACE-BANOA26-COHE,no;no;no;no;no;no;no;no;no;no;no;no;no;no,0.8400;0.8500;0.8500;0.8800;0.9100;0.9400;0.9400;0.9500;0.9700;0.9700;0.9700;0.9700;0.9800;0.9800,7.63;20.1;100;89;100;25.08;405.12;79.93;2141.06;11044;559;1198.49;795.12;100,0,0.0,13.0,13,0.14,0.014,0.0,-0.154,-0.154,13.0,False,NO_POSITIVE_MARGINAL_EDGE,event_legs=39;fits_budget=False;gross_top_prefilter=0.0;k=14;min_bundle_outlay=13.154
2026-10-08T00:16:56+00:00,buy_all_no,KXWTAMATCH-26OCT07MERSWI,KXWTAMATCH-26OCT07MERSWI,2,KXWTAMATCH-26OCT07MERSWI-SWI;KXWTAMATCH-26OCT07MERSWI-MER,no;no,0.2000;0.8000,20;10,0,0.0,1.0,1,0.04,0.002,0.0,-0.042,-0.042,1.0,False,NO_POSITIVE_MARGINAL_EDGE,event_legs=2;fits_budget=True;gross_top_prefilter=0.0;k=2;min_bundle_outlay=1.042
2026-10-08T00:16:56+00:00,buy_all_no,KXBOXING-26OCT08IGLESIZAREN,KXBOXING-26OCT08IGLESIZAREN,2,KXBOXING-26OCT08IGLESIZAREN-IGLESI;KXBOXING-26OCT08IGLESIZAREN-ZAREN,no;no,0.0800;0.9300,32.01;825.4,0,0.0,1.01,1,0.02,0.002,-0.01,-0.032,-0.032,1.01,False,NO_POSITIVE_MARGINAL_EDGE,event_legs=2;fits_budget=True;gross_top_prefilter=0.0;k=2;min_bundle_outlay=1.032
2026-10-08T00:16:56+00:00,buy_all_no,KXATPMATCH-26OCT06NAVCAR,KXATPMATCH-26OCT06NAVCAR,2,KXATPMATCH-26OCT06NAVCAR-NAV;KXATPMATCH-26OCT06NAVCAR-CAR,no;no,0.4200;0.5800,330;1300,0,0.0,1.0,1,0.04,0.002,0.0,-0.042,-0.042,1.0,False,NO_POSITIVE_MARGINAL_EDGE,event_legs=2;fits_budget=True;gross_top_prefilter=0.0;k=2;min_bundle_outlay=1.042
2026-10-08T00:16:56+00:00,buy_all_no,KXATPMATCH-26OCT06MUNBRO,KXATPMATCH-26OCT06MUNBRO,2,KXATPMATCH-26OCT06MUNBRO-MUN;KXATPMATCH-26OCT06MUNBRO-BRO,no;no,0.3600;0.6400,7412.95;1380,0,0.0,1.0,1,0.04,0.002,0.0,-0.042,-0.042,1.0,False,NO_POSITIVE_MARGINAL_EDGE,event_legs=2;fits_budget=True;gross_top_prefilter=0.0;k=2;min_bundle_outlay=1.042
2026-10-08T00:16:56+00:00,buy_all_no,KXATPMATCH-26OCT06MARSVA,KXATPMATCH-26OCT06MARSVA,2,KXATPMATCH-26OCT06MARSVA-MAR;KXATPMATCH-26OCT06MARSVA-SVA,no;no,0.4500;0.5500,774;150,0,0.0,1.0,1,0.04,0.002,0.0,-0.042,-0.042,1.0,False,NO_POSITIVE_MARGINAL_EDGE,event_legs=2;fits_budget=True;gross_top_prefilter=0.0;k=2;min_bundle_outlay=1.042
2026-10-08T00:16:56+00:00,buy_all_no,KXHIGHTBOS-26OCT08,KXHIGHTBOS-26OCT08,4,KXHIGHTBOS-26OCT08-B74.5;KXHIGHTBOS-26OCT08-T75;KXHIGHTBOS-26OCT08-B72.5;KXHIGHTBOS-26OCT08-B70.5,no;no;no;no,0.4500;0.7800;0.8000;0.9700,27;51;11;428,0,0.0,3.0,3,0.07,0.004,0.0,-0.074,-0.074,3.0,False,NO_POSITIVE_MARGINAL_EDGE,event_legs=6;fits_budget=True;gross_top_prefilter=0.0;k=4;min_bundle_outlay=3.074
2026-10-08T00:16:56+00:00,buy_all_no,KXITFMATCH-26OCT07DELCHI,KXITFMATCH-26OCT07DELCHI,2,KXITFMATCH-26OCT07DELCHI-DEL;KXITFMATCH-26OCT07DELCHI-CHI,no;no,0.1000;0.9000,619;404,0,0.0,1.0,1,0.02,0.002,0.0,-0.022,-0.022,1.0,False,NO_POSITIVE_MARGINAL_EDGE,event_legs=2;fits_budget=True;gross_top_prefilter=0.0;k=2;min_bundle_outlay=1.022
2026-10-08T00:16:56+00:00,buy_all_no,GOVPARTYMA-26,GOVPARTYMA-26,2,GOVPARTYMA-26-D;GOVPARTYMA-26-R,no;no,0.0500;0.9510,550;701,0,0.0,1.001,1,0.02,0.002,-0.001,-0.023,-0.023,1.001,False,NO_POSITIVE_MARGINAL_EDGE,event_legs=2;fits_budget=True;gross_top_prefilter=-0.001;k=2;min_bundle_outlay=1.023
2026-10-08T00:16:56+00:00,buy_all_no,KXWNBAGAME-26OCT07LVGS,KXWNBAGAME-26OCT07LVGS,2,KXWNBAGAME-26OCT07LVGS-GS;KXWNBAGAME-26OCT07LVGS-LV,no;no,0.4700;0.5300,117143;58225.2,0,0.0,1.0,1,0.04,0.002,0.0,-0.042,-0.042,1.0,False,NO_POSITIVE_MARGINAL_EDGE,event_legs=2;fits_budget=True;gross_top_prefilter=0.0;k=2;min_bundle_outlay=1.042
2026-10-08T00:16:56+00:00,buy_all_no,KXLNBPGAME-26OCT072115ABECOR,KXLNBPGAME-26OCT072115ABECOR,2,KXLNBPGAME-26OCT072115ABECOR-ABE;KXLNBPGAME-26OCT072115ABECOR-COR,no;no,0.1900;0.8100,17.02;51,0,0.0,1.0,1,0.04,0.002,0.0,-0.042,-0.042,1.0,False,NO_POSITIVE_MARGINAL_EDGE,event_legs=2;fits_budget=True;gross_top_prefilter=0.0;k=2;min_bundle_outlay=1.042
2026-10-08T00:16:56+00:00,buy_all_no,KXATPMATCH-26OCT06HURDUC,KXATPMATCH-26OCT06HURDUC,2,KXATPMATCH-26OCT06HURDUC-HUR;KXATPMATCH-26OCT06HURDUC-DUC,no;no,0.3000;0.7000,1056.92;750,0,0.0,1.0,1,0.04,0.002,0.0,-0.042,-0.042,1.0,False,NO_POSITIVE_MARGINAL_EDGE,event_legs=2;fits_budget=True;gross_top_prefilter=0.0;k=2;min_bundle_outlay=1.042
2026-10-08T00:16:56+00:00,buy_all_no,KXHIGHDEN-26OCT08,KXHIGHDEN-26OCT08,3,KXHIGHDEN-26OCT08-B85.5;KXHIGHDEN-26OCT08-B83.5;KXHIGHDEN-26OCT08-B87.5,no;no;no,0.4300;0.6200;0.9500,19;18;39.2,0,0.0,2.0,2,0.05,0.003,0.0,-0.053,-0.053,2.0,False,NO_POSITIVE_MARGINAL_EDGE,event_legs=6;fits_budget=True;gross_top_prefilter=0.0;k=3;min_bundle_outlay=2.053
2026-10-08T00:16:56+00:00,buy_all_no,KXHOUSERACE-TN05-26,KXHOUSERACE-TN05-26,2,KXHOUSERACE-TN05-26-R;KXHOUSERACE-TN05-26-D,no;no,0.0810;0.9220,23;78.47,0,0.0,1.003,1,0.02,0.002,-0.003,-0.025,-0.025,1.003,False,NO_POSITIVE_MARGINAL_EDGE,event_legs=2;fits_budget=True;gross_top_prefilter=-0.003;k=2;min_bundle_outlay=1.025
2026-10-08T00:16:56+00:00,buy_all_no,SENATENC-26,SENATENC-26,2,SENATENC-26-D;SENATENC-26-R,no;no,0.0310;0.9710,65.73;94.13,0,0.0,1.002,1,0.02,0.002,-0.002,-0.024,-0.024,1.002,False,NO_POSITIVE_MARGINAL_EDGE,event_legs=2;fits_budget=True;gross_top_prefilter=-0.002;k=2;min_bundle_outlay=1.024
2026-10-08T00:16:56+00:00,buy_all_no,KXATPSETWINNER-26OCT06VANMER-1,KXATPSETWINNER-26OCT06VANMER-1,2,KXATPSETWINNER-26OCT06VANMER-1-VAN;KXATPSETWINNER-26OCT06VANMER-1-MER,no;no,0.4900;0.5100,1793;0.02,0,0.0,1.0,1,0.04,0.002,0.0,-0.042,-0.042,1.0,False,NO_POSITIVE_MARGINAL_EDGE,event_legs=2;fits_budget=True;gross_top_prefilter=0.0;k=2;min_bundle_outlay=1.042
2026-10-08T00:16:56+00:00,buy_all_no,HOUSECA21-26,HOUSECA21-26,2,HOUSECA21-26-D;HOUSECA21-26-R,no;no,0.0780;0.9510,182;1297,0,0.0,1.029,1,0.02,0.002,-0.029,-0.051,-0.051,1.029,False,NO_POSITIVE_MARGINAL_EDGE,event_legs=2;fits_budget=True;gross_top_prefilter=-0.005;k=2;min_bundle_outlay=1.051
2026-10-08T00:16:56+00:00,buy_all_no,GOVPARTYAL-26,GOVPARTYAL-26,2,GOVPARTYAL-26-R;GOVPARTYAL-26-D,no;no,0.0850;0.9170,103.33;3056,0,0.0,1.002,1,0.02,0.002,-0.002,-0.024,-0.024,1.002,False,NO_POSITIVE_MARGINAL_EDGE,event_legs=2;fits_budget=True;gross_top_prefilter=-0.002;k=2;min_bundle_outlay=1.024
2026-10-08T00:16:56+00:00,buy_all_no,SENATEGA-26,SENATEGA-26,2,SENATEGA-26-D;SENATEGA-26-R,no;no,0.0370;0.9660,2719.22;31.09,0,0.0,1.003,1,0.02,0.002,-0.003,-0.025,-0.025,1.003,False,NO_POSITIVE_MARGINAL_EDGE,event_legs=2;fits_budget=True;gross_top_prefilter=-0.003;k=2;min_bundle_outlay=1.025
2026-10-08T00:16:56+00:00,buy_all_no,KXBRASILEIROGAME-26OCT07BOTVDG,KXBRASILEIROGAME-26OCT07BOTVDG,3,KXBRASILEIROGAME-26OCT07BOTVDG-VDG;KXBRASILEIROGAME-26OCT07BOTVDG-TIE;KXBRASILEIROGAME-26OCT07BOTVDG-BOT,no;no;no,0.3600;0.7750;0.8750,2119.1;10257.7;418.8,0,0.0,2.01,2,0.05,0.003,-0.01,-0.063,-0.063,2.01,False,NO_POSITIVE_MARGINAL_EDGE,event_legs=3;fits_budget=True;gross_top_prefilter=-0.005;k=3;min_bundle_outlay=2.063
2026-10-08T00:16:56+00:00,buy_all_no,KXNCAAFGAME-26OCT10KENTWMU,KXNCAAFGAME-26OCT10KENTWMU,2,KXNCAAFGAME-26OCT10KENTWMU-WMU;KXNCAAFGAME-26OCT10KENTWMU-KENT,no;no,0.1600;0.8400,1;3875,0,0.0,1.0,1,0.02,0.002,0.0,-0.022,-0.022,1.0,False,NO_POSITIVE_MARGINAL_EDGE,event_legs=2;fits_budget=True;gross_top_prefilter=0.0;k=2;min_bundle_outlay=1.022
2026-10-08T00:16:56+00:00,buy_all_no,KXRATECUTCOUNT-26DEC31,KXRATECUTCOUNT-26DEC31,3,KXRATECUTCOUNT-26DEC31-T0;KXRATECUTCOUNT-26DEC31-T1;KXRATECUTCOUNT-26DEC31-T2,no;no;no,0.0500;0.9630;0.9880,15126.8;75.28;3677.24,0,0.0,2.001,2,0.03,0.003,-0.001,-0.034,-0.034,2.001,False,NO_POSITIVE_MARGINAL_EDGE,event_legs=21;fits_budget=True;gross_top_prefilter=-0.001;k=3;min_bundle_outlay=2.034
2026-10-08T00:16:56+00:00,buy_all_no,SENATELA-26,SENATELA-26,2,SENATELA-26-R;SENATELA-26-D,no;no,0.0380;0.9670,40;564,0,0.0,1.005,1,0.02,0.002,-0.005,-0.027,-0.027,1.005,False,NO_POSITIVE_MARGINAL_EDGE,event_legs=2;fits_budget=True;gross_top_prefilter=-0.005;k=2;min_bundle_outlay=1.027
2026-10-08T00:16:56+00:00,buy_all_no,GOVPARTYPA-26,GOVPARTYPA-26,2,GOVPARTYPA-26-D;GOVPARTYPA-26-R,no;no,0.0230;0.9790,24972.1;433.19,0,0.0,1.002,1,0.02,0.002,-0.002,-0.024,-0.024,1.002,False,NO_POSITIVE_MARGINAL_EDGE,event_legs=2;fits_budget=True;gross_top_prefilter=-0.002;k=2;min_bundle_outlay=1.024
2026-10-08T00:16:56+00:00,buy_all_no,KXATPMATCH-26OCT06BORDIA,KXATPMATCH-26OCT06BORDIA,2,KXATPMATCH-26OCT06BORDIA-BOR;KXATPMATCH-26OCT06BORDIA-DIA,no;no,0.2500;0.7500,486.81;7604,0,0.0,1.0,1,0.04,0.002,0.0,-0.042,-0.042,1.0,False,NO_POSITIVE_MARGINAL_EDGE,event_legs=2;fits_budget=True;gross_top_prefilter=0.0;k=2;min_bundle_outlay=1.042
2026-10-08T00:16:56+00:00,buy_all_no,KXGOVAK-26,KXGOVAK-26,3,KXGOVAK-26-JKRE;KXGOVAK-26-BWIL;KXGOVAK-26-TTAY,no;no;no,0.2300;0.7900;0.9860,59.26;0.71;63,0,0.0,2.006,2,0.05,0.003,-0.006,-0.059,-0.059,2.006,False,NO_POSITIVE_MARGINAL_EDGE,event_legs=16;fits_budget=True;gross_top_prefilter=-0.006;k=3;min_bundle_outlay=2.059
2026-10-08T00:16:56+00:00,buy_all_no,GOVPARTYNH-28,GOVPARTYNH-28,2,GOVPARTYNH-28-R;GOVPARTYNH-28-D,no;no,0.0780;0.9300,20;844.86,0,0.0,1.008,1,0.02,0.002,-0.008,-0.03,-0.03,1.008,False,NO_POSITIVE_MARGINAL_EDGE,event_legs=2;fits_budget=True;gross_top_prefilter=-0.008;k=2;min_bundle_outlay=1.03
2026-10-08T00:16:56+00:00,buy_all_no,KXHOUSERACE-TX24-26,KXHOUSERACE-TX24-26,2,KXHOUSERACE-TX24-26-R;KXHOUSERACE-TX24-26-D,no;no,0.0840;0.9230,41;10,0,0.0,1.007,1,0.02,0.002,-0.007,-0.029,-0.029,1.007,False,NO_POSITIVE_MARGINAL_EDGE,event_legs=2;fits_budget=True;gross_top_prefilter=-0.007;k=2;min_bundle_outlay=1.029
2026-10-08T00:16:56+00:00,buy_all_no,KXBRASILEIROGAME-26OCT08PALBAH,KXBRASILEIROGAME-26OCT08PALBAH,3,KXBRASILEIROGAME-26OCT08PALBAH-PAL;KXBRASILEIROGAME-26OCT08PALBAH-TIE;KXBRASILEIROGAME-26OCT08PALBAH-BAH,no;no;no,0.3800;0.7900;0.8350,6;2708.09;810.08,0,0.0,2.005,2,0.05,0.003,-0.005,-0.058,-0.058,2.005,False,NO_POSITIVE_MARGINAL_EDGE,event_legs=3;fits_budget=True;gross_top_prefilter=-0.005;k=3;min_bundle_outlay=2.058
2026-10-08T00:16:56+00:00,buy_all_no,KXATTYGENID-26,KXATTYGENID-26,2,KXATTYGENID-26-R;KXATTYGENID-26-D,no;no,0.0420;0.9660,238;3348,0,0.0,1.008,1,0.02,0.002,-0.008,-0.03,-0.03,1.008,False,NO_POSITIVE_MARGINAL_EDGE,event_legs=2;fits_budget=True;gross_top_prefilter=-0.008;k=2;min_bundle_outlay=1.03
2026-10-08T00:16:56+00:00,buy_all_no,KXRHOUSESEATS-27,KXRHOUSESEATS-27,9,KXRHOUSESEATS-27-193;KXRHOUSESEATS-27-200;KXRHOUSESEATS-27-205;KXRHOUSESEATS-27-195;KXRHOUSESEATS-27-210;KXRHOUSESEATS-27-215;KXRHOUSESEATS-27-220;KXRHOUSESEATS-27-225;KXRHOUSESEATS-27-230,no;no;no;no;no;no;no;no;no,0.6900;0.8300;0.8500;0.8600;0.9140;0.9460;0.9550;0.9770;0.9840,736.35;144.65;554.2;1388.33;143;4;18.45;20.98;250,0,0.0,8.006,8,0.1,0.009,-0.006,-0.115,-0.115,8.006,False,NO_POSITIVE_MARGINAL_EDGE,event_legs=11;fits_budget=True;gross_top_prefilter=-0.006;k=9;min_bundle_outlay=8.115
2026-10-08T00:16:56+00:00,buy_all_no,KXLOSEREELECTIONDSEN-2026,KXLOSEREELECTIONDSEN-2026,3,KXLOSEREELECTIONDSEN-2026-0;KXLOSEREELECTIONDSEN-2026-2;KXLOSEREELECTIONDSEN-2026-1,no;no;no,0.0580;0.9700;0.9800,2410.01;0.01;4774,0,0.0,2.008,2,0.03,0.003,-0.008,-0.041,-0.041,2.008,False,NO_POSITIVE_MARGINAL_EDGE,event_legs=6;fits_budget=True;gross_top_prefilter=-0.008;k=3;min_bundle_outlay=2.041
2026-10-08T00:16:56+00:00,buy_all_no,KXBRASILEIROGAME-26OCT07CRGPA,KXBRASILEIROGAME-26OCT07CRGPA,3,KXBRASILEIROGAME-26OCT07CRGPA-GPA;KXBRASILEIROGAME-26OCT07CRGPA-TIE;KXBRASILEIROGAME-26OCT07CRGPA-CR,no;no;no,0.1750;0.8450;0.9850,22;3354.08;6929.68,0,0.0,2.005,2,0.04,0.003,-0.005,-0.048,-0.048,2.005,False,NO_POSITIVE_MARGINAL_EDGE,event_legs=3;fits_budget=True;gross_top_prefilter=-0.005;k=3;min_bundle_outlay=2.048
2026-10-08T00:16:56+00:00,buy_all_no,GOVPARTYCO-26,GOVPARTYCO-26,2,GOVPARTYCO-26-D;GOVPARTYCO-26-R,no;no,0.0390;0.9690,292.67;449.33,0,0.0,1.008,1,0.02,0.002,-0.008,-0.03,-0.03,1.008,False,NO_POSITIVE_MARGINAL_EDGE,event_legs=2;fits_budget=True;gross_top_prefilter=-0.008;k=2;min_bundle_outlay=1.03
2026-10-08T00:16:56+00:00,buy_all_no,SENATEID-26,SENATEID-26,2,SENATEID-26-R;SENATEID-26-TACH,no;no,0.0790;0.9300,437;32365.9,0,0.0,1.009,1,0.02,0.002,-0.009,-0.031,-0.031,1.009,False,NO_POSITIVE_MARGINAL_EDGE,event_legs=3;fits_budget=True;gross_top_prefilter=-0.009;k=2;min_bundle_outlay=1.031
2026-10-08T00:16:56+00:00,buy_all_no,SENATESD-26,SENATESD-26,2,SENATESD-26-R;SENATESD-26-BBEN,no;no,0.0790;0.9300,52.57;6525.77,0,0.0,1.009,1,0.02,0.002,-0.009,-0.031,-0.031,1.009,False,NO_POSITIVE_MARGINAL_EDGE,event_legs=3;fits_budget=True;gross_top_prefilter=-0.009;k=2;min_bundle_outlay=1.031
2026-10-08T00:16:56+00:00,buy_all_no,KXTXSENOUTCOME-27JAN,KXTXSENOUTCOME-27JAN,2,KXTXSENOUTCOME-27JAN-TALPAX;KXTXSENOUTCOME-27JAN-PAXTAL,no;no,0.3600;0.6500,6;11,0,0.0,1.01,1,0.04,0.002,-0.01,-0.052,-0.052,1.01,False,NO_POSITIVE_MARGINAL_EDGE,event_legs=2;fits_budget=True;gross_top_prefilter=-0.01;k=2;min_bundle_outlay=1.052
2026-10-08T00:16:56+00:00,buy_all_no,GOVPARTYCA-26,GOVPARTYCA-26,2,GOVPARTYCA-26-D;GOVPARTYCA-26-R,no;no,0.0380;0.9690,528.9;2.25,0,0.0,1.007,1,0.02,0.002,-0.007,-0.029,-0.029,1.007,False,NO_POSITIVE_MARGINAL_EDGE,event_legs=2;fits_budget=True;gross_top_prefilter=-0.007;k=2;min_bundle_outlay=1.029
2026-10-08T00:16:56+00:00,buy_all_no,KXPRESPARTY-2028,KXPRESPARTY-2028,2,KXPRESPARTY-2028-D;KXPRESPARTY-2028-R,no;no,0.4200;0.5900,1546.8;413.92,0,0.0,1.01,1,0.04,0.002,-0.01,-0.052,-0.052,1.01,False,NO_POSITIVE_MARGINAL_EDGE,event_legs=2;fits_budget=True;gross_top_prefilter=-0.01;k=2;min_bundle_outlay=1.052
2026-10-08T00:16:56+00:00,buy_all_no,KXOSCARACTO-27,KXOSCARACTO-27,6,KXOSCARACTO-27-JOH;KXOSCARACTO-27-MATT;KXOSCARACTO-27-AND;KXOSCARACTO-27-TOM;KXOSCARACTO-27-ROB;KXOSCARACTO-27-TIM,no;no;no;no;no;no,0.6000;0.7700;0.8300;0.8700;0.9700;0.9700,13.77;97.62;43.72;218.65;221.02;1.38,0,0.0,5.01,5,0.08,0.006,-0.01,-0.096,-0.096,5.01,False,NO_POSITIVE_MARGINAL_EDGE,event_legs=25;fits_budget=True;gross_top_prefilter=-0.01;k=6;min_bundle_outlay=5.096
2026-10-08T00:16:56+00:00,buy_all_no,KXHIGHMIA-26OCT08,KXHIGHMIA-26OCT08,4,KXHIGHMIA-26OCT08-B89.5;KXHIGHMIA-26OCT08-B91.5;KXHIGHMIA-26OCT08-B87.5;KXHIGHMIA-26OCT08-B85.5,no;no;no;no,0.4600;0.6700;0.9000;0.9800,35;12;9;107.12,0,0.0,3.01,3,0.06,0.004,-0.01,-0.074,-0.074,3.01,False,NO_POSITIVE_MARGINAL_EDGE,event_legs=6;fits_budget=True;gross_top_prefilter=-0.01;k=4;min_bundle_outlay=3.074
2026-10-08T00:16:56+00:00,buy_all_no,KXSPAINPARLI-27,KXSPAINPARLI-27,2,KXSPAINPARLI-27-PP;KXSPAINPARLI-27-PSOE,no;no,0.1400;0.8700,17;375,0,0.0,1.01,1,0.02,0.002,-0.01,-0.032,-0.032,1.01,False,NO_POSITIVE_MARGINAL_EDGE,event_legs=4;fits_budget=True;gross_top_prefilter=-0.01;k=2;min_bundle_outlay=1.032
2026-10-08T00:16:56+00:00,buy_all_no,CONTROLH-2026,CONTROLH-2026,2,CONTROLH-2026-D;CONTROLH-2026-R,no;no,0.1100;0.9000,241836;146391,0,0.0,1.01,1,0.02,0.002,-0.01,-0.032,-0.032,1.01,False,NO_POSITIVE_MARGINAL_EDGE,event_legs=2;fits_budget=True;gross_top_prefilter=-0.01;k=2;min_bundle_outlay=1.032
2026-10-08T00:16:56+00:00,buy_all_no,KXMNSENGOVCOMBO-26NOV,KXMNSENGOVCOMBO-26NOV,3,KXMNSENGOVCOMBO-26NOV-DEMDEM;KXMNSENGOVCOMBO-26NOV-DEMREP;KXMNSENGOVCOMBO-26NOV-REPDEM,no;no;no,0.1300;0.9100;0.9700,1987.45;150;60,0,0.0,2.01,2,0.03,0.003,-0.01,-0.043,-0.043,2.01,False,NO_POSITIVE_MARGINAL_EDGE,event_legs=4;fits_budget=True;gross_top_prefilter=-0.01;k=3;min_bundle_outlay=2.043
2026-10-08T00:16:56+00:00,buy_all_no,GOVPARTYOH-26,GOVPARTYOH-26,2,GOVPARTYOH-26-D;GOVPARTYOH-26-R,no;no,0.3400;0.6700,250717;1433.2,0,0.0,1.01,1,0.04,0.002,-0.01,-0.052,-0.052,1.01,False,NO_POSITIVE_MARGINAL_EDGE,event_legs=2;fits_budget=True;gross_top_prefilter=-0.01;k=2;min_bundle_outlay=1.052
2026-10-08T00:16:56+00:00,buy_all_no,GOVPARTYIA-26,GOVPARTYIA-26,2,GOVPARTYIA-26-D;GOVPARTYIA-26-R,no;no,0.1200;0.8900,18052;104.49,0,0.0,1.01,1,0.02,0.002,-0.01,-0.032,-0.032,1.01,False,NO_POSITIVE_MARGINAL_EDGE,event_legs=2;fits_budget=True;gross_top_prefilter=-0.01;k=2;min_bundle_outlay=1.032
2026-10-08T00:16:56+00:00,buy_all_no,GOVPARTYTN-26,GOVPARTYTN-26,2,GOVPARTYTN-26-R;GOVPARTYTN-26-D,no;no,0.0590;0.9500,1000;1497.47,0,0.0,1.009,1,0.02,0.002,-0.009,-0.031,-0.031,1.009,False,NO_POSITIVE_MARGINAL_EDGE,event_legs=2;fits_budget=True;gross_top_prefilter=-0.009;k=2;min_bundle_outlay=1.031
2026-10-08T00:16:56+00:00,buy_all_no,KXHOUSERACE-MN05-26,KXHOUSERACE-MN05-26,2,KXHOUSERACE-MN05-26-D;KXHOUSERACE-MN05-26-R,no;no,0.0290;0.9770,29;29,0,0.0,1.006,1,0.02,0.002,-0.006,-0.028,-0.028,1.006,False,NO_POSITIVE_MARGINAL_EDGE,event_legs=3;fits_budget=True;gross_top_prefilter=-0.006;k=2;min_bundle_outlay=1.028
2026-10-08T00:16:56+00:00,buy_all_no,GOVPARTYOR-26,GOVPARTYOR-26,2,GOVPARTYOR-26-D;GOVPARTYOR-26-R,no;no,0.2500;0.7600,115.54;78.48,0,0.0,1.01,1,0.04,0.002,-0.01,-0.052,-0.052,1.01,False,NO_POSITIVE_MARGINAL_EDGE,event_legs=2;fits_budget=True;gross_top_prefilter=-0.01;k=2;min_bundle_outlay=1.052
2026-10-08T00:16:56+00:00,buy_all_no,KXOHSENGOVCOMBO-26NOV,KXOHSENGOVCOMBO-26NOV,4,KXOHSENGOVCOMBO-26NOV-DEMDEM;KXOHSENGOVCOMBO-26NOV-REPREP;KXOHSENGOVCOMBO-26NOV-DEMREP;KXOHSENGOVCOMBO-26NOV-REPDEM,no;no;no;no,0.4600;0.7500;0.8700;0.9300,244;105;225;15,0,0.0,3.01,3,0.06,0.004,-0.01,-0.074,-0.074,3.01,False,NO_POSITIVE_MARGINAL_EDGE,event_legs=4;fits_budget=True;gross_top_prefilter=-0.01;k=4;min_bundle_outlay=3.074
2026-10-08T00:16:56+00:00,buy_all_no,GOVPARTYIL-26,GOVPARTYIL-26,2,GOVPARTYIL-26-D;GOVPARTYIL-26-R,no;no,0.0330;0.9770,30;3,0,0.0,1.01,1,0.02,0.002,-0.01,-0.032,-0.032,1.01,False,NO_POSITIVE_MARGINAL_EDGE,event_legs=2;fits_budget=True;gross_top_prefilter=-0.01;k=2;min_bundle_outlay=1.032
2026-10-08T00:16:56+00:00,buy_all_no,GOVPARTYMN-26,GOVPARTYMN-26,2,GOVPARTYMN-26-D;GOVPARTYMN-26-R,no;no,0.0550;0.9520,500.34;57.87,0,0.0,1.007,1,0.02,0.002,-0.007,-0.029,-0.029,1.007,False,NO_POSITIVE_MARGINAL_EDGE,event_legs=2;fits_budget=True;gross_top_prefilter=-0.007;k=2;min_bundle_outlay=1.029
2026-10-08T00:16:56+00:00,buy_all_no,GOVPARTYWI-26,GOVPARTYWI-26,2,GOVPARTYWI-26-D;GOVPARTYWI-26-R,no;no,0.2100;0.8000,60302.4;1407.16,0,0.0,1.01,1,0.04,0.002,-0.01,-0.052,-0.052,1.01,False,NO_POSITIVE_MARGINAL_EDGE,event_legs=2;fits_budget=True;gross_top_prefilter=-0.01;k=2;min_bundle_outlay=1.052
2026-10-08T00:16:56+00:00,buy_all_no,CONTROLS-2026,CONTROLS-2026,2,CONTROLS-2026-D;CONTROLS-2026-R,no;no,0.3800;0.6300,13418.9;16197.8,0,0.0,1.01,1,0.04,0.002,-0.01,-0.052,-0.052,1.01,False,NO_POSITIVE_MARGINAL_EDGE,event_legs=2;fits_budget=True;gross_top_prefilter=-0.01;k=2;min_bundle_outlay=1.052
2026-10-08T00:16:56+00:00,buy_all_no,KXHOUSERACE-VA05-26,KXHOUSERACE-VA05-26,2,KXHOUSERACE-VA05-26-R;KXHOUSERACE-VA05-26-D,no;no,0.2300;0.7800,30139;3746.84,0,0.0,1.01,1,0.04,0.002,-0.01,-0.052,-0.052,1.01,False,NO_POSITIVE_MARGINAL_EDGE,event_legs=2;fits_budget=True;gross_top_prefilter=-0.01;k=2;min_bundle_outlay=1.052
2026-10-08T00:16:56+00:00,buy_all_no,KXHOUSERACE-TN09-26,KXHOUSERACE-TN09-26,2,KXHOUSERACE-TN09-26-R;KXHOUSERACE-TN09-26-D,no;no,0.1200;0.8900,49;82.5,0,0.0,1.01,1,0.02,0.002,-0.01,-0.032,-0.032,1.01,False,NO_POSITIVE_MARGINAL_EDGE,event_legs=2;fits_budget=True;gross_top_prefilter=-0.01;k=2;min_bundle_outlay=1.032
2026-10-08T00:16:56+00:00,buy_all_no,KXHOUSERACE-FL27-26,KXHOUSERACE-FL27-26,2,KXHOUSERACE-FL27-26-R;KXHOUSERACE-FL27-26-D,no;no,0.3600;0.6500,211;27789,0,0.0,1.01,1,0.04,0.002,-0.01,-0.052,-0.052,1.01,False,NO_POSITIVE_MARGINAL_EDGE,event_legs=2;fits_budget=True;gross_top_prefilter=-0.01;k=2;min_bundle_outlay=1.052
2026-10-08T00:16:56+00:00,buy_all_no,KXNFLNFCNORTH-27,KXNFLNFCNORTH-27,4,KXNFLNFCNORTH-27-MIN;KXNFLNFCNORTH-27-CHI;KXNFLNFCNORTH-27-DET;KXNFLNFCNORTH-27-GB,no;no;no;no,0.6300;0.7200;0.7400;0.9200,4242.98;208217;43.48;6987.15,0,0.0,3.01,3,0.07,0.004,-0.01,-0.084,-0.084,3.01,False,NO_POSITIVE_MARGINAL_EDGE,event_legs=4;fits_budget=True;gross_top_prefilter=-0.01;k=4;min_bundle_outlay=3.084
2026-10-08T00:16:56+00:00,buy_all_no,KXHOUSERACE-FL25-26,KXHOUSERACE-FL25-26,2,KXHOUSERACE-FL25-26-D;KXHOUSERACE-FL25-26-R,no;no,0.2600;0.7500,64.42;50315.1,0,0.0,1.01,1,0.04,0.002,-0.01,-0.052,-0.052,1.01,False,NO_POSITIVE_MARGINAL_EDGE,event_legs=2;fits_budget=True;gross_top_prefilter=-0.01;k=2;min_bundle_outlay=1.052
2026-10-08T00:16:56+00:00,buy_all_no,KXHOUSERACE-NY21-26,KXHOUSERACE-NY21-26,2,KXHOUSERACE-NY21-26-R;KXHOUSERACE-NY21-26-D,no;no,0.1900;0.8200,205;0.73,0,0.0,1.01,1,0.04,0.002,-0.01,-0.052,-0.052,1.01,False,NO_POSITIVE_MARGINAL_EDGE,event_legs=2;fits_budget=True;gross_top_prefilter=-0.01;k=2;min_bundle_outlay=1.052
2026-10-08T00:16:56+00:00,buy_all_no,KXNFLDROTY-27,KXNFLDROTY-27,9,KXNFLDROTY-27-JROD;KXNFLDROTY-27-AREE;KXNFLDROTY-27-SSTY;KXNFLDROTY-27-MDEL;KXNFLDROTY-27-DBAI;KXNFLDROTY-27-CDOW;KXNFLDROTY-27-DTHI;KXNFLDROTY-27-AHILL53;KXNFLDROTY-27-GJACAS50,no;no;no;no;no;no;no;no;no,0.6600;0.7000;0.9000;0.9300;0.9400;0.9600;0.9600;0.9800;0.9800,257;944.43;877.52;1914.89;1343.43;7843.52;1679.99;8503.34;4518.22,0,0.0,8.01,8,0.11,0.009,-0.01,-0.129,-0.129,8.01,False,NO_POSITIVE_MARGINAL_EDGE,event_legs=29;fits_budget=True;gross_top_prefilter=-0.01;k=9;min_bundle_outlay=8.129
2026-10-08T00:16:56+00:00,buy_all_no,KXHOUSERACE-OH10-26,KXHOUSERACE-OH10-26,2,KXHOUSERACE-OH10-26-R;KXHOUSERACE-OH10-26-D,no;no,0.1500;0.8600,7048;50,0,0.0,1.01,1,0.02,0.002,-0.01,-0.032,-0.032,1.01,False,NO_POSITIVE_MARGINAL_EDGE,event_legs=2;fits_budget=True;gross_top_prefilter=-0.01;k=2;min_bundle_outlay=1.032
2026-10-08T00:16:56+00:00,buy_all_no,GOVPARTYVT-26,GOVPARTYVT-26,2,GOVPARTYVT-26-R;GOVPARTYVT-26-D,no;no,0.2900;0.7200,3017.72;2220.25,0,0.0,1.01,1,0.04,0.002,-0.01,-0.052,-0.052,1.01,False,NO_POSITIVE_MARGINAL_EDGE,event_legs=2;fits_budget=True;gross_top_prefilter=-0.01;k=2;min_bundle_outlay=1.052
2026-10-08T00:16:56+00:00,buy_all_no,KXNFLAFCNORTH-27,KXNFLAFCNORTH-27,4,KXNFLAFCNORTH-27-BAL;KXNFLAFCNORTH-27-CIN;KXNFLAFCNORTH-27-CLE;KXNFLAFCNORTH-27-PIT,no;no;no;no,0.4300;0.7400;0.9100;0.9300,200443;549.29;189.05;28,0,0.0,3.01,3,0.06,0.004,-0.01,-0.074,-0.074,3.01,False,NO_POSITIVE_MARGINAL_EDGE,event_legs=4;fits_budget=True;gross_top_prefilter=-0.01;k=4;min_bundle_outlay=3.074
2026-10-08T00:53:33+00:00,buy_all_no,KXKSSENGOVCOMBO-26NOV,KXKSSENGOVCOMBO-26NOV,4,KXKSSENGOVCOMBO-26NOV-REPREP;KXKSSENGOVCOMBO-26NOV-DEMDEM;KXKSSENGOVCOMBO-26NOV-REPDEM;KXKSSENGOVCOMBO-26NOV-DEMREP,no;no;no;no,0.4300;0.7900;0.7900;0.9600,1;0.67;294;40,0,0.0,2.97,3,0.07,0.004,0.03,-0.044,-0.044,2.97,False,NO_POSITIVE_MARGINAL_EDGE,event_legs=4;fits_budget=True;gross_top_prefilter=0.03;k=4;min_bundle_outlay=3.044
2026-10-08T00:53:33+00:00,buy_all_no,KXNCAAFSEED-27S1,KXNCAAFSEED-27S1,8,KXNCAAFSEED-27S1-ND;KXNCAAFSEED-27S1-TEX;KXNCAAFSEED-27S1-ALA;KXNCAAFSEED-27S1-MIA;KXNCAAFSEED-27S1-UGA;KXNCAAFSEED-27S1-OSU;KXNCAAFSEED-27S1-IND;KXNCAAFSEED-27S1-LSU,no;no;no;no;no;no;no;no,0.7900;0.8000;0.8100;0.8500;0.8700;0.9300;0.9500;0.9700,40.07;38;9;3.39;3;0.01;5;26.5,0,0.0,6.97,7,0.11,0.008,0.03,-0.088,-0.088,6.97,False,NO_POSITIVE_MARGINAL_EDGE,event_legs=50;fits_budget=True;gross_top_prefilter=0.03;k=8;min_bundle_outlay=7.088
2026-10-08T00:53:33+00:00,buy_all_no,KXNWSL-26,KXNWSL-26,8,KXNWSL-26-GOT;KXNWSL-26-WSP;KXNWSL-26-KC;KXNWSL-26-SAN;KXNWSL-26-ANG;KXNWSL-26-URO;KXNWSL-26-DEN;KXNWSL-26-NCC,no;no;no;no;no;no;no;no,0.7500;0.7700;0.7700;0.8300;0.9000;0.9800;0.9800;0.9800,368.09;217.14;77.73;162.07;110.95;839.73;381.57;344.23,0,0.0,6.96,7,0.11,0.008,0.04,-0.078,-0.078,6.96,False,NO_POSITIVE_MARGINAL_EDGE,event_legs=16;fits_budget=True;gross_top_prefilter=0.04;k=8;min_bundle_outlay=7.078
2026-10-08T00:53:33+00:00,buy_all_no,KXTRUMPAPPROVE-26OCT08,KXTRUMPAPPROVE-26OCT08,9,KXTRUMPAPPROVE-26OCT08-E38.4;KXTRUMPAPPROVE-26OCT08-E38.5;KXTRUMPAPPROVE-26OCT08-E38.3;KXTRUMPAPPROVE-26OCT08-E38.6;KXTRUMPAPPROVE-26OCT08-U38.2;KXTRUMPAPPROVE-26OCT08-E38.2;KXTRUMPAPPROVE-26OCT08-E38.8;KXTRUMPAPPROVE-26OCT08-A38.8;KXTRUMPAPPROVE-26OCT08-E38.7,no;no;no;no;no;no;no;no;no,0.6600;0.7200;0.8300;0.9300;0.9400;0.9600;0.9700;0.9700;0.9800,658.68;4544.88;3696.65;7105.1;3646.66;16501.1;18538.6;24133.9;51163,0,0.0,7.96,8,0.11,0.009,0.04,-0.079,-0.079,7.96,False,NO_POSITIVE_MARGINAL_EDGE,event_legs=9;fits_budget=True;gross_top_prefilter=0.04;k=9;min_bundle_outlay=8.079
2026-10-08T00:53:33+00:00,buy_all_no,SENATEKS-28,SENATEKS-28,2,SENATEKS-28-R;SENATEKS-28-D,no;no,0.2900;0.6900,8.6;5,0,0.0,0.98,1,0.04,0.002,0.02,-0.022,-0.022,0.98,False,NO_POSITIVE_MARGINAL_EDGE,event_legs=2;fits_budget=True;gross_top_prefilter=0.02;k=2;min_bundle_outlay=1.022
2026-10-08T00:53:33+00:00,buy_all_no,KXBRPRES2MOV-26OCT25,KXBRPRES2MOV-26OCT25,5,KXBRPRES2MOV-26OCT25-FBOL-P4;KXBRPRES2MOV-26OCT25-FBOL-P1;KXBRPRES2MOV-26OCT25-LSIL-P1;KXBRPRES2MOV-26OCT25-FBOL-P7;KXBRPRES2MOV-26OCT25-FBOL-P9,no;no;no;no;no,0.5500;0.7100;0.8700;0.9000;0.9500,41;1324.41;1258.86;2486.82;4040.13,0,0.0,3.98,4,0.07,0.005,0.02,-0.055,-0.055,3.98,False,NO_POSITIVE_MARGINAL_EDGE,event_legs=8;fits_budget=True;gross_top_prefilter=0.02;k=5;min_bundle_outlay=4.055
2026-10-08T00:53:33+00:00,buy_all_no,KXCRITICSEDIT-27,KXCRITICSEDIT-27,16,KXCRITICSEDIT-27-ODY;KXCRITICSEDIT-27-DUN;KXCRITICSEDIT-27-LAB;KXCRITICSEDIT-27-PRO;KXCRITICSEDIT-27-INV;KXCRITICSEDIT-27-WIL;KXCRITICSEDIT-27-ELS;KXCRITICSEDIT-27-DIG;KXCRITICSEDIT-27-IPL;KXCRITICSEDIT-27-DEB;KXCRITICSEDIT-27-FJO;KXCRITICSEDIT-27-YOU;KXCRITICSEDIT-27-CLU;KXCRITICSEDIT-27-INK;KXCRITICSEDIT-27-SOC;KXCRITICSEDIT-27-TIE,no;no;no;no;no;no;no;no;no;no;no;no;no;no;no;no,0.4900;0.8600;0.9000;0.9600;0.9700;0.9800;0.9800;0.9800;0.9800;0.9800;0.9800;0.9800;0.9800;0.9800;0.9800;0.9800,2461;4575;1653.3;7381;4277;9369;5945;5542;5945;7969;5945;9969;5542;5542;5945;5320,0,0.0,14.96,15,0.17,0.016,0.04,-0.146,-0.146,14.96,False,NO_POSITIVE_MARGINAL_EDGE,event_legs=16;fits_budget=False;gross_top_prefilter=0.04;k=16;min_bundle_outlay=15.146
2026-10-08T00:53:33+00:00,buy_all_no,KXCRITICSHAIR-27,KXCRITICSHAIR-27,15,KXCRITICSHAIR-27-WER;KXCRITICSHAIR-27-DIG;KXCRITICSHAIR-27-ODY;KXCRITICSHAIR-27-DUN;KXCRITICSHAIR-27-CLA;KXCRITICSHAIR-27-BRI;KXCRITICSHAIR-27-EBE;KXCRITICSHAIR-27-WIC;KXCRITICSHAIR-27-MIC;KXCRITICSHAIR-27-LAB;KXCRITICSHAIR-27-IPL;KXCRITICSHAIR-27-FUR;KXCRITICSHAIR-27-ELS;KXCRITICSHAIR-27-ROS;KXCRITICSHAIR-27-ISG,no;no;no;no;no;no;no;no;no;no;no;no;no;no;no,0.7100;0.8200;0.8500;0.9000;0.9500;0.9500;0.9600;0.9600;0.9700;0.9800;0.9800;0.9800;0.9800;0.9800;0.9800,41;2283.6;622.5;4760.02;6263.4;6261.7;4692;6692;7525;4719;4344;4344.01;5860;4304;4344,0,0.0,13.95,14,0.17,0.015,0.05,-0.135,-0.135,13.95,False,NO_POSITIVE_MARGINAL_EDGE,event_legs=16;fits_budget=False;gross_top_prefilter=0.05;k=15;min_bundle_outlay=14.135
2026-10-08T00:53:33+00:00,buy_all_no,KXARGENTINAPRES1R-27OCT24,KXARGENTINAPRES1R-27OCT24,9,KXARGENTINAPRES1R-27OCT24-JMIL;KXARGENTINAPRES1R-27OCT24-AKIC;KXARGENTINAPRES1R-27OCT24-SMAS;KXARGENTINAPRES1R-27OCT24-MBRE;KXARGENTINAPRES1R-27OCT24-JSCH;KXARGENTINAPRES1R-27OCT24-JGRA;KXARGENTINAPRES1R-27OCT24-PBUL;KXARGENTINAPRES1R-27OCT24-MMAC;KXARGENTINAPRES1R-27OCT24-VVIL,no;no;no;no;no;no;no;no;no,0.6200;0.7500;0.9300;0.9400;0.9400;0.9400;0.9500;0.9500;0.9600,4600;7738;6458.4;6244.04;7054.74;6833.69;6857.19;6857.19;6602.15,0,0.0,7.98,8,0.11,0.009,0.02,-0.099,-0.099,7.98,False,NO_POSITIVE_MARGINAL_EDGE,event_legs=9;fits_budget=True;gross_top_prefilter=0.02;k=9;min_bundle_outlay=8.099
2026-10-08T00:53:33+00:00,buy_all_no,KXODIMATCH-26OCT082330AUS-AINA,KXODIMATCH-26OCT082330AUS-AINA,2,KXODIMATCH-26OCT082330AUS-AINA-INA;KXODIMATCH-26OCT082330AUS-AINA-AUS-A,no;no,0.3600;0.6200,14;10.9,0,0.0,0.98,1,0.04,0.002,0.02,-0.022,-0.022,0.98,False,NO_POSITIVE_MARGINAL_EDGE,event_legs=2;fits_budget=True;gross_top_prefilter=0.02;k=2;min_bundle_outlay=1.022
2026-10-08T00:53:33+00:00,buy_all_no,KXTRUTHSOCIAL-26OCT10,KXTRUTHSOCIAL-26OCT10,8,KXTRUTHSOCIAL-26OCT10-B149;KXTRUTHSOCIAL-26OCT10-B169;KXTRUTHSOCIAL-26OCT10-B129;KXTRUTHSOCIAL-26OCT10-B109;KXTRUTHSOCIAL-26OCT10-B189;KXTRUTHSOCIAL-26OCT10-B209;KXTRUTHSOCIAL-26OCT10-B230;KXTRUTHSOCIAL-26OCT10-T240,no;no;no;no;no;no;no;no,0.7700;0.7900;0.8200;0.8800;0.8800;0.9300;0.9400;0.9700,31.01;2635.16;3574.1;566.87;315.2;1647;2271.55;2763.23,0,0.0,6.98,7,0.11,0.008,0.02,-0.098,-0.098,6.98,False,NO_POSITIVE_MARGINAL_EDGE,event_legs=10;fits_budget=True;gross_top_prefilter=0.02;k=8;min_bundle_outlay=7.098
2026-10-08T00:53:33+00:00,buy_all_no,KXHOUSEPOPVOTEMARGIN-27NOV03,KXHOUSEPOPVOTEMARGIN-27NOV03,10,KXHOUSEPOPVOTEMARGIN-27NOV03-B9;KXHOUSEPOPVOTEMARGIN-27NOV03-B11;KXHOUSEPOPVOTEMARGIN-27NOV03-B7;KXHOUSEPOPVOTEMARGIN-27NOV03-B5;KXHOUSEPOPVOTEMARGIN-27NOV03-B13;KXHOUSEPOPVOTEMARGIN-27NOV03-B3;KXHOUSEPOPVOTEMARGIN-27NOV03-B50;KXHOUSEPOPVOTEMARGIN-27NOV03-B1;KXHOUSEPOPVOTEMARGIN-27NOV03-B15;KXHOUSEPOPVOTEMARGIN-27NOV03-B58,no;no;no;no;no;no;no;no;no;no,0.7200;0.7700;0.8200;0.9060;0.9150;0.9500;0.9510;0.9710;0.9770;0.9800,4750.67;4039.81;1597.24;2606;165.44;2080.13;1;36.88;142.96;31.36,0,0.0,8.96,9,0.13,0.01,0.04,-0.1,-0.1,8.96,False,NO_POSITIVE_MARGINAL_EDGE,event_legs=10;fits_budget=True;gross_top_prefilter=0.04;k=10;min_bundle_outlay=9.1
2026-10-08T00:53:33+00:00,buy_all_no,KXMLB-26,KXMLB-26,7,KXMLB-26-LAD;KXMLB-26-MIL;KXMLB-26-TB;KXMLB-26-CWS;KXMLB-26-SD;KXMLB-26-NYY;KXMLB-26-CLE,no;no;no;no;no;no;no,0.5820;0.7990;0.8090;0.9210;0.9440;0.9560;0.9700,107.6;28890.2;204.79;54.14;2835.11;196.12;285.8,0,0.0,5.981,6,0.1,0.007,0.019,-0.088,-0.088,5.981,False,NO_POSITIVE_MARGINAL_EDGE,event_legs=30;fits_budget=True;gross_top_prefilter=0.02;k=7;min_bundle_outlay=6.088
2026-10-08T00:53:33+00:00,buy_all_no,KXRELOCATIONCHI-28,KXRELOCATIONCHI-28,3,KXRELOCATIONCHI-28-ILL;KXRELOCATIONCHI-28-IND;KXRELOCATIONCHI-28-REMAIN,no;no;no,0.3700;0.6600;0.9600,6;15.32;782.8,0,0.0,1.99,2,0.05,0.003,0.01,-0.043,-0.043,1.99,False,NO_POSITIVE_MARGINAL_EDGE,event_legs=4;fits_budget=True;gross_top_prefilter=0.01;k=3;min_bundle_outlay=2.043
2026-10-08T00:53:33+00:00,buy_all_no,KXNBAATLANTIC-26,KXNBAATLANTIC-26,4,KXNBAATLANTIC-26-NYK;KXNBAATLANTIC-26-BOS;KXNBAATLANTIC-26-PHI;KXNBAATLANTIC-26-TOR,no;no;no;no,0.6700;0.7100;0.7200;0.8900,291.67;500.17;5.42;1000,0,0.0,2.99,3,0.07,0.004,0.01,-0.064,-0.064,2.99,False,NO_POSITIVE_MARGINAL_EDGE,event_legs=5;fits_budget=True;gross_top_prefilter=0.01;k=4;min_bundle_outlay=3.064
2026-10-08T00:53:33+00:00,buy_all_no,KXESGOV-26OCT25,KXESGOV-26OCT25,2,KXESGOV-26OCT25-LPAZ;KXESGOV-26OCT25-RFER,no;no,0.1300;0.8600,3311.35;1430.85,0,0.0,0.99,1,0.02,0.002,0.01,-0.012,-0.012,0.99,False,NO_POSITIVE_MARGINAL_EDGE,event_legs=2;fits_budget=True;gross_top_prefilter=0.01;k=2;min_bundle_outlay=1.012
2026-10-08T00:53:33+00:00,buy_all_no,KXOSCARACTO-27,KXOSCARACTO-27,6,KXOSCARACTO-27-JOH;KXOSCARACTO-27-MATT;KXOSCARACTO-27-AND;KXOSCARACTO-27-TOM;KXOSCARACTO-27-ROB;KXOSCARACTO-27-TIM,no;no;no;no;no;no,0.6000;0.7700;0.8100;0.8700;0.9700;0.9700,14.1;97.62;30.85;198.69;221.02;1.38,0,0.0,4.99,5,0.09,0.006,0.01,-0.086,-0.086,4.99,False,NO_POSITIVE_MARGINAL_EDGE,event_legs=25;fits_budget=True;gross_top_prefilter=0.01;k=6;min_bundle_outlay=5.086
2026-10-08T00:53:33+00:00,buy_all_no,KXF1POLE-SIN26,KXF1POLE-SIN26,8,KXF1POLE-SIN26-VER;KXF1POLE-SIN26-ANT;KXF1POLE-SIN26-HAM;KXF1POLE-SIN26-LEC;KXF1POLE-SIN26-RUS;KXF1POLE-SIN26-NOR;KXF1POLE-SIN26-PIA;KXF1POLE-SIN26-HAD,no;no;no;no;no;no;no;no,0.6900;0.7900;0.8600;0.8800;0.9100;0.9300;0.9600;0.9600,106;8.31;105;100;10;9;5;10,0,0.0,6.98,7,0.1,0.008,0.02,-0.088,-0.088,6.98,False,NO_POSITIVE_MARGINAL_EDGE,event_legs=22;fits_budget=True;gross_top_prefilter=0.02;k=8;min_bundle_outlay=7.088
2026-10-08T00:53:33+00:00,buy_all_no,KXSPAIN3RD-26NOV29-3,KXSPAIN3RD-26NOV29-3,3,KXSPAIN3RD-26NOV29-3-VOX;KXSPAIN3RD-26NOV29-3-PSOE;KXSPAIN3RD-26NOV29-3-PP,no;no;no,0.0800;0.9500;0.9600,7658.08;14018.9;17330,0,0.0,1.99,2,0.03,0.003,0.01,-0.023,-0.023,1.99,False,NO_POSITIVE_MARGINAL_EDGE,event_legs=3;fits_budget=True;gross_top_prefilter=0.01;k=3;min_bundle_outlay=2.023
2026-10-08T00:53:33+00:00,buy_all_no,KXCBDECISIONCANADA-26DEC,KXCBDECISIONCANADA-26DEC,2,KXCBDECISIONCANADA-26DEC-H25;KXCBDECISIONCANADA-26DEC-H0,no;no,0.4500;0.5400,3.93;51,0,0.0,0.99,1,0.04,0.002,0.01,-0.032,-0.032,0.99,False,NO_POSITIVE_MARGINAL_EDGE,event_legs=5;fits_budget=True;gross_top_prefilter=0.01;k=2;min_bundle_outlay=1.032
2026-10-08T00:53:33+00:00,buy_all_no,KXSPAINMOV-26NOV29,KXSPAINMOV-26NOV29,7,KXSPAINMOV-26NOV29-PP-P4;KXSPAINMOV-26NOV29-PP-P7;KXSPAINMOV-26NOV29-PP-P1;KXSPAINMOV-26NOV29-PP-P10;KXSPAINMOV-26NOV29-PSOE-P1;KXSPAINMOV-26NOV29-PP-P12;KXSPAINMOV-26NOV29-PSOE-P3,no;no;no;no;no;no;no,0.7100;0.7300;0.8300;0.9100;0.9100;0.9400;0.9600,197;2071;2596.44;4554.31;3251.6;5288.8;6371,0,0.0,5.99,6,0.09,0.007,0.01,-0.087,-0.087,5.99,False,NO_POSITIVE_MARGINAL_EDGE,event_legs=7;fits_budget=True;gross_top_prefilter=0.01;k=7;min_bundle_outlay=6.087
2026-10-08T00:53:33+00:00,buy_all_no,KXCA11PERSON-26,KXCA11PERSON-26,2,KXCA11PERSON-26-SWIE;KXCA11PERSON-26-CCHA,no;no,0.2000;0.7900,14.58;6,0,0.0,0.99,1,0.04,0.002,0.01,-0.032,-0.032,0.99,False,NO_POSITIVE_MARGINAL_EDGE,event_legs=2;fits_budget=True;gross_top_prefilter=0.01;k=2;min_bundle_outlay=1.032
2026-10-08T00:53:33+00:00,buy_all_no,KXMISENATE-26,KXMISENATE-26,2,KXMISENATE-26-AELS;KXMISENATE-26-MROG,no;no,0.2900;0.7000,89.76;91.2,0,0.0,0.99,1,0.04,0.002,0.01,-0.032,-0.032,0.99,False,NO_POSITIVE_MARGINAL_EDGE,event_legs=4;fits_budget=True;gross_top_prefilter=0.01;k=2;min_bundle_outlay=1.032
2026-10-08T00:53:33+00:00,buy_all_no,KXDSENATESEATS-27,KXDSENATESEATS-27,10,KXDSENATESEATS-27-ABOVE52;KXDSENATESEATS-27-52;KXDSENATESEATS-27-51;KXDSENATESEATS-27-50;KXDSENATESEATS-27-49;KXDSENATESEATS-27-48;KXDSENATESEATS-27-47;KXDSENATESEATS-27-46;KXDSENATESEATS-27-BELOW45;KXDSENATESEATS-27-45,no;no;no;no;no;no;no;no;no;no,0.6300;0.8100;0.8600;0.8800;0.9210;0.9390;0.9730;0.9810;0.9840;0.9880,9678.39;28;5200.11;428;3;32.85;306;219.4;12.26;20.35,0,0.0,8.966,9,0.12,0.01,0.034,-0.096,-0.096,8.966,False,NO_POSITIVE_MARGINAL_EDGE,event_legs=10;fits_budget=True;gross_top_prefilter=0.034;k=10;min_bundle_outlay=9.096
2026-10-08T00:53:33+00:00,buy_all_no,KXCRITICSCOM-27,KXCRITICSCOM-27,12,KXCRITICSCOM-27-INV;KXCRITICSCOM-27-DEB;KXCRITICSCOM-27-WIL;KXCRITICSCOM-27-CLU;KXCRITICSCOM-27-COY;KXCRITICSCOM-27-DRA;KXCRITICSCOM-27-FUR;KXCRITICSCOM-27-SHE;KXCRITICSCOM-27-PRO;KXCRITICSCOM-27-ILO;KXCRITICSCOM-27-DIG;KXCRITICSCOM-27-DEV,no;no;no;no;no;no;no;no;no;no;no;no,0.7300;0.8000;0.8900;0.9100;0.9100;0.9400;0.9500;0.9600;0.9600;0.9700;0.9800;0.9800,9;24;3582.72;88;14;6325.14;6108.47;5789.58;5592.58;5592.58;6342.58;6692.58,0,0.0,10.98,11,0.14,0.012,0.02,-0.132,-0.132,10.98,False,NO_POSITIVE_MARGINAL_EDGE,event_legs=16;fits_budget=False;gross_top_prefilter=0.01;k=12;min_bundle_outlay=11.132
2026-10-08T00:53:33+00:00,buy_all_no,KXHIGHMIA-26OCT08,KXHIGHMIA-26OCT08,3,KXHIGHMIA-26OCT08-B89.5;KXHIGHMIA-26OCT08-B91.5;KXHIGHMIA-26OCT08-B87.5,no;no;no,0.4700;0.6700;0.8500,25.64;49.88;11.23,0,0.0,1.99,2,0.05,0.003,0.01,-0.043,-0.043,1.99,False,NO_POSITIVE_MARGINAL_EDGE,event_legs=6;fits_budget=True;gross_top_prefilter=0.01;k=3;min_bundle_outlay=2.043
2026-10-08T00:53:33+00:00,buy_all_no,KXMLBSERIESSCORE-26CWSCLEALDS,KXMLBSERIESSCORE-26CWSCLEALDS,3,KXMLBSERIESSCORE-26CWSCLEALDS-CWS31;KXMLBSERIESSCORE-26CWSCLEALDS-CLE32;KXMLBSERIESSCORE-26CWSCLEALDS-CWS32,no;no;no,0.4800;0.6900;0.8200,0.67;69.72;83,0,0.0,1.99,2,0.06,0.003,0.01,-0.053,-0.053,1.99,False,NO_POSITIVE_MARGINAL_EDGE,event_legs=6;fits_budget=True;gross_top_prefilter=0.01;k=3;min_bundle_outlay=2.053
2026-10-08T00:53:33+00:00,buy_all_no,KXNBAGAME-26OCT12SASUTA,KXNBAGAME-26OCT12SASUTA,2,KXNBAGAME-26OCT12SASUTA-SAS;KXNBAGAME-26OCT12SASUTA-UTA,no;no,0.4500;0.5400,67.89;20.02,0,0.0,0.99,1,0.04,0.002,0.01,-0.032,-0.032,0.99,False,NO_POSITIVE_MARGINAL_EDGE,event_legs=2;fits_budget=True;gross_top_prefilter=0.01;k=2;min_bundle_outlay=1.032
2026-10-08T00:53:33+00:00,buy_all_no,KXT20MATCH-26OCT090930WIIND,KXT20MATCH-26OCT090930WIIND,2,KXT20MATCH-26OCT090930WIIND-IND;KXT20MATCH-26OCT090930WIIND-WI,no;no,0.2500;0.7400,396.26;1744.27,0,0.0,0.99,1,0.04,0.002,0.01,-0.032,-0.032,0.99,False,NO_POSITIVE_MARGINAL_EDGE,event_legs=2;fits_budget=True;gross_top_prefilter=0.01;k=2;min_bundle_outlay=1.032
2026-10-08T00:53:33+00:00,buy_all_no,SENATEAR-26,SENATEAR-26,2,SENATEAR-26-R;SENATEAR-26-D,no;no,0.0620;0.9350,6532.31;631.11,0,0.0,0.997,1,0.02,0.002,0.003,-0.019,-0.019,0.997,False,NO_POSITIVE_MARGINAL_EDGE,event_legs=2;fits_budget=True;gross_top_prefilter=0.003;k=2;min_bundle_outlay=1.019
2026-10-08T00:53:33+00:00,buy_all_no,KXLIGAMXGAME-26OCT09TIGTOL,KXLIGAMXGAME-26OCT09TIGTOL,3,KXLIGAMXGAME-26OCT09TIGTOL-TOL;KXLIGAMXGAME-26OCT09TIGTOL-TIG;KXLIGAMXGAME-26OCT09TIGTOL-TIE,no;no;no,0.5700;0.6800;0.7400,800.12;9.07;1042.16,0,0.0,1.99,2,0.06,0.003,0.01,-0.053,-0.053,1.99,False,NO_POSITIVE_MARGINAL_EDGE,event_legs=3;fits_budget=True;gross_top_prefilter=0.01;k=3;min_bundle_outlay=2.053
2026-10-08T00:53:33+00:00,buy_all_no,KXATTYGENNY-26,KXATTYGENNY-26,2,KXATTYGENNY-26-D;KXATTYGENNY-26-R,no;no,0.0360;0.9590,6044.36;6237.28,0,0.0,0.995,1,0.02,0.002,0.005,-0.017,-0.017,0.995,False,NO_POSITIVE_MARGINAL_EDGE,event_legs=2;fits_budget=True;gross_top_prefilter=0.005;k=2;min_bundle_outlay=1.017
2026-10-08T00:53:33+00:00,buy_all_no,SENATEFLS-26,SENATEFLS-26,2,SENATEFLS-26-R;SENATEFLS-26-D,no;no,0.0900;0.9080,4529.46;837.79,0,0.0,0.998,1,0.02,0.002,0.002,-0.02,-0.02,0.998,False,NO_POSITIVE_MARGINAL_EDGE,event_legs=2;fits_budget=True;gross_top_prefilter=0.002;k=2;min_bundle_outlay=1.02
2026-10-08T00:53:33+00:00,buy_all_no,GOVPARTYOK-26,GOVPARTYOK-26,2,GOVPARTYOK-26-R;GOVPARTYOK-26-D,no;no,0.0900;0.9090,25;10,0,0.0,0.999,1,0.02,0.002,0.001,-0.021,-0.021,0.999,False,NO_POSITIVE_MARGINAL_EDGE,event_legs=2;fits_budget=True;gross_top_prefilter=0.001;k=2;min_bundle_outlay=1.021
2026-10-08T00:53:33+00:00,buy_all_no,GOVPARTYNY-26,GOVPARTYNY-26,2,GOVPARTYNY-26-D;GOVPARTYNY-26-R,no;no,0.0490;0.9500,12839.6;112.01,0,0.0,0.999,1,0.02,0.002,0.001,-0.021,-0.021,0.999,False,NO_POSITIVE_MARGINAL_EDGE,event_legs=2;fits_budget=True;gross_top_prefilter=0.001;k=2;min_bundle_outlay=1.021
2026-10-08T00:53:33+00:00,buy_all_no,KXDHOUSESEATS-27,KXDHOUSESEATS-27,12,KXDHOUSESEATS-27-232;KXDHOUSESEATS-27-236;KXDHOUSESEATS-27-240;KXDHOUSESEATS-27-249;KXDHOUSESEATS-27-244;KXDHOUSESEATS-27-228;KXDHOUSESEATS-27-248;KXDHOUSESEATS-27-224;KXDHOUSESEATS-27-210;KXDHOUSESEATS-27-220;KXDHOUSESEATS-27-212;KXDHOUSESEATS-27-216,no;no;no;no;no;no;no;no;no;no;no;no,0.8300;0.8700;0.8800;0.8900;0.9040;0.9080;0.9240;0.9260;0.9550;0.9610;0.9660;0.9690,57.37;1424.43;1323.62;2267.97;2000;0.67;1674.09;13.41;12.38;1;1354.34;3.06,0,0.0,10.983,11,0.12,0.012,0.017,-0.115,-0.115,10.983,False,NO_POSITIVE_MARGINAL_EDGE,event_legs=12;fits_budget=False;gross_top_prefilter=0.017;k=12;min_bundle_outlay=11.115
2026-10-08T00:53:33+00:00,buy_all_no,GOVPARTYNE-26,GOVPARTYNE-26,2,GOVPARTYNE-26-R;GOVPARTYNE-26-D,no;no,0.1000;0.8900,50;1646,0,0.0,0.99,1,0.02,0.002,0.01,-0.012,-0.012,0.99,False,NO_POSITIVE_MARGINAL_EDGE,event_legs=2;fits_budget=True;gross_top_prefilter=0.01;k=2;min_bundle_outlay=1.012
2026-10-08T00:53:33+00:00,buy_all_no,KXCAATTORNEYGENERAL-26,KXCAATTORNEYGENERAL-26,2,KXCAATTORNEYGENERAL-26-RBON;KXCAATTORNEYGENERAL-26-MGAT,no;no,0.0400;0.9600,16684;5552.53,0,0.0,1.0,1,0.02,0.002,0.0,-0.022,-0.022,1.0,False,NO_POSITIVE_MARGINAL_EDGE,event_legs=2;fits_budget=True;gross_top_prefilter=0.0;k=2;min_bundle_outlay=1.022
2026-10-08T00:53:33+00:00,buy_all_no,KXDWTSRANK-326DEC31,KXDWTSRANK-326DEC31,8,KXDWTSRANK-326DEC31-AGLE;KXDWTSRANK-326DEC31-MHIG;KXDWTSRANK-326DEC31-HSHU;KXDWTSRANK-326DEC31-EFRE;KXDWTSRANK-326DEC31-GROD;KXDWTSRANK-326DEC31-JDEW;KXDWTSRANK-326DEC31-CWOO;KXDWTSRANK-326DEC31-JSTIL,no;no;no;no;no;no;no;no,0.7500;0.7500;0.7600;0.8900;0.9500;0.9600;0.9600;0.9700,2;1902;7.51;1189.32;3762.25;3700;4000;1500,0,0.0,6.99,7,0.11,0.008,0.01,-0.108,-0.108,6.99,False,NO_POSITIVE_MARGINAL_EDGE,event_legs=16;fits_budget=True;gross_top_prefilter=0.01;k=8;min_bundle_outlay=7.108
2026-10-08T00:53:33+00:00,buy_all_no,KXCRITICSPROD-27,KXCRITICSPROD-27,16,KXCRITICSPROD-27-ODY;KXCRITICSPROD-27-DUN;KXCRITICSPROD-27-LAB;KXCRITICSPROD-27-WER;KXCRITICSPROD-27-FUR;KXCRITICSPROD-27-PRO;KXCRITICSPROD-27-WUT;KXCRITICSPROD-27-BAC;KXCRITICSPROD-27-SEN;KXCRITICSPROD-27-WIL;KXCRITICSPROD-27-FAT;KXCRITICSPROD-27-WILD;KXCRITICSPROD-27-INK;KXCRITICSPROD-27-DEV;KXCRITICSPROD-27-DIG;KXCRITICSPROD-27-TIE,no;no;no;no;no;no;no;no;no;no;no;no;no;no;no;no,0.5400;0.8500;0.9500;0.9500;0.9500;0.9600;0.9700;0.9700;0.9800;0.9800;0.9800;0.9800;0.9800;0.9800;0.9800;0.9800,2220;3922;7277.6;6714.82;6397.6;7616;8849;3351;8584;8584;8584;8584;8584;9584;9584;6834,0,0.0,14.98,15,0.17,0.016,0.02,-0.166,-0.166,14.98,False,NO_POSITIVE_MARGINAL_EDGE,event_legs=16;fits_budget=False;gross_top_prefilter=0.02;k=16;min_bundle_outlay=15.166
2026-10-08T00:53:33+00:00,buy_all_no,CONTROLS-2026,CONTROLS-2026,2,CONTROLS-2026-D;CONTROLS-2026-R,no;no,0.3800;0.6200,13312.4;16.2,0,0.0,1.0,1,0.04,0.002,0.0,-0.042,-0.042,1.0,False,NO_POSITIVE_MARGINAL_EDGE,event_legs=2;fits_budget=True;gross_top_prefilter=0.0;k=2;min_bundle_outlay=1.042
2026-10-08T00:53:33+00:00,buy_all_no,GOVPARTYGA-26,GOVPARTYGA-26,2,GOVPARTYGA-26-R;GOVPARTYGA-26-D,no;no,0.4600;0.5400,139.47;31.01,0,0.0,1.0,1,0.04,0.002,0.0,-0.042,-0.042,1.0,False,NO_POSITIVE_MARGINAL_EDGE,event_legs=2;fits_budget=True;gross_top_prefilter=0.0;k=2;min_bundle_outlay=1.042
2026-10-08T00:53:33+00:00,buy_all_no,KXATTYGENSD-26,KXATTYGENSD-26,2,KXATTYGENSD-26-R;KXATTYGENSD-26-D,no;no,0.0350;0.9630,12717;2700,0,0.0,0.998,1,0.02,0.002,0.002,-0.02,-0.02,0.998,False,NO_POSITIVE_MARGINAL_EDGE,event_legs=2;fits_budget=True;gross_top_prefilter=0.002;k=2;min_bundle_outlay=1.02
2026-10-08T00:53:33+00:00,buy_all_no,KXTAIPEIMAYOR-26NOV28,KXTAIPEIMAYOR-26NOV28,2,KXTAIPEIMAYOR-26NOV28-CWAN;KXTAIPEIMAYOR-26NOV28-SPY,no;no,0.2700;0.7300,39.9;25,0,0.0,1.0,1,0.04,0.002,0.0,-0.042,-0.042,1.0,False,NO_POSITIVE_MARGINAL_EDGE,event_legs=6;fits_budget=True;gross_top_prefilter=0.0;k=2;min_bundle_outlay=1.042
2026-10-08T00:53:33+00:00,buy_all_no,KXGOVCA-26,KXGOVCA-26,2,KXGOVCA-26-XBEC;KXGOVCA-26-SHIL,no;no,0.0370;0.9630,18902.7;193.28,0,0.0,1.0,1,0.02,0.002,0.0,-0.022,-0.022,1.0,False,NO_POSITIVE_MARGINAL_EDGE,event_legs=2;fits_budget=True;gross_top_prefilter=0.0;k=2;min_bundle_outlay=1.022
2026-10-08T00:53:33+00:00,buy_all_no,GOVPARTYKS-27,GOVPARTYKS-27,2,GOVPARTYKS-27-R;GOVPARTYKS-27-D,no;no,0.2500;0.7500,1.03;120.11,0,0.0,1.0,1,0.04,0.002,0.0,-0.042,-0.042,1.0,False,NO_POSITIVE_MARGINAL_EDGE,event_legs=2;fits_budget=True;gross_top_prefilter=0.0;k=2;min_bundle_outlay=1.042
2026-10-08T00:53:33+00:00,buy_all_no,KXCRITICSCOMEDY-27,KXCRITICSCOMEDY-27,14,KXCRITICSCOMEDY-27-WID;KXCRITICSCOMEDY-27-HAC;KXCRITICSCOMEDY-27-BEA;KXCRITICSCOMEDY-27-ABB;KXCRITICSCOMEDY-27-SHR;KXCRITICSCOMEDY-27-MAR;KXCRITICSCOMEDY-27-NOB;KXCRITICSCOMEDY-27-ROO;KXCRITICSCOMEDY-27-COM;KXCRITICSCOMEDY-27-FOU;KXCRITICSCOMEDY-27-JUR;KXCRITICSCOMEDY-27-GHO;KXCRITICSCOMEDY-27-SCR;KXCRITICSCOMEDY-27-TIE,no;no;no;no;no;no;no;no;no;no;no;no;no;no,0.3500;0.8900;0.9600;0.9800;0.9800;0.9800;0.9800;0.9800;0.9800;0.9800;0.9800;0.9800;0.9800;0.9800,50;4072.9;10241;6059;6059;5934;6059;5184;10184;6059;6059;6059;6059;6684,0,0.0,12.98,13,0.15,0.014,0.02,-0.144,-0.144,12.98,False,NO_POSITIVE_MARGINAL_EDGE,event_legs=16;fits_budget=False;gross_top_prefilter=0.02;k=14;min_bundle_outlay=13.144
2026-10-08T00:53:33+00:00,buy_all_no,KXHOUSERACE-TN09-26,KXHOUSERACE-TN09-26,2,KXHOUSERACE-TN09-26-R;KXHOUSERACE-TN09-26-D,no;no,0.1200;0.8800,47;1,0,0.0,1.0,1,0.02,0.002,0.0,-0.022,-0.022,1.0,False,NO_POSITIVE_MARGINAL_EDGE,event_legs=2;fits_budget=True;gross_top_prefilter=0.0;k=2;min_bundle_outlay=1.022
2026-10-08T00:53:33+00:00,buy_all_no,KXHOUSERACE-OH07-26,KXHOUSERACE-OH07-26,2,KXHOUSERACE-OH07-26-D;KXHOUSERACE-OH07-26-R,no;no,0.1900;0.8100,97;642,0,0.0,1.0,1,0.04,0.002,0.0,-0.042,-0.042,1.0,False,NO_POSITIVE_MARGINAL_EDGE,event_legs=2;fits_budget=True;gross_top_prefilter=0.0;k=2;min_bundle_outlay=1.042
2026-10-08T00:53:33+00:00,buy_all_no,SENATEMS-26,SENATEMS-26,2,SENATEMS-26-R;SENATEMS-26-D,no;no,0.0880;0.9100,15793.2;81.51,0,0.0,0.998,1,0.02,0.002,0.002,-0.02,-0.02,0.998,False,NO_POSITIVE_MARGINAL_EDGE,event_legs=2;fits_budget=True;gross_top_prefilter=0.002;k=2;min_bundle_outlay=1.02
2026-10-08T00:53:33+00:00,buy_all_no,KXATTYGENMN-26,KXATTYGENMN-26,2,KXATTYGENMN-26-D;KXATTYGENMN-26-R,no;no,0.2500;0.7500,4817;3933.69,0,0.0,1.0,1,0.04,0.002,0.0,-0.042,-0.042,1.0,False,NO_POSITIVE_MARGINAL_EDGE,event_legs=2;fits_budget=True;gross_top_prefilter=0.0;k=2;min_bundle_outlay=1.042
2026-10-08T00:53:33+00:00,buy_all_no,SENATEAK-26,SENATEAK-26,2,SENATEAK-26-D;SENATEAK-26-R,no;no,0.2400;0.7600,34118.4;7050.74,0,0.0,1.0,1,0.04,0.002,0.0,-0.042,-0.042,1.0,False,NO_POSITIVE_MARGINAL_EDGE,event_legs=2;fits_budget=True;gross_top_prefilter=0.0;k=2;min_bundle_outlay=1.042
2026-10-08T00:53:33+00:00,buy_all_no,GOVPARTYTX-26,GOVPARTYTX-26,2,GOVPARTYTX-26-R;GOVPARTYTX-26-D,no;no,0.2600;0.7400,25973.7;1778.15,0,0.0,1.0,1,0.04,0.002,0.0,-0.042,-0.042,1.0,False,NO_POSITIVE_MARGINAL_EDGE,event_legs=2;fits_budget=True;gross_top_prefilter=0.0;k=2;min_bundle_outlay=1.042
2026-10-08T00:53:33+00:00,buy_all_no,SENATETX-26,SENATETX-26,2,SENATETX-26-D;SENATETX-26-R,no;no,0.3400;0.6600,32195.5;5000,0,0.0,1.0,1,0.04,0.002,0.0,-0.042,-0.042,1.0,False,NO_POSITIVE_MARGINAL_EDGE,event_legs=2;fits_budget=True;gross_top_prefilter=0.0;k=2;min_bundle_outlay=1.042
2026-10-08T00:53:33+00:00,buy_all_no,HOUSEMI7-26,HOUSEMI7-26,2,HOUSEMI7-26-D;HOUSEMI7-26-R,no;no,0.4000;0.6000,293.44;4960.38,0,0.0,1.0,1,0.04,0.002,0.0,-0.042,-0.042,1.0,False,NO_POSITIVE_MARGINAL_EDGE,event_legs=2;fits_budget=True;gross_top_prefilter=0.0;k=2;min_bundle_outlay=1.042
2026-10-08T00:53:33+00:00,buy_all_no,GOVPARTYVT-26,GOVPARTYVT-26,2,GOVPARTYVT-26-R;GOVPARTYVT-26-D,no;no,0.2900;0.7100,29;67.01,0,0.0,1.0,1,0.04,0.002,0.0,-0.042,-0.042,1.0,False,NO_POSITIVE_MARGINAL_EDGE,event_legs=2;fits_budget=True;gross_top_prefilter=0.0;k=2;min_bundle_outlay=1.042
2026-10-08T00:53:33+00:00,buy_all_no,KXATTYGENAZ-26,KXATTYGENAZ-26,2,KXATTYGENAZ-26-D;KXATTYGENAZ-26-R,no;no,0.1900;0.8100,10;4614.4,0,0.0,1.0,1,0.04,0.002,0.0,-0.042,-0.042,1.0,False,NO_POSITIVE_MARGINAL_EDGE,event_legs=2;fits_budget=True;gross_top_prefilter=0.0;k=2;min_bundle_outlay=1.042
2026-10-08T00:53:33+00:00,buy_all_no,KXHOUSERACE-FL09-26,KXHOUSERACE-FL09-26,2,KXHOUSERACE-FL09-26-R;KXHOUSERACE-FL09-26-D,no;no,0.2900;0.7100,14;29,0,0.0,1.0,1,0.04,0.002,0.0,-0.042,-0.042,1.0,False,NO_POSITIVE_MARGINAL_EDGE,event_legs=2;fits_budget=True;gross_top_prefilter=0.0;k=2;min_bundle_outlay=1.042
2026-10-08T00:53:33+00:00,buy_all_no,HOUSEIA1-26,HOUSEIA1-26,2,HOUSEIA1-26-D;HOUSEIA1-26-R,no;no,0.1400;0.8600,17.2;20.63,0,0.0,1.0,1,0.02,0.002,0.0,-0.022,-0.022,1.0,False,NO_POSITIVE_MARGINAL_EDGE,event_legs=3;fits_budget=True;gross_top_prefilter=0.0;k=2;min_bundle_outlay=1.022
2026-10-08T00:53:33+00:00,buy_all_no,KXBALLONDOR-26,KXBALLONDOR-26,4,KXBALLONDOR-26-HKAN;KXBALLONDOR-26-LYAM;KXBALLONDOR-26-LMES;KXBALLONDOR-26-KMBA,no;no;no;no,0.5000;0.5700;0.9600;0.9700,77;4466.65;3136.19;33686,0,0.0,3.0,3,0.06,0.004,0.0,-0.064,-0.064,3.0,False,NO_POSITIVE_MARGINAL_EDGE,event_legs=31;fits_budget=True;gross_top_prefilter=0.0;k=4;min_bundle_outlay=3.064
2026-10-08T00:53:33+00:00,buy_all_no,GOVPARTYFL-26,GOVPARTYFL-26,2,GOVPARTYFL-26-R;GOVPARTYFL-26-D,no;no,0.2300;0.7700,739.48;249686,0,0.0,1.0,1,0.04,0.002,0.0,-0.042,-0.042,1.0,False,NO_POSITIVE_MARGINAL_EDGE,event_legs=2;fits_budget=True;gross_top_prefilter=0.0;k=2;min_bundle_outlay=1.042
2026-10-08T00:53:33+00:00,buy_all_no,KXUFCLHEAVYWEIGHTTITLE-26,KXUFCLHEAVYWEIGHTTITLE-26,2,KXUFCLHEAVYWEIGHTTITLE-26-CULB;KXUFCLHEAVYWEIGHTTITLE-26-MANK,no;no,0.0600;0.9400,306.23;197.67,0,0.0,1.0,1,0.02,0.002,0.0,-0.022,-0.022,1.0,False,NO_POSITIVE_MARGINAL_EDGE,event_legs=10;fits_budget=True;gross_top_prefilter=0.0;k=2;min_bundle_outlay=1.022
2026-10-08T00:53:33+00:00,buy_all_no,KXSPAIN2ND-26NOV29-2,KXSPAIN2ND-26NOV29-2,3,KXSPAIN2ND-26NOV29-2-PSOE;KXSPAIN2ND-26NOV29-2-PP;KXSPAIN2ND-26NOV29-2-VOX,no;no;no,0.1500;0.8900;0.9600,5421.94;8206.96;15513.1,0,0.0,2.0,2,0.03,0.003,0.0,-0.033,-0.033,2.0,False,NO_POSITIVE_MARGINAL_EDGE,event_legs=3;fits_budget=True;gross_top_prefilter=0.0;k=3;min_bundle_outlay=2.033
2026-10-08T00:53:33+00:00,buy_all_no,KXOHSENGOVCOMBO-26NOV,KXOHSENGOVCOMBO-26NOV,4,KXOHSENGOVCOMBO-26NOV-DEMDEM;KXOHSENGOVCOMBO-26NOV-REPREP;KXOHSENGOVCOMBO-26NOV-DEMREP;KXOHSENGOVCOMBO-26NOV-REPDEM,no;no;no;no,0.4500;0.7500;0.8700;0.9300,28;96;225;15,0,0.0,3.0,3,0.06,0.004,0.0,-0.064,-0.064,3.0,False,NO_POSITIVE_MARGINAL_EDGE,event_legs=4;fits_budget=True;gross_top_prefilter=0.0;k=4;min_bundle_outlay=3.064
2026-10-08T00:53:33+00:00,buy_all_no,KXCBDECISIONCANADA-26OCT,KXCBDECISIONCANADA-26OCT,2,KXCBDECISIONCANADA-26OCT-H0;KXCBDECISIONCANADA-26OCT-H25,no;no,0.1900;0.8100,6.98;190.43,0,0.0,1.0,1,0.04,0.002,0.0,-0.042,-0.042,1.0,False,NO_POSITIVE_MARGINAL_EDGE,event_legs=5;fits_budget=True;gross_top_prefilter=0.0;k=2;min_bundle_outlay=1.042
2026-10-08T00:53:33+00:00,buy_all_no,KXMLBSERIES-26CWSCLEALDS,KXMLBSERIES-26CWSCLEALDS,2,KXMLBSERIES-26CWSCLEALDS-CWS;KXMLBSERIES-26CWSCLEALDS-CLE,no;no,0.3100;0.6900,77.99;73.61,0,0.0,1.0,1,0.04,0.002,0.0,-0.042,-0.042,1.0,False,NO_POSITIVE_MARGINAL_EDGE,event_legs=2;fits_budget=True;gross_top_prefilter=0.0;k=2;min_bundle_outlay=1.042
2026-10-08T00:53:33+00:00,buy_all_no,KXNFLGAME-26OCT12BUFLAR,KXNFLGAME-26OCT12BUFLAR,2,KXNFLGAME-26OCT12BUFLAR-LAR;KXNFLGAME-26OCT12BUFLAR-BUF,no;no,0.4000;0.6000,18.52;9259.17,0,0.0,1.0,1,0.04,0.002,0.0,-0.042,-0.042,1.0,False,NO_POSITIVE_MARGINAL_EDGE,event_legs=2;fits_budget=True;gross_top_prefilter=0.0;k=2;min_bundle_outlay=1.042
2026-10-08T00:53:33+00:00,buy_all_no,KXEPLGAME-26OCT11LFCMCI,KXEPLGAME-26OCT11LFCMCI,3,KXEPLGAME-26OCT11LFCMCI-MCI;KXEPLGAME-26OCT11LFCMCI-LFC;KXEPLGAME-26OCT11LFCMCI-TIE,no;no;no,0.6200;0.6300;0.7500,610.44;70.66;9526.56,0,0.0,2.0,2,0.06,0.003,0.0,-0.063,-0.063,2.0,False,NO_POSITIVE_MARGINAL_EDGE,event_legs=3;fits_budget=True;gross_top_prefilter=0.0;k=3;min_bundle_outlay=2.063
2026-10-08T00:53:33+00:00,buy_all_no,KXNEXTTEAMNFL-26ARODGERS8,KXNEXTTEAMNFL-26ARODGERS8,2,KXNEXTTEAMNFL-26ARODGERS8-PIT;KXNEXTTEAMNFL-26ARODGERS8-NONE,no;no,0.0800;0.9200,27.17;25.17,0,0.0,1.0,1,0.02,0.002,0.0,-0.022,-0.022,1.0,False,NO_POSITIVE_MARGINAL_EDGE,event_legs=33;fits_budget=True;gross_top_prefilter=0.0;k=2;min_bundle_outlay=1.022
2026-10-08T00:53:33+00:00,buy_all_no,KXFEDDECISION-26DEC,KXFEDDECISION-26DEC,4,KXFEDDECISION-26DEC-H25;KXFEDDECISION-26DEC-H0;KXFEDDECISION-26DEC-C25;KXFEDDECISION-26DEC-H26,no;no;no;no,0.3000;0.7400;0.9800;0.9800,1202;1642.16;42;5001.49,0,0.0,3.0,3,0.06,0.004,0.0,-0.064,-0.064,3.0,False,NO_POSITIVE_MARGINAL_EDGE,event_legs=5;fits_budget=True;gross_top_prefilter=0.0;k=4;min_bundle_outlay=3.064
2026-10-08T00:53:33+00:00,buy_all_no,KXHOUSERACE-TX23-26,KXHOUSERACE-TX23-26,2,KXHOUSERACE-TX23-26-R;KXHOUSERACE-TX23-26-D,no;no,0.3700;0.6300,78.76;330.48,0,0.0,1.0,1,0.04,0.002,0.0,-0.042,-0.042,1.0,False,NO_POSITIVE_MARGINAL_EDGE,event_legs=2;fits_budget=True;gross_top_prefilter=0.0;k=2;min_bundle_outlay=1.042
2026-10-08T00:53:33+00:00,buy_all_no,KXNFLGAME-26OCT11SFSEA,KXNFLGAME-26OCT11SFSEA,2,KXNFLGAME-26OCT11SFSEA-SEA;KXNFLGAME-26OCT11SFSEA-SF,no;no,0.3900;0.6100,286.69;145.85,0,0.0,1.0,1,0.04,0.002,0.0,-0.042,-0.042,1.0,False,NO_POSITIVE_MARGINAL_EDGE,event_legs=2;fits_budget=True;gross_top_prefilter=0.0;k=2;min_bundle_outlay=1.042
2026-10-08T00:53:33+00:00,buy_all_no,KXNCAAFGAME-26OCT10TEXOKLA,KXNCAAFGAME-26OCT10TEXOKLA,2,KXNCAAFGAME-26OCT10TEXOKLA-TEX;KXNCAAFGAME-26OCT10TEXOKLA-OKLA,no;no,0.2500;0.7500,13452;6822.38,0,0.0,1.0,1,0.04,0.002,0.0,-0.042,-0.042,1.0,False,NO_POSITIVE_MARGINAL_EDGE,event_legs=2;fits_budget=True;gross_top_prefilter=0.0;k=2;min_bundle_outlay=1.042
2026-10-08T00:53:33+00:00,buy_all_no,KXWODIMATCH-26OCT102350BANAUS,KXWODIMATCH-26OCT102350BANAUS,2,KXWODIMATCH-26OCT102350BANAUS-AUS;KXWODIMATCH-26OCT102350BANAUS-BAN,no;no,0.0400;0.9600,14;300,0,0.0,1.0,1,0.02,0.002,0.0,-0.022,-0.022,1.0,False,NO_POSITIVE_MARGINAL_EDGE,event_legs=2;fits_budget=True;gross_top_prefilter=0.0;k=2;min_bundle_outlay=1.022
2026-10-08T00:53:33+00:00,buy_all_no,KXUFCFIGHT-26OCT10PRABON,KXUFCFIGHT-26OCT10PRABON,2,KXUFCFIGHT-26OCT10PRABON-PRA;KXUFCFIGHT-26OCT10PRABON-BON,no;no,0.5000;0.5000,10813.8;3.76,0,0.0,1.0,1,0.04,0.002,0.0,-0.042,-0.042,1.0,False,NO_POSITIVE_MARGINAL_EDGE,event_legs=2;fits_budget=True;gross_top_prefilter=0.0;k=2;min_bundle_outlay=1.042
2026-10-08T00:53:33+00:00,buy_all_no,KXNCAAFGAME-26OCT10SDSUORST,KXNCAAFGAME-26OCT10SDSUORST,2,KXNCAAFGAME-26OCT10SDSUORST-ORST;KXNCAAFGAME-26OCT10SDSUORST-SDSU,no;no,0.1500;0.8500,6111;41.84,0,0.0,1.0,1,0.02,0.002,0.0,-0.022,-0.022,1.0,False,NO_POSITIVE_MARGINAL_EDGE,event_legs=2;fits_budget=True;gross_top_prefilter=0.0;k=2;min_bundle_outlay=1.022
2026-10-08T00:53:33+00:00,buy_all_no,KXNCAAFGAME-26OCT10JMUGASO,KXNCAAFGAME-26OCT10JMUGASO,2,KXNCAAFGAME-26OCT10JMUGASO-JMU;KXNCAAFGAME-26OCT10JMUGASO-GASO,no;no,0.2600;0.7400,2.4;3162,0,0.0,1.0,1,0.04,0.002,0.0,-0.042,-0.042,1.0,False,NO_POSITIVE_MARGINAL_EDGE,event_legs=2;fits_budget=True;gross_top_prefilter=0.0;k=2;min_bundle_outlay=1.042
2026-10-08T00:53:33+00:00,buy_all_no,KXEPLGAME-26OCT10MUNTOT,KXEPLGAME-26OCT10MUNTOT,3,KXEPLGAME-26OCT10MUNTOT-MUN;KXEPLGAME-26OCT10MUNTOT-TIE;KXEPLGAME-26OCT10MUNTOT-TOT,no;no;no,0.4300;0.7800;0.7900,5947.67;290;25.12,0,0.0,2.0,2,0.06,0.003,0.0,-0.063,-0.063,2.0,False,NO_POSITIVE_MARGINAL_EDGE,event_legs=3;fits_budget=True;gross_top_prefilter=0.0;k=3;min_bundle_outlay=2.063
2026-10-08T00:53:33+00:00,buy_all_no,KXNCAAFGAME-26OCT10CARKAC,KXNCAAFGAME-26OCT10CARKAC,2,KXNCAAFGAME-26OCT10CARKAC-AC;KXNCAAFGAME-26OCT10CARKAC-CARK,no;no,0.2600;0.7400,0.67;4,0,0.0,1.0,1,0.04,0.002,0.0,-0.042,-0.042,1.0,False,NO_POSITIVE_MARGINAL_EDGE,event_legs=2;fits_budget=True;gross_top_prefilter=0.0;k=2;min_bundle_outlay=1.042
2026-10-08T00:53:33+00:00,buy_all_no,KXNCAAFGAME-26OCT10TULNARMY,KXNCAAFGAME-26OCT10TULNARMY,2,KXNCAAFGAME-26OCT10TULNARMY-ARMY;KXNCAAFGAME-26OCT10TULNARMY-TULN,no;no,0.4000;0.6000,46.22;35,0,0.0,1.0,1,0.04,0.002,0.0,-0.042,-0.042,1.0,False,NO_POSITIVE_MARGINAL_EDGE,event_legs=2;fits_budget=True;gross_top_prefilter=0.0;k=2;min_bundle_outlay=1.042
2026-10-08T00:53:33+00:00,buy_all_no,KXNCAAFGAME-26OCT10KENTWMU,KXNCAAFGAME-26OCT10KENTWMU,2,KXNCAAFGAME-26OCT10KENTWMU-WMU;KXNCAAFGAME-26OCT10KENTWMU-KENT,no;no,0.1600;0.8400,3;3875,0,0.0,1.0,1,0.02,0.002,0.0,-0.022,-0.022,1.0,False,NO_POSITIVE_MARGINAL_EDGE,event_legs=2;fits_budget=True;gross_top_prefilter=0.0;k=2;min_bundle_outlay=1.022
2026-10-08T00:53:33+00:00,buy_all_no,KXNCAAFGAME-26OCT10ODUAPP,KXNCAAFGAME-26OCT10ODUAPP,2,KXNCAAFGAME-26OCT10ODUAPP-APP;KXNCAAFGAME-26OCT10ODUAPP-ODU,no;no,0.2300;0.7700,245;60,0,0.0,1.0,1,0.04,0.002,0.0,-0.042,-0.042,1.0,False,NO_POSITIVE_MARGINAL_EDGE,event_legs=2;fits_budget=True;gross_top_prefilter=0.0;k=2;min_bundle_outlay=1.042
2026-10-08T00:53:33+00:00,buy_all_no,KXNCAAFGAME-26OCT09WSUUSU,KXNCAAFGAME-26OCT09WSUUSU,2,KXNCAAFGAME-26OCT09WSUUSU-USU;KXNCAAFGAME-26OCT09WSUUSU-WSU,no;no,0.3500;0.6500,243;272.77,0,0.0,1.0,1,0.04,0.002,0.0,-0.042,-0.042,1.0,False,NO_POSITIVE_MARGINAL_EDGE,event_legs=2;fits_budget=True;gross_top_prefilter=0.0;k=2;min_bundle_outlay=1.042
2026-10-08T00:53:33+00:00,buy_all_no,KXOWGAME-26OCT090700ZETASEI,KXOWGAME-26OCT090700ZETASEI,2,KXOWGAME-26OCT090700ZETASEI-ZETA;KXOWGAME-26OCT090700ZETASEI-SEI,no;no,0.0400;0.9600,226.05;248.32,0,0.0,1.0,1,0.02,0.002,0.0,-0.022,-0.022,1.0,False,NO_POSITIVE_MARGINAL_EDGE,event_legs=2;fits_budget=True;gross_top_prefilter=0.0;k=2;min_bundle_outlay=1.022
2026-10-08T00:53:33+00:00,buy_all_no,KXNHLGAME-26OCT08COLCGY,KXNHLGAME-26OCT08COLCGY,2,KXNHLGAME-26OCT08COLCGY-COL;KXNHLGAME-26OCT08COLCGY-CGY,no;no,0.3200;0.6800,368;119.87,0,0.0,1.0,1,0.04,0.002,0.0,-0.042,-0.042,1.0,False,NO_POSITIVE_MARGINAL_EDGE,event_legs=2;fits_budget=True;gross_top_prefilter=0.0;k=2;min_bundle_outlay=1.042
2026-10-08T00:53:33+00:00,buy_all_no,KXNHLGAME-26OCT08VANCAR,KXNHLGAME-26OCT08VANCAR,2,KXNHLGAME-26OCT08VANCAR-CAR;KXNHLGAME-26OCT08VANCAR-VAN,no;no,0.2500;0.7500,39.93;1956.6,0,0.0,1.0,1,0.04,0.002,0.0,-0.042,-0.042,1.0,False,NO_POSITIVE_MARGINAL_EDGE,event_legs=2;fits_budget=True;gross_top_prefilter=0.0;k=2;min_bundle_outlay=1.042
2026-10-08T00:53:33+00:00,buy_all_no,KXHIGHLAX-26OCT08,KXHIGHLAX-26OCT08,5,KXHIGHLAX-26OCT08-T83;KXHIGHLAX-26OCT08-B83.5;KXHIGHLAX-26OCT08-B85.5;KXHIGHLAX-26OCT08-B87.5;KXHIGHLAX-26OCT08-T90,no;no;no;no;no,0.4000;0.7600;0.8900;0.9700;0.9800,137.23;15.37;15.01;227.97;14,0,0.0,4.0,4,0.07,0.005,0.0,-0.075,-0.075,4.0,False,NO_POSITIVE_MARGINAL_EDGE,event_legs=6;fits_budget=True;gross_top_prefilter=0.0;k=5;min_bundle_outlay=4.075
2026-10-08T00:53:33+00:00,buy_all_no,KXCS2GAME-26OCT081300BLASIN,KXCS2GAME-26OCT081300BLASIN,2,KXCS2GAME-26OCT081300BLASIN-BLA;KXCS2GAME-26OCT081300BLASIN-SIN,no;no,0.5000;0.5000,99;276,0,0.0,1.0,1,0.04,0.002,0.0,-0.042,-0.042,1.0,False,NO_POSITIVE_MARGINAL_EDGE,event_legs=2;fits_budget=True;gross_top_prefilter=0.0;k=2;min_bundle_outlay=1.042
2026-10-08T00:53:33+00:00,buy_all_no,KXNHLGAME-26OCT08UTABOS,KXNHLGAME-26OCT08UTABOS,2,KXNHLGAME-26OCT08UTABOS-UTA;KXNHLGAME-26OCT08UTABOS-BOS,no;no,0.4700;0.5300,868;12.72,0,0.0,1.0,1,0.04,0.002,0.0,-0.042,-0.042,1.0,False,NO_POSITIVE_MARGINAL_EDGE,event_legs=2;fits_budget=True;gross_top_prefilter=0.0;k=2;min_bundle_outlay=1.042
2026-10-08T00:53:33+00:00,buy_all_no,KXNBAGAME-26OCT09HOUDAL,KXNBAGAME-26OCT09HOUDAL,2,KXNBAGAME-26OCT09HOUDAL-DAL;KXNBAGAME-26OCT09HOUDAL-HOU,no;no,0.3400;0.6600,2.8;134.01,0,0.0,1.0,1,0.04,0.002,0.0,-0.042,-0.042,1.0,False,NO_POSITIVE_MARGINAL_EDGE,event_legs=2;fits_budget=True;gross_top_prefilter=0.0;k=2;min_bundle_outlay=1.042
2026-10-08T00:53:33+00:00,buy_all_no,KXITFMATCH-26OCT08KOSRAH,KXITFMATCH-26OCT08KOSRAH,2,KXITFMATCH-26OCT08KOSRAH-RAH;KXITFMATCH-26OCT08KOSRAH-KOS,no;no,0.1800;0.8200,55;30,0,0.0,1.0,1,0.04,0.002,0.0,-0.042,-0.042,1.0,False,NO_POSITIVE_MARGINAL_EDGE,event_legs=2;fits_budget=True;gross_top_prefilter=0.0;k=2;min_bundle_outlay=1.042
2026-10-08T00:53:33+00:00,buy_all_no,KXR6GAME-26OCT081100DZC9,KXR6GAME-26OCT081100DZC9,2,KXR6GAME-26OCT081100DZC9-DZ;KXR6GAME-26OCT081100DZC9-C9,no;no,0.3400;0.6600,1;20,0,0.0,1.0,1,0.04,0.002,0.0,-0.042,-0.042,1.0,False,NO_POSITIVE_MARGINAL_EDGE,event_legs=2;fits_budget=True;gross_top_prefilter=0.0;k=2;min_bundle_outlay=1.042
2026-10-08T00:53:33+00:00,buy_all_no,KXITFWMATCH-26OCT08DIAPOP,KXITFWMATCH-26OCT08DIAPOP,2,KXITFWMATCH-26OCT08DIAPOP-POP;KXITFWMATCH-26OCT08DIAPOP-DIA,no;no,0.4600;0.5400,50;0.23,0,0.0,1.0,1,0.04,0.002,0.0,-0.042,-0.042,1.0,False,NO_POSITIVE_MARGINAL_EDGE,event_legs=2;fits_budget=True;gross_top_prefilter=0.0;k=2;min_bundle_outlay=1.042
2026-10-08T00:53:33+00:00,buy_all_no,KXITFMATCH-26OCT08BOUDAL,KXITFMATCH-26OCT08BOUDAL,2,KXITFMATCH-26OCT08BOUDAL-DAL;KXITFMATCH-26OCT08BOUDAL-BOU,no;no,0.3500;0.6500,1;50,0,0.0,1.0,1,0.04,0.002,0.0,-0.042,-0.042,1.0,False,NO_POSITIVE_MARGINAL_EDGE,event_legs=2;fits_budget=True;gross_top_prefilter=0.0;k=2;min_bundle_outlay=1.042
2026-10-08T00:53:33+00:00,buy_all_no,KXITFMATCH-26OCT07DELCHI,KXITFMATCH-26OCT07DELCHI,2,KXITFMATCH-26OCT07DELCHI-DEL;KXITFMATCH-26OCT07DELCHI-CHI,no;no,0.1000;0.9000,9;40,0,0.0,1.0,1,0.02,0.002,0.0,-0.022,-0.022,1.0,False,NO_POSITIVE_MARGINAL_EDGE,event_legs=2;fits_budget=True;gross_top_prefilter=0.0;k=2;min_bundle_outlay=1.022
2026-10-08T00:53:33+00:00,buy_all_no,KXBOXING-26OCT08IGLESIZAREN,KXBOXING-26OCT08IGLESIZAREN,2,KXBOXING-26OCT08IGLESIZAREN-IGLESI;KXBOXING-26OCT08IGLESIZAREN-ZAREN,no;no,0.0800;0.9300,395;825.4,0,0.0,1.01,1,0.02,0.002,-0.01,-0.032,-0.032,1.01,False,NO_POSITIVE_MARGINAL_EDGE,event_legs=2;fits_budget=True;gross_top_prefilter=0.0;k=2;min_bundle_outlay=1.032
2026-10-08T00:53:33+00:00,buy_all_no,KXCRITICSACTR-27,KXCRITICSACTR-27,15,KXCRITICSACTR-27-JMOO;KXCRITICSACTR-27-INAV;KXCRITICSACTR-27-SHUL;KXCRITICSACTR-27-CCOO;KXCRITICSACTR-27-RREI;KXCRITICSACTR-27-OWIL;KXCRITICSACTR-27-MBAI;KXCRITICSACTR-27-RELE;KXCRITICSACTR-27-RMAD;KXCRITICSACTR-27-EBLU;KXCRITICSACTR-27-MMAD;KXCRITICSACTR-27-VEFI;KXCRITICSACTR-27-MREE;KXCRITICSACTR-27-LSEY;KXCRITICSACTR-27-JDOY,no;no;no;no;no;no;no;no;no;no;no;no;no;no;no,0.4300;0.8500;0.9600;0.9800;0.9800;0.9800;0.9800;0.9800;0.9800;0.9800;0.9800;0.9800;0.9800;0.9800;0.9800,49;3308;8742;9484;9484;8484;5532;5555;9384;6104;5272;6034;5309;5684;4934,0,0.0,14.0,14,0.16,0.015,0.0,-0.175,-0.175,14.0,False,NO_POSITIVE_MARGINAL_EDGE,event_legs=16;fits_budget=False;gross_top_prefilter=0.0;k=15;min_bundle_outlay=14.175
2026-10-08T00:53:33+00:00,buy_all_no,KXWTAMATCH-26OCT07MUCBAR,KXWTAMATCH-26OCT07MUCBAR,2,KXWTAMATCH-26OCT07MUCBAR-MUC;KXWTAMATCH-26OCT07MUCBAR-BAR,no;no,0.2900;0.7100,15;480,0,0.0,1.0,1,0.04,0.002,0.0,-0.042,-0.042,1.0,False,NO_POSITIVE_MARGINAL_EDGE,event_legs=2;fits_budget=True;gross_top_prefilter=0.0;k=2;min_bundle_outlay=1.042
2026-10-08T00:53:33+00:00,buy_all_no,KXWNBAGAME-26OCT07LVGS,KXWNBAGAME-26OCT07LVGS,2,KXWNBAGAME-26OCT07LVGS-GS;KXWNBAGAME-26OCT07LVGS-LV,no;no,0.4700;0.5300,28601.3;90597.4,0,0.0,1.0,1,0.04,0.002,0.0,-0.042,-0.042,1.0,False,NO_POSITIVE_MARGINAL_EDGE,event_legs=2;fits_budget=True;gross_top_prefilter=0.0;k=2;min_bundle_outlay=1.042
2026-10-08T00:53:33+00:00,buy_all_no,KXLNBPGAME-26OCT072115ABECOR,KXLNBPGAME-26OCT072115ABECOR,2,KXLNBPGAME-26OCT072115ABECOR-ABE;KXLNBPGAME-26OCT072115ABECOR-COR,no;no,0.1900;0.8100,329.03;3,0,0.0,1.0,1,0.04,0.002,0.0,-0.042,-0.042,1.0,False,NO_POSITIVE_MARGINAL_EDGE,event_legs=2;fits_budget=True;gross_top_prefilter=0.0;k=2;min_bundle_outlay=1.042
2026-10-08T00:53:33+00:00,buy_all_no,KXLOWTNOLA-26OCT07,KXLOWTNOLA-26OCT07,2,KXLOWTNOLA-26OCT07-T74;KXLOWTNOLA-26OCT07-B73.5,no;no,0.1000;0.9000,9;11,0,0.0,1.0,1,0.02,0.002,0.0,-0.022,-0.022,1.0,False,NO_POSITIVE_MARGINAL_EDGE,event_legs=6;fits_budget=True;gross_top_prefilter=0.0;k=2;min_bundle_outlay=1.022
2026-10-08T00:53:33+00:00,buy_all_no,KXATPSETWINNER-26OCT06VANMER-1,KXATPSETWINNER-26OCT06VANMER-1,2,KXATPSETWINNER-26OCT06VANMER-1-VAN;KXATPSETWINNER-26OCT06VANMER-1-MER,no;no,0.4900;0.5100,1794;0.02,0,0.0,1.0,1,0.04,0.002,0.0,-0.042,-0.042,1.0,False,NO_POSITIVE_MARGINAL_EDGE,event_legs=2;fits_budget=True;gross_top_prefilter=0.0;k=2;min_bundle_outlay=1.042
2026-10-08T00:53:33+00:00,buy_all_no,KXNASCARRACE-BANOA26,KXNASCARRACE-BANOA26,14,KXNASCARRACE-BANOA26-CHBE;KXNASCARRACE-BANOA26-DEHA;KXNASCARRACE-BANOA26-KYLA;KXNASCARRACE-BANOA26-CHBR;KXNASCARRACE-BANOA26-TYRE;KXNASCARRACE-BANOA26-RYBL;KXNASCARRACE-BANOA26-TYGI;KXNASCARRACE-BANOA26-WIBY;KXNASCARRACE-BANOA26-JOLO;KXNASCARRACE-BANOA26-BUWA;KXNASCARRACE-BANOA26-CHEL;KXNASCARRACE-BANOA26-CAHO;KXNASCARRACE-BANOA26-AUCI;KXNASCARRACE-BANOA26-COHE,no;no;no;no;no;no;no;no;no;no;no;no;no;no,0.8400;0.8500;0.8500;0.8800;0.9100;0.9400;0.9400;0.9500;0.9700;0.9700;0.9700;0.9700;0.9800;0.9800,7.63;20.1;100;89;100;25.08;405.12;92.42;2141.06;11044;559;1198.49;895.12;100,0,0.0,13.0,13,0.14,0.014,0.0,-0.154,-0.154,13.0,False,NO_POSITIVE_MARGINAL_EDGE,event_legs=39;fits_budget=False;gross_top_prefilter=0.0;k=14;min_bundle_outlay=13.154
2026-10-08T00:53:33+00:00,buy_all_no,KXATPMATCH-26OCT06MARSVA,KXATPMATCH-26OCT06MARSVA,2,KXATPMATCH-26OCT06MARSVA-MAR;KXATPMATCH-26OCT06MARSVA-SVA,no;no,0.4500;0.5500,774;150,0,0.0,1.0,1,0.04,0.002,0.0,-0.042,-0.042,1.0,False,NO_POSITIVE_MARGINAL_EDGE,event_legs=2;fits_budget=True;gross_top_prefilter=0.0;k=2;min_bundle_outlay=1.042
2026-10-08T00:53:33+00:00,buy_all_no,KXATPMATCH-26OCT06BORDIA,KXATPMATCH-26OCT06BORDIA,2,KXATPMATCH-26OCT06BORDIA-BOR;KXATPMATCH-26OCT06BORDIA-DIA,no;no,0.2500;0.7500,518.81;7604,0,0.0,1.0,1,0.04,0.002,0.0,-0.042,-0.042,1.0,False,NO_POSITIVE_MARGINAL_EDGE,event_legs=2;fits_budget=True;gross_top_prefilter=0.0;k=2;min_bundle_outlay=1.042
2026-10-08T00:53:33+00:00,buy_all_no,KXATPMATCH-26OCT06MUNBRO,KXATPMATCH-26OCT06MUNBRO,2,KXATPMATCH-26OCT06MUNBRO-MUN;KXATPMATCH-26OCT06MUNBRO-BRO,no;no,0.3600;0.6400,7412.95;2445,0,0.0,1.0,1,0.04,0.002,0.0,-0.042,-0.042,1.0,False,NO_POSITIVE_MARGINAL_EDGE,event_legs=2;fits_budget=True;gross_top_prefilter=0.0;k=2;min_bundle_outlay=1.042
2026-10-08T00:53:33+00:00,buy_all_no,GOVPARTYMA-26,GOVPARTYMA-26,2,GOVPARTYMA-26-D;GOVPARTYMA-26-R,no;no,0.0500;0.9510,550;701,0,0.0,1.001,1,0.02,0.002,-0.001,-0.023,-0.023,1.001,False,NO_POSITIVE_MARGINAL_EDGE,event_legs=2;fits_budget=True;gross_top_prefilter=-0.001;k=2;min_bundle_outlay=1.023
2026-10-08T00:53:33+00:00,buy_all_no,SENATENC-26,SENATENC-26,2,SENATENC-26-D;SENATENC-26-R,no;no,0.0310;0.9700,151.73;2,0,0.0,1.001,1,0.02,0.002,-0.001,-0.023,-0.023,1.001,False,NO_POSITIVE_MARGINAL_EDGE,event_legs=2;fits_budget=True;gross_top_prefilter=-0.001;k=2;min_bundle_outlay=1.023
2026-10-08T00:53:33+00:00,buy_all_no,KXRATECUTCOUNT-26DEC31,KXRATECUTCOUNT-26DEC31,3,KXRATECUTCOUNT-26DEC31-T0;KXRATECUTCOUNT-26DEC31-T1;KXRATECUTCOUNT-26DEC31-T2,no;no;no,0.0500;0.9630;0.9880,15126.8;72.31;3677.24,0,0.0,2.001,2,0.03,0.003,-0.001,-0.034,-0.034,2.001,False,NO_POSITIVE_MARGINAL_EDGE,event_legs=21;fits_budget=True;gross_top_prefilter=-0.001;k=3;min_bundle_outlay=2.034
2026-10-08T00:53:33+00:00,buy_all_no,GOVPARTYAL-26,GOVPARTYAL-26,2,GOVPARTYAL-26-R;GOVPARTYAL-26-D,no;no,0.0850;0.9160,103.33;56,0,0.0,1.001,1,0.02,0.002,-0.001,-0.023,-0.023,1.001,False,NO_POSITIVE_MARGINAL_EDGE,event_legs=2;fits_budget=True;gross_top_prefilter=-0.001;k=2;min_bundle_outlay=1.023
2026-10-08T00:53:33+00:00,buy_all_no,KXWTACHALLENGERMATCH-26OCT07KALKOR,KXWTACHALLENGERMATCH-26OCT07KALKOR,2,KXWTACHALLENGERMATCH-26OCT07KALKOR-KAL;KXWTACHALLENGERMATCH-26OCT07KALKOR-KOR,no;no,0.5000;0.5000,1547.02;2948.1,0,0.0,1.0,1,0.04,0.002,0.0,-0.042,-0.042,1.0,False,NO_POSITIVE_MARGINAL_EDGE,event_legs=2;fits_budget=True;gross_top_prefilter=0.0;k=2;min_bundle_outlay=1.042
2026-10-08T00:53:33+00:00,buy_all_no,GOVPARTYNH-28,GOVPARTYNH-28,2,GOVPARTYNH-28-R;GOVPARTYNH-28-D,no;no,0.0740;0.9300,118.87;844.86,0,0.0,1.004,1,0.02,0.002,-0.004,-0.026,-0.026,1.004,False,NO_POSITIVE_MARGINAL_EDGE,event_legs=2;fits_budget=True;gross_top_prefilter=-0.004;k=2;min_bundle_outlay=1.026
2026-10-08T00:53:33+00:00,buy_all_no,KXT20MATCH-26OCT072115THAKUW,KXT20MATCH-26OCT072115THAKUW,2,KXT20MATCH-26OCT072115THAKUW-KUW;KXT20MATCH-26OCT072115THAKUW-THA,no;no,0.1000;0.9000,3997.58;386.01,0,0.0,1.0,1,0.02,0.002,0.0,-0.022,-0.022,1.0,False,NO_POSITIVE_MARGINAL_EDGE,event_legs=2;fits_budget=True;gross_top_prefilter=0.0;k=2;min_bundle_outlay=1.022
2026-10-08T00:53:33+00:00,buy_all_no,SENATEGA-26,SENATEGA-26,2,SENATEGA-26-D;SENATEGA-26-R,no;no,0.0370;0.9660,2719.22;32.09,0,0.0,1.003,1,0.02,0.002,-0.003,-0.025,-0.025,1.003,False,NO_POSITIVE_MARGINAL_EDGE,event_legs=2;fits_budget=True;gross_top_prefilter=-0.003;k=2;min_bundle_outlay=1.025
2026-10-08T00:53:33+00:00,buy_all_no,KXHOUSERACE-TN05-26,KXHOUSERACE-TN05-26,2,KXHOUSERACE-TN05-26-R;KXHOUSERACE-TN05-26-D,no;no,0.0810;0.9220,18;78.47,0,0.0,1.003,1,0.02,0.002,-0.003,-0.025,-0.025,1.003,False,NO_POSITIVE_MARGINAL_EDGE,event_legs=2;fits_budget=True;gross_top_prefilter=-0.003;k=2;min_bundle_outlay=1.025
2026-10-08T00:53:33+00:00,buy_all_no,GOVPARTYPA-26,GOVPARTYPA-26,2,GOVPARTYPA-26-D;GOVPARTYPA-26-R,no;no,0.0260;0.9780,28;743.87,0,0.0,1.004,1,0.02,0.002,-0.004,-0.026,-0.026,1.004,False,NO_POSITIVE_MARGINAL_EDGE,event_legs=2;fits_budget=True;gross_top_prefilter=-0.004;k=2;min_bundle_outlay=1.026
2026-10-08T00:53:33+00:00,buy_all_no,SENATELA-26,SENATELA-26,2,SENATELA-26-R;SENATELA-26-D,no;no,0.0380;0.9670,40;564,0,0.0,1.005,1,0.02,0.002,-0.005,-0.027,-0.027,1.005,False,NO_POSITIVE_MARGINAL_EDGE,event_legs=2;fits_budget=True;gross_top_prefilter=-0.005;k=2;min_bundle_outlay=1.027
2026-10-08T00:53:33+00:00,buy_all_no,KXHOUSERACE-MN05-26,KXHOUSERACE-MN05-26,2,KXHOUSERACE-MN05-26-D;KXHOUSERACE-MN05-26-R,no;no,0.0290;0.9770,29;29,0,0.0,1.006,1,0.02,0.002,-0.006,-0.028,-0.028,1.006,False,NO_POSITIVE_MARGINAL_EDGE,event_legs=3;fits_budget=True;gross_top_prefilter=-0.006;k=2;min_bundle_outlay=1.028
2026-10-08T00:53:33+00:00,buy_all_no,HOUSECA21-26,HOUSECA21-26,2,HOUSECA21-26-D;HOUSECA21-26-R,no;no,0.0550;0.9510,250;1297,0,0.0,1.006,1,0.02,0.002,-0.006,-0.028,-0.028,1.006,False,NO_POSITIVE_MARGINAL_EDGE,event_legs=2;fits_budget=True;gross_top_prefilter=-0.006;k=2;min_bundle_outlay=1.028
2026-10-08T00:53:33+00:00,buy_all_no,KXGOVAK-26,KXGOVAK-26,3,KXGOVAK-26-JKRE;KXGOVAK-26-BWIL;KXGOVAK-26-TTAY,no;no;no,0.2300;0.7900;0.9860,51.66;0.71;63,0,0.0,2.006,2,0.05,0.003,-0.006,-0.059,-0.059,2.006,False,NO_POSITIVE_MARGINAL_EDGE,event_legs=16;fits_budget=True;gross_top_prefilter=-0.006;k=3;min_bundle_outlay=2.059
2026-10-08T00:53:33+00:00,buy_all_no,KXATPMATCH-26OCT06HURDUC,KXATPMATCH-26OCT06HURDUC,2,KXATPMATCH-26OCT06HURDUC-HUR;KXATPMATCH-26OCT06HURDUC-DUC,no;no,0.3000;0.7000,1076.92;750,0,0.0,1.0,1,0.04,0.002,0.0,-0.042,-0.042,1.0,False,NO_POSITIVE_MARGINAL_EDGE,event_legs=2;fits_budget=True;gross_top_prefilter=0.0;k=2;min_bundle_outlay=1.042
2026-10-08T00:53:33+00:00,buy_all_no,GOVPARTYCA-26,GOVPARTYCA-26,2,GOVPARTYCA-26-D;GOVPARTYCA-26-R,no;no,0.0380;0.9690,528.9;2.25,0,0.0,1.007,1,0.02,0.002,-0.007,-0.029,-0.029,1.007,False,NO_POSITIVE_MARGINAL_EDGE,event_legs=2;fits_budget=True;gross_top_prefilter=-0.007;k=2;min_bundle_outlay=1.029
2026-10-08T00:53:33+00:00,buy_all_no,GOVPARTYMN-26,GOVPARTYMN-26,2,GOVPARTYMN-26-D;GOVPARTYMN-26-R,no;no,0.0550;0.9520,500.34;57.87,0,0.0,1.007,1,0.02,0.002,-0.007,-0.029,-0.029,1.007,False,NO_POSITIVE_MARGINAL_EDGE,event_legs=2;fits_budget=True;gross_top_prefilter=-0.007;k=2;min_bundle_outlay=1.029
2026-10-08T00:53:33+00:00,buy_all_no,KXATTYGENID-26,KXATTYGENID-26,2,KXATTYGENID-26-R;KXATTYGENID-26-D,no;no,0.0420;0.9660,238;2948,0,0.0,1.008,1,0.02,0.002,-0.008,-0.03,-0.03,1.008,False,NO_POSITIVE_MARGINAL_EDGE,event_legs=2;fits_budget=True;gross_top_prefilter=-0.008;k=2;min_bundle_outlay=1.03
2026-10-08T00:53:33+00:00,buy_all_no,KXBRASILEIROGAME-26OCT08FLUCFC,KXBRASILEIROGAME-26OCT08FLUCFC,3,KXBRASILEIROGAME-26OCT08FLUCFC-FLU;KXBRASILEIROGAME-26OCT08FLUCFC-TIE;KXBRASILEIROGAME-26OCT08FLUCFC-CFC,no;no;no,0.3500;0.7850;0.8700,498;1;1979.74,0,0.0,2.005,2,0.05,0.003,-0.005,-0.058,-0.058,2.005,False,NO_POSITIVE_MARGINAL_EDGE,event_legs=3;fits_budget=True;gross_top_prefilter=-0.005;k=3;min_bundle_outlay=2.058
2026-10-08T00:53:33+00:00,buy_all_no,GOVPARTYCO-26,GOVPARTYCO-26,2,GOVPARTYCO-26-D;GOVPARTYCO-26-R,no;no,0.0390;0.9690,292.67;449.33,0,0.0,1.008,1,0.02,0.002,-0.008,-0.03,-0.03,1.008,False,NO_POSITIVE_MARGINAL_EDGE,event_legs=2;fits_budget=True;gross_top_prefilter=-0.008;k=2;min_bundle_outlay=1.03
2026-10-08T00:53:33+00:00,buy_all_no,SENATESD-26,SENATESD-26,2,SENATESD-26-R;SENATESD-26-BBEN,no;no,0.0790;0.9300,52.57;6525.77,0,0.0,1.009,1,0.02,0.002,-0.009,-0.031,-0.031,1.009,False,NO_POSITIVE_MARGINAL_EDGE,event_legs=3;fits_budget=True;gross_top_prefilter=-0.009;k=2;min_bundle_outlay=1.031
2026-10-08T00:53:33+00:00,buy_all_no,GOVPARTYTN-26,GOVPARTYTN-26,2,GOVPARTYTN-26-R;GOVPARTYTN-26-D,no;no,0.0590;0.9500,1000;1497.47,0,0.0,1.009,1,0.02,0.002,-0.009,-0.031,-0.031,1.009,False,NO_POSITIVE_MARGINAL_EDGE,event_legs=2;fits_budget=True;gross_top_prefilter=-0.009;k=2;min_bundle_outlay=1.031
2026-10-08T00:53:33+00:00,buy_all_no,KXT20MATCH-26OCT072115MNGBHU,KXT20MATCH-26OCT072115MNGBHU,2,KXT20MATCH-26OCT072115MNGBHU-BHU;KXT20MATCH-26OCT072115MNGBHU-MNG,no;no,0.0400;0.9600,3519.68;1688,0,0.0,1.0,1,0.02,0.002,0.0,-0.022,-0.022,1.0,False,NO_POSITIVE_MARGINAL_EDGE,event_legs=2;fits_budget=True;gross_top_prefilter=0.0;k=2;min_bundle_outlay=1.022
2026-10-08T00:53:33+00:00,buy_all_no,KXPRESPARTY-2028,KXPRESPARTY-2028,2,KXPRESPARTY-2028-D;KXPRESPARTY-2028-R,no;no,0.4200;0.5900,1546.8;413.92,0,0.0,1.01,1,0.04,0.002,-0.01,-0.052,-0.052,1.01,False,NO_POSITIVE_MARGINAL_EDGE,event_legs=2;fits_budget=True;gross_top_prefilter=-0.01;k=2;min_bundle_outlay=1.052
2026-10-08T00:53:33+00:00,buy_all_no,KXHOUSERACE-MI01-26,KXHOUSERACE-MI01-26,2,KXHOUSERACE-MI01-26-R;KXHOUSERACE-MI01-26-D,no;no,0.1000;0.9040,1.67;1.23,0,0.0,1.004,1,0.02,0.002,-0.004,-0.026,-0.026,1.004,False,NO_POSITIVE_MARGINAL_EDGE,event_legs=2;fits_budget=True;gross_top_prefilter=-0.004;k=2;min_bundle_outlay=1.026
2026-10-08T00:53:33+00:00,buy_all_no,SENATEID-26,SENATEID-26,2,SENATEID-26-R;SENATEID-26-TACH,no;no,0.0790;0.9300,437;32362.3,0,0.0,1.009,1,0.02,0.002,-0.009,-0.031,-0.031,1.009,False,NO_POSITIVE_MARGINAL_EDGE,event_legs=3;fits_budget=True;gross_top_prefilter=-0.009;k=2;min_bundle_outlay=1.031
2026-10-08T00:53:33+00:00,buy_all_no,KXTXSENOUTCOME-27JAN,KXTXSENOUTCOME-27JAN,2,KXTXSENOUTCOME-27JAN-TALPAX;KXTXSENOUTCOME-27JAN-PAXTAL,no;no,0.3500;0.6600,5;44,0,0.0,1.01,1,0.04,0.002,-0.01,-0.052,-0.052,1.01,False,NO_POSITIVE_MARGINAL_EDGE,event_legs=2;fits_budget=True;gross_top_prefilter=-0.01;k=2;min_bundle_outlay=1.052
2026-10-08T00:53:33+00:00,buy_all_no,KXMNSENGOVCOMBO-26NOV,KXMNSENGOVCOMBO-26NOV,3,KXMNSENGOVCOMBO-26NOV-DEMDEM;KXMNSENGOVCOMBO-26NOV-DEMREP;KXMNSENGOVCOMBO-26NOV-REPDEM,no;no;no,0.1300;0.9100;0.9700,1987.45;150;60,0,0.0,2.01,2,0.03,0.003,-0.01,-0.043,-0.043,2.01,False,NO_POSITIVE_MARGINAL_EDGE,event_legs=4;fits_budget=True;gross_top_prefilter=-0.01;k=3;min_bundle_outlay=2.043
2026-10-08T00:53:33+00:00,buy_all_no,KXHIGHTDC-26OCT08,KXHIGHTDC-26OCT08,5,KXHIGHTDC-26OCT08-B80.5;KXHIGHTDC-26OCT08-B82.5;KXHIGHTDC-26OCT08-B78.5;KXHIGHTDC-26OCT08-B76.5;KXHIGHTDC-26OCT08-T83,no;no;no;no;no,0.5200;0.6200;0.9000;0.9800;0.9800,7;6.39;11;10;84.82,0,0.0,4.0,4,0.07,0.005,0.0,-0.075,-0.075,4.0,False,NO_POSITIVE_MARGINAL_EDGE,event_legs=6;fits_budget=True;gross_top_prefilter=0.0;k=5;min_bundle_outlay=4.075
2026-10-08T00:53:33+00:00,buy_all_no,KXLOSEREELECTIONDSEN-2026,KXLOSEREELECTIONDSEN-2026,3,KXLOSEREELECTIONDSEN-2026-0;KXLOSEREELECTIONDSEN-2026-2;KXLOSEREELECTIONDSEN-2026-1,no;no;no,0.0580;0.9700;0.9800,2410.01;0.01;4774,0,0.0,2.008,2,0.03,0.003,-0.008,-0.041,-0.041,2.008,False,NO_POSITIVE_MARGINAL_EDGE,event_legs=6;fits_budget=True;gross_top_prefilter=-0.008;k=3;min_bundle_outlay=2.041
2026-10-08T00:53:33+00:00,buy_all_no,CONTROLH-2026,CONTROLH-2026,2,CONTROLH-2026-D;CONTROLH-2026-R,no;no,0.1100;0.9000,244785;140453,0,0.0,1.01,1,0.02,0.002,-0.01,-0.032,-0.032,1.01,False,NO_POSITIVE_MARGINAL_EDGE,event_legs=2;fits_budget=True;gross_top_prefilter=-0.01;k=2;min_bundle_outlay=1.032
2026-10-08T00:53:33+00:00,buy_all_no,GOVPARTYIL-26,GOVPARTYIL-26,2,GOVPARTYIL-26-D;GOVPARTYIL-26-R,no;no,0.0330;0.9770,30;3,0,0.0,1.01,1,0.02,0.002,-0.01,-0.032,-0.032,1.01,False,NO_POSITIVE_MARGINAL_EDGE,event_legs=2;fits_budget=True;gross_top_prefilter=-0.01;k=2;min_bundle_outlay=1.032
2026-10-08T00:53:33+00:00,buy_all_no,KXNFLNFCNORTH-27,KXNFLNFCNORTH-27,4,KXNFLNFCNORTH-27-MIN;KXNFLNFCNORTH-27-CHI;KXNFLNFCNORTH-27-DET;KXNFLNFCNORTH-27-GB,no;no;no;no,0.6300;0.7200;0.7400;0.9200,4242.98;208217;29.08;6987.15,0,0.0,3.01,3,0.07,0.004,-0.01,-0.084,-0.084,3.01,False,NO_POSITIVE_MARGINAL_EDGE,event_legs=4;fits_budget=True;gross_top_prefilter=-0.01;k=4;min_bundle_outlay=3.084
2026-10-08T00:53:33+00:00,buy_all_no,KXNFLAFCNORTH-27,KXNFLAFCNORTH-27,4,KXNFLAFCNORTH-27-BAL;KXNFLAFCNORTH-27-CIN;KXNFLAFCNORTH-27-CLE;KXNFLAFCNORTH-27-PIT,no;no;no;no,0.4300;0.7400;0.9100;0.9300,200443;551.29;186.3;28,0,0.0,3.01,3,0.06,0.004,-0.01,-0.074,-0.074,3.01,False,NO_POSITIVE_MARGINAL_EDGE,event_legs=4;fits_budget=True;gross_top_prefilter=-0.01;k=4;min_bundle_outlay=3.074
2026-10-08T00:53:33+00:00,buy_all_no,GOVPARTYIA-26,GOVPARTYIA-26,2,GOVPARTYIA-26-D;GOVPARTYIA-26-R,no;no,0.1200;0.8900,16089.6;64.63,0,0.0,1.01,1,0.02,0.002,-0.01,-0.032,-0.032,1.01,False,NO_POSITIVE_MARGINAL_EDGE,event_legs=2;fits_budget=True;gross_top_prefilter=-0.01;k=2;min_bundle_outlay=1.032
2026-10-08T00:53:33+00:00,buy_all_no,GOVPARTYOR-26,GOVPARTYOR-26,2,GOVPARTYOR-26-D;GOVPARTYOR-26-R,no;no,0.2500;0.7600,124.92;78.48,0,0.0,1.01,1,0.04,0.002,-0.01,-0.052,-0.052,1.01,False,NO_POSITIVE_MARGINAL_EDGE,event_legs=2;fits_budget=True;gross_top_prefilter=-0.01;k=2;min_bundle_outlay=1.052
2026-10-08T00:53:33+00:00,buy_all_no,KXHOUSERACE-VA05-26,KXHOUSERACE-VA05-26,2,KXHOUSERACE-VA05-26-R;KXHOUSERACE-VA05-26-D,no;no,0.2300;0.7800,5139;3746.84,0,0.0,1.01,1,0.04,0.002,-0.01,-0.052,-0.052,1.01,False,NO_POSITIVE_MARGINAL_EDGE,event_legs=2;fits_budget=True;gross_top_prefilter=-0.01;k=2;min_bundle_outlay=1.052
2026-10-08T00:53:33+00:00,buy_all_no,GOVPARTYOH-26,GOVPARTYOH-26,2,GOVPARTYOH-26-D;GOVPARTYOH-26-R,no;no,0.3400;0.6700,31.96;1433.2,0,0.0,1.01,1,0.04,0.002,-0.01,-0.052,-0.052,1.01,False,NO_POSITIVE_MARGINAL_EDGE,event_legs=2;fits_budget=True;gross_top_prefilter=-0.01;k=2;min_bundle_outlay=1.052
2026-10-08T00:53:33+00:00,buy_all_no,KXRHOUSESEATS-27,KXRHOUSESEATS-27,9,KXRHOUSESEATS-27-193;KXRHOUSESEATS-27-200;KXRHOUSESEATS-27-205;KXRHOUSESEATS-27-195;KXRHOUSESEATS-27-210;KXRHOUSESEATS-27-215;KXRHOUSESEATS-27-220;KXRHOUSESEATS-27-225;KXRHOUSESEATS-27-230,no;no;no;no;no;no;no;no;no,0.6900;0.8300;0.8500;0.8600;0.9140;0.9460;0.9550;0.9770;0.9840,513.18;144.65;554.2;1388.33;39;4;18.45;20.98;250,0,0.0,8.006,8,0.1,0.009,-0.006,-0.115,-0.115,8.006,False,NO_POSITIVE_MARGINAL_EDGE,event_legs=11;fits_budget=True;gross_top_prefilter=-0.006;k=9;min_bundle_outlay=8.115
2026-10-08T00:53:33+00:00,buy_all_no,KXCRITICSSUPACTO-27,KXCRITICSSUPACTO-27,16,KXCRITICSSUPACTO-27-PGIA;KXCRITICSSUPACTO-27-AGAR;KXCRITICSSUPACTO-27-SROC;KXCRITICSSUPACTO-27-JLEG;KXCRITICSSUPACTO-27-ENOR;KXCRITICSSUPACTO-27-ADRI;KXCRITICSSUPACTO-27-RPAT;KXCRITICSSUPACTO-27-JSTR;KXCRITICSSUPACTO-27-ABAN;KXCRITICSSUPACTO-27-RAHM;KXCRITICSSUPACTO-27-JGOO;KXCRITICSSUPACTO-27-MRUF;KXCRITICSSUPACTO-27-SBUS;KXCRITICSSUPACTO-27-CDOM;KXCRITICSSUPACTO-27-CTAT;KXCRITICSSUPACTO-27-TIE,no;no;no;no;no;no;no;no;no;no;no;no;no;no;no;no,0.7100;0.8400;0.8800;0.8900;0.9400;0.9700;0.9700;0.9700;0.9700;0.9800;0.9800;0.9800;0.9800;0.9800;0.9800;0.9800,2100;2171.2;1373.9;5176;9016;5080.01;9566;9449;2376;5710;4899;5209;5684;5449;6359;5434,0,0.0,15.0,15,0.17,0.016,0.0,-0.186,-0.186,15.0,False,NO_POSITIVE_MARGINAL_EDGE,event_legs=16;fits_budget=False;gross_top_prefilter=0.0;k=16;min_bundle_outlay=15.186
2026-10-08T00:53:33+00:00,buy_all_no,KXTXSENGOVCOMBO-26NOV,KXTXSENGOVCOMBO-26NOV,3,KXTXSENGOVCOMBO-26NOV-REPDEM;KXTXSENGOVCOMBO-26NOV-REPREP;KXTXSENGOVCOMBO-26NOV-DEMDEM,no;no;no,0.5500;0.6800;0.7800,6.48;15;0.8,0,0.0,2.01,2,0.06,0.003,-0.01,-0.073,-0.073,2.01,False,NO_POSITIVE_MARGINAL_EDGE,event_legs=4;fits_budget=True;gross_top_prefilter=-0.01;k=3;min_bundle_outlay=2.073
2026-10-08T00:53:33+00:00,buy_all_no,GOVPARTYWI-26,GOVPARTYWI-26,2,GOVPARTYWI-26-D;GOVPARTYWI-26-R,no;no,0.2100;0.8000,60290.4;1401.16,0,0.0,1.01,1,0.04,0.002,-0.01,-0.052,-0.052,1.01,False,NO_POSITIVE_MARGINAL_EDGE,event_legs=2;fits_budget=True;gross_top_prefilter=-0.01;k=2;min_bundle_outlay=1.052
2026-10-08T00:53:33+00:00,buy_all_no,KXSPAINPARLI-27,KXSPAINPARLI-27,2,KXSPAINPARLI-27-PP;KXSPAINPARLI-27-PSOE,no;no,0.1400;0.8700,17;375,0,0.0,1.01,1,0.02,0.002,-0.01,-0.032,-0.032,1.01,False,NO_POSITIVE_MARGINAL_EDGE,event_legs=4;fits_budget=True;gross_top_prefilter=-0.01;k=2;min_bundle_outlay=1.032
2026-10-08T00:53:33+00:00,buy_all_no,KXNFLDROTY-27,KXNFLDROTY-27,9,KXNFLDROTY-27-JROD;KXNFLDROTY-27-AREE;KXNFLDROTY-27-SSTY;KXNFLDROTY-27-MDEL;KXNFLDROTY-27-DBAI;KXNFLDROTY-27-CDOW;KXNFLDROTY-27-DTHI;KXNFLDROTY-27-AHILL53;KXNFLDROTY-27-GJACAS50,no;no;no;no;no;no;no;no;no,0.6600;0.7000;0.9000;0.9300;0.9400;0.9600;0.9600;0.9800;0.9800,297.89;1138.93;877.52;1914.89;1343.43;7843.52;1679.99;8503.34;4518.22,0,0.0,8.01,8,0.11,0.009,-0.01,-0.129,-0.129,8.01,False,NO_POSITIVE_MARGINAL_EDGE,event_legs=29;fits_budget=True;gross_top_prefilter=-0.01;k=9;min_bundle_outlay=8.129
2026-10-08T01:14:34+00:00,buy_all_no,KXMLB-26,KXMLB-26,7,KXMLB-26-LAD;KXMLB-26-TB;KXMLB-26-MIL;KXMLB-26-CWS;KXMLB-26-SD;KXMLB-26-NYY;KXMLB-26-CLE,no;no;no;no;no;no;no,0.5660;0.7920;0.7990;0.9210;0.9440;0.9550;0.9660,8.89;3.53;25925.2;460.85;2353.34;233.5;1941,0,0.0,5.943,6,0.1,0.007,0.057,-0.05,-0.05,5.943,False,NO_POSITIVE_MARGINAL_EDGE,event_legs=30;fits_budget=True;gross_top_prefilter=0.057;k=7;min_bundle_outlay=6.05
2026-10-08T01:14:34+00:00,buy_all_no,KXOSCARACTO-27,KXOSCARACTO-27,6,KXOSCARACTO-27-JOH;KXOSCARACTO-27-MATT;KXOSCARACTO-27-AND;KXOSCARACTO-27-TOM;KXOSCARACTO-27-ROB;KXOSCARACTO-27-TIM,no;no;no;no;no;no,0.6000;0.7700;0.8100;0.8500;0.9700;0.9700,13.55;97.62;30.85;28;194.06;1.38,0,0.0,4.97,5,0.09,0.006,0.03,-0.066,-0.066,4.97,False,NO_POSITIVE_MARGINAL_EDGE,event_legs=25;fits_budget=True;gross_top_prefilter=0.03;k=6;min_bundle_outlay=5.066
2026-10-08T01:14:34+00:00,buy_all_no,SENATEKS-28,SENATEKS-28,2,SENATEKS-28-R;SENATEKS-28-D,no;no,0.2900;0.6900,8.6;5,0,0.0,0.98,1,0.04,0.002,0.02,-0.022,-0.022,0.98,False,NO_POSITIVE_MARGINAL_EDGE,event_legs=2;fits_budget=True;gross_top_prefilter=0.02;k=2;min_bundle_outlay=1.022
2026-10-08T01:14:34+00:00,buy_all_no,KXNWSL-26,KXNWSL-26,8,KXNWSL-26-GOT;KXNWSL-26-WSP;KXNWSL-26-KC;KXNWSL-26-SAN;KXNWSL-26-ANG;KXNWSL-26-URO;KXNWSL-26-DEN;KXNWSL-26-NCC,no;no;no;no;no;no;no;no,0.7500;0.7700;0.7700;0.8300;0.9000;0.9800;0.9800;0.9800,368.09;217.14;77.73;162.07;110.95;839.73;381.57;344.23,0,0.0,6.96,7,0.11,0.008,0.04,-0.078,-0.078,6.96,False,NO_POSITIVE_MARGINAL_EDGE,event_legs=16;fits_budget=True;gross_top_prefilter=0.04;k=8;min_bundle_outlay=7.078
2026-10-08T01:14:34+00:00,buy_all_no,KXDSENATESEATS-27,KXDSENATESEATS-27,10,KXDSENATESEATS-27-ABOVE52;KXDSENATESEATS-27-52;KXDSENATESEATS-27-51;KXDSENATESEATS-27-50;KXDSENATESEATS-27-49;KXDSENATESEATS-27-48;KXDSENATESEATS-27-47;KXDSENATESEATS-27-46;KXDSENATESEATS-27-BELOW45;KXDSENATESEATS-27-45,no;no;no;no;no;no;no;no;no;no,0.6300;0.8100;0.8600;0.8800;0.9210;0.9390;0.9710;0.9810;0.9840;0.9880,9366.95;28;5200.11;428;3;32.85;58;219.4;12.26;20.35,0,0.0,8.964,9,0.12,0.01,0.036,-0.094,-0.094,8.964,False,NO_POSITIVE_MARGINAL_EDGE,event_legs=10;fits_budget=True;gross_top_prefilter=0.036;k=10;min_bundle_outlay=9.094
2026-10-08T01:14:34+00:00,buy_all_no,KXTRUMPAPPROVE-26OCT08,KXTRUMPAPPROVE-26OCT08,9,KXTRUMPAPPROVE-26OCT08-E38.4;KXTRUMPAPPROVE-26OCT08-E38.5;KXTRUMPAPPROVE-26OCT08-E38.3;KXTRUMPAPPROVE-26OCT08-E38.6;KXTRUMPAPPROVE-26OCT08-U38.2;KXTRUMPAPPROVE-26OCT08-E38.2;KXTRUMPAPPROVE-26OCT08-E38.8;KXTRUMPAPPROVE-26OCT08-A38.8;KXTRUMPAPPROVE-26OCT08-E38.7,no;no;no;no;no;no;no;no;no,0.6600;0.7200;0.8300;0.9300;0.9400;0.9600;0.9700;0.9700;0.9800,433.76;4703.96;3657.64;7066.1;3598.25;17162.1;20427.6;26431.9;54052,0,0.0,7.96,8,0.11,0.009,0.04,-0.079,-0.079,7.96,False,NO_POSITIVE_MARGINAL_EDGE,event_legs=9;fits_budget=True;gross_top_prefilter=0.04;k=9;min_bundle_outlay=8.079
2026-10-08T01:14:34+00:00,buy_all_no,KXKSSENGOVCOMBO-26NOV,KXKSSENGOVCOMBO-26NOV,4,KXKSSENGOVCOMBO-26NOV-REPREP;KXKSSENGOVCOMBO-26NOV-DEMDEM;KXKSSENGOVCOMBO-26NOV-REPDEM;KXKSSENGOVCOMBO-26NOV-DEMREP,no;no;no;no,0.4300;0.7900;0.7900;0.9600,1;0.67;294;40,0,0.0,2.97,3,0.07,0.004,0.03,-0.044,-0.044,2.97,False,NO_POSITIVE_MARGINAL_EDGE,event_legs=4;fits_budget=True;gross_top_prefilter=0.03;k=4;min_bundle_outlay=3.044
2026-10-08T01:14:34+00:00,buy_all_no,KXHOUSEPOPVOTEMARGIN-27NOV03,KXHOUSEPOPVOTEMARGIN-27NOV03,10,KXHOUSEPOPVOTEMARGIN-27NOV03-B9;KXHOUSEPOPVOTEMARGIN-27NOV03-B11;KXHOUSEPOPVOTEMARGIN-27NOV03-B7;KXHOUSEPOPVOTEMARGIN-27NOV03-B5;KXHOUSEPOPVOTEMARGIN-27NOV03-B13;KXHOUSEPOPVOTEMARGIN-27NOV03-B3;KXHOUSEPOPVOTEMARGIN-27NOV03-B50;KXHOUSEPOPVOTEMARGIN-27NOV03-B1;KXHOUSEPOPVOTEMARGIN-27NOV03-B15;KXHOUSEPOPVOTEMARGIN-27NOV03-B58,no;no;no;no;no;no;no;no;no;no,0.7200;0.7700;0.8200;0.9060;0.9150;0.9490;0.9500;0.9710;0.9770;0.9800,4733.42;4029.81;1597.24;2606;147.44;15.65;98;36.88;142.96;31.36,0,0.0,8.958,9,0.13,0.01,0.042,-0.098,-0.098,8.958,False,NO_POSITIVE_MARGINAL_EDGE,event_legs=10;fits_budget=True;gross_top_prefilter=0.042;k=10;min_bundle_outlay=9.098
2026-10-08T01:14:34+00:00,buy_all_no,KXCRITICSHAIR-27,KXCRITICSHAIR-27,15,KXCRITICSHAIR-27-WER;KXCRITICSHAIR-27-DIG;KXCRITICSHAIR-27-ODY;KXCRITICSHAIR-27-DUN;KXCRITICSHAIR-27-CLA;KXCRITICSHAIR-27-BRI;KXCRITICSHAIR-27-EBE;KXCRITICSHAIR-27-WIC;KXCRITICSHAIR-27-MIC;KXCRITICSHAIR-27-LAB;KXCRITICSHAIR-27-IPL;KXCRITICSHAIR-27-FUR;KXCRITICSHAIR-27-ELS;KXCRITICSHAIR-27-ROS;KXCRITICSHAIR-27-ISG,no;no;no;no;no;no;no;no;no;no;no;no;no;no;no,0.7200;0.8200;0.8500;0.9000;0.9500;0.9500;0.9600;0.9600;0.9700;0.9800;0.9800;0.9800;0.9800;0.9800;0.9800,260;2283.6;618.15;4635.08;5929.96;6204.23;4692;6692;7525;4119;4219;4219;5735.01;4179;2691,0,0.0,13.96,14,0.17,0.015,0.04,-0.145,-0.145,13.96,False,NO_POSITIVE_MARGINAL_EDGE,event_legs=16;fits_budget=False;gross_top_prefilter=0.04;k=15;min_bundle_outlay=14.145
2026-10-08T01:14:34+00:00,buy_all_no,KXCRITICSEDIT-27,KXCRITICSEDIT-27,16,KXCRITICSEDIT-27-ODY;KXCRITICSEDIT-27-DUN;KXCRITICSEDIT-27-LAB;KXCRITICSEDIT-27-PRO;KXCRITICSEDIT-27-INV;KXCRITICSEDIT-27-WIL;KXCRITICSEDIT-27-ELS;KXCRITICSEDIT-27-DIG;KXCRITICSEDIT-27-IPL;KXCRITICSEDIT-27-DEB;KXCRITICSEDIT-27-FJO;KXCRITICSEDIT-27-YOU;KXCRITICSEDIT-27-CLU;KXCRITICSEDIT-27-INK;KXCRITICSEDIT-27-SOC;KXCRITICSEDIT-27-TIE,no;no;no;no;no;no;no;no;no;no;no;no;no;no;no;no,0.4900;0.8600;0.9000;0.9600;0.9700;0.9800;0.9800;0.9800;0.9800;0.9800;0.9800;0.9800;0.9800;0.9800;0.9800;0.9800,2460;4184.95;1180.3;7381;4152;9369;5820.01;5542;5345.01;7969;5345.01;9969;5820;5595.01;5345.01;5195,0,0.0,14.96,15,0.17,0.016,0.04,-0.146,-0.146,14.96,False,NO_POSITIVE_MARGINAL_EDGE,event_legs=16;fits_budget=False;gross_top_prefilter=0.04;k=16;min_bundle_outlay=15.146
2026-10-08T01:14:34+00:00,buy_all_no,KXNCAAFSEED-27S1,KXNCAAFSEED-27S1,8,KXNCAAFSEED-27S1-ND;KXNCAAFSEED-27S1-TEX;KXNCAAFSEED-27S1-ALA;KXNCAAFSEED-27S1-MIA;KXNCAAFSEED-27S1-UGA;KXNCAAFSEED-27S1-OSU;KXNCAAFSEED-27S1-IND;KXNCAAFSEED-27S1-LSU,no;no;no;no;no;no;no;no,0.7900;0.8000;0.8100;0.8500;0.8700;0.9300;0.9500;0.9700,35.07;38;9;3.39;3;0.01;5;26.5,0,0.0,6.97,7,0.11,0.008,0.03,-0.088,-0.088,6.97,False,NO_POSITIVE_MARGINAL_EDGE,event_legs=50;fits_budget=True;gross_top_prefilter=0.02;k=8;min_bundle_outlay=7.088
2026-10-08T01:14:34+00:00,buy_all_no,KXITFMATCH-26OCT08SENDRA,KXITFMATCH-26OCT08SENDRA,2,KXITFMATCH-26OCT08SENDRA-SEN;KXITFMATCH-26OCT08SENDRA-DRA,no;no,0.3600;0.6200,8;0.05,0,0.0,0.98,1,0.04,0.002,0.02,-0.022,-0.022,0.98,False,NO_POSITIVE_MARGINAL_EDGE,event_legs=2;fits_budget=True;gross_top_prefilter=0.02;k=2;min_bundle_outlay=1.022
2026-10-08T01:14:34+00:00,buy_all_no,KXBRPRES2MOV-26OCT25,KXBRPRES2MOV-26OCT25,5,KXBRPRES2MOV-26OCT25-FBOL-P4;KXBRPRES2MOV-26OCT25-FBOL-P1;KXBRPRES2MOV-26OCT25-LSIL-P1;KXBRPRES2MOV-26OCT25-FBOL-P7;KXBRPRES2MOV-26OCT25-FBOL-P9,no;no;no;no;no,0.5500;0.7100;0.8700;0.9000;0.9500,41;1124.41;1258.86;1206.42;4031.63,0,0.0,3.98,4,0.07,0.005,0.02,-0.055,-0.055,3.98,False,NO_POSITIVE_MARGINAL_EDGE,event_legs=8;fits_budget=True;gross_top_prefilter=0.02;k=5;min_bundle_outlay=4.055
2026-10-08T01:14:34+00:00,buy_all_no,KXARGENTINAPRES1R-27OCT24,KXARGENTINAPRES1R-27OCT24,9,KXARGENTINAPRES1R-27OCT24-JMIL;KXARGENTINAPRES1R-27OCT24-AKIC;KXARGENTINAPRES1R-27OCT24-SMAS;KXARGENTINAPRES1R-27OCT24-MBRE;KXARGENTINAPRES1R-27OCT24-JSCH;KXARGENTINAPRES1R-27OCT24-JGRA;KXARGENTINAPRES1R-27OCT24-PBUL;KXARGENTINAPRES1R-27OCT24-MMAC;KXARGENTINAPRES1R-27OCT24-VVIL,no;no;no;no;no;no;no;no;no,0.6200;0.7500;0.9300;0.9400;0.9400;0.9400;0.9500;0.9500;0.9600,4600;7538;5471.3;5007.6;5954.21;5952.25;6104.24;5964.36;6602.15,0,0.0,7.98,8,0.11,0.009,0.02,-0.099,-0.099,7.98,False,NO_POSITIVE_MARGINAL_EDGE,event_legs=9;fits_budget=True;gross_top_prefilter=0.02;k=9;min_bundle_outlay=8.099
2026-10-08T01:14:34+00:00,buy_all_no,KXTRUTHSOCIAL-26OCT10,KXTRUTHSOCIAL-26OCT10,8,KXTRUTHSOCIAL-26OCT10-B149;KXTRUTHSOCIAL-26OCT10-B169;KXTRUTHSOCIAL-26OCT10-B129;KXTRUTHSOCIAL-26OCT10-B109;KXTRUTHSOCIAL-26OCT10-B189;KXTRUTHSOCIAL-26OCT10-B209;KXTRUTHSOCIAL-26OCT10-B230;KXTRUTHSOCIAL-26OCT10-T240,no;no;no;no;no;no;no;no,0.7700;0.7900;0.8200;0.8800;0.8800;0.9300;0.9400;0.9700,31.01;2616.76;3586.39;709.37;331.2;1762;2323.85;3363.23,0,0.0,6.98,7,0.11,0.008,0.02,-0.098,-0.098,6.98,False,NO_POSITIVE_MARGINAL_EDGE,event_legs=10;fits_budget=True;gross_top_prefilter=0.02;k=8;min_bundle_outlay=7.098
2026-10-08T01:14:34+00:00,buy_all_no,KXHIGHTDC-26OCT08,KXHIGHTDC-26OCT08,4,KXHIGHTDC-26OCT08-B82.5;KXHIGHTDC-26OCT08-B80.5;KXHIGHTDC-26OCT08-B78.5;KXHIGHTDC-26OCT08-T83,no;no;no;no,0.5200;0.5800;0.9000;0.9800,1;29;10;72.82,0,0.0,2.98,3,0.06,0.004,0.02,-0.044,-0.044,2.98,False,NO_POSITIVE_MARGINAL_EDGE,event_legs=6;fits_budget=True;gross_top_prefilter=0.02;k=4;min_bundle_outlay=3.044
2026-10-08T01:14:34+00:00,buy_all_no,KXHIGHTHOU-26OCT08,KXHIGHTHOU-26OCT08,4,KXHIGHTHOU-26OCT08-B92.5;KXHIGHTHOU-26OCT08-B90.5;KXHIGHTHOU-26OCT08-B94.5;KXHIGHTHOU-26OCT08-T90,no;no;no;no,0.3400;0.7300;0.9400;0.9700,9.45;2;115;32,0,0.0,2.98,3,0.06,0.004,0.02,-0.044,-0.044,2.98,False,NO_POSITIVE_MARGINAL_EDGE,event_legs=6;fits_budget=True;gross_top_prefilter=0.02;k=4;min_bundle_outlay=3.044
2026-10-08T01:14:34+00:00,buy_all_no,KXRELOCATIONCHI-28,KXRELOCATIONCHI-28,3,KXRELOCATIONCHI-28-ILL;KXRELOCATIONCHI-28-IND;KXRELOCATIONCHI-28-REMAIN,no;no;no,0.3700;0.6600;0.9600,6;15.32;782.8,0,0.0,1.99,2,0.05,0.003,0.01,-0.043,-0.043,1.99,False,NO_POSITIVE_MARGINAL_EDGE,event_legs=4;fits_budget=True;gross_top_prefilter=0.01;k=3;min_bundle_outlay=2.043
2026-10-08T01:14:34+00:00,buy_all_no,KXESGOV-26OCT25,KXESGOV-26OCT25,2,KXESGOV-26OCT25-LPAZ;KXESGOV-26OCT25-RFER,no;no,0.1300;0.8600,3331.35;1430.85,0,0.0,0.99,1,0.02,0.002,0.01,-0.012,-0.012,0.99,False,NO_POSITIVE_MARGINAL_EDGE,event_legs=2;fits_budget=True;gross_top_prefilter=0.01;k=2;min_bundle_outlay=1.012
2026-10-08T01:14:34+00:00,buy_all_no,KXSPAIN3RD-26NOV29-3,KXSPAIN3RD-26NOV29-3,3,KXSPAIN3RD-26NOV29-3-VOX;KXSPAIN3RD-26NOV29-3-PSOE;KXSPAIN3RD-26NOV29-3-PP,no;no;no,0.0800;0.9500;0.9600,7558.08;13018.9;15367,0,0.0,1.99,2,0.03,0.003,0.01,-0.023,-0.023,1.99,False,NO_POSITIVE_MARGINAL_EDGE,event_legs=3;fits_budget=True;gross_top_prefilter=0.01;k=3;min_bundle_outlay=2.023
2026-10-08T01:14:34+00:00,buy_all_no,KXDWTSRANK-326DEC31,KXDWTSRANK-326DEC31,8,KXDWTSRANK-326DEC31-AGLE;KXDWTSRANK-326DEC31-MHIG;KXDWTSRANK-326DEC31-HSHU;KXDWTSRANK-326DEC31-EFRE;KXDWTSRANK-326DEC31-GROD;KXDWTSRANK-326DEC31-JDEW;KXDWTSRANK-326DEC31-CWOO;KXDWTSRANK-326DEC31-JSTIL,no;no;no;no;no;no;no;no,0.7500;0.7500;0.7600;0.8900;0.9500;0.9600;0.9600;0.9700,2;1902;7.51;1189.32;3762.25;3700;4000;1500,0,0.0,6.99,7,0.11,0.008,0.01,-0.108,-0.108,6.99,False,NO_POSITIVE_MARGINAL_EDGE,event_legs=16;fits_budget=True;gross_top_prefilter=0.01;k=8;min_bundle_outlay=7.108
2026-10-08T01:14:34+00:00,buy_all_no,KXMISENATE-26,KXMISENATE-26,2,KXMISENATE-26-AELS;KXMISENATE-26-MROG,no;no,0.2900;0.7000,905.95;60.45,0,0.0,0.99,1,0.04,0.002,0.01,-0.032,-0.032,0.99,False,NO_POSITIVE_MARGINAL_EDGE,event_legs=4;fits_budget=True;gross_top_prefilter=0.01;k=2;min_bundle_outlay=1.032
2026-10-08T01:14:34+00:00,buy_all_no,KXCRITICSCOMEDY-27,KXCRITICSCOMEDY-27,14,KXCRITICSCOMEDY-27-WID;KXCRITICSCOMEDY-27-HAC;KXCRITICSCOMEDY-27-BEA;KXCRITICSCOMEDY-27-ABB;KXCRITICSCOMEDY-27-SHR;KXCRITICSCOMEDY-27-MAR;KXCRITICSCOMEDY-27-NOB;KXCRITICSCOMEDY-27-ROO;KXCRITICSCOMEDY-27-COM;KXCRITICSCOMEDY-27-FOU;KXCRITICSCOMEDY-27-JUR;KXCRITICSCOMEDY-27-GHO;KXCRITICSCOMEDY-27-SCR;KXCRITICSCOMEDY-27-TIE,no;no;no;no;no;no;no;no;no;no;no;no;no;no,0.3500;0.8900;0.9600;0.9800;0.9800;0.9800;0.9800;0.9800;0.9800;0.9800;0.9800;0.9800;0.9800;0.9800,50;4072.9;10241;6059;5934;5584;5934;5934;10184;6059;5934;5934.01;5459.01;6559.01,0,0.0,12.98,13,0.15,0.014,0.02,-0.144,-0.144,12.98,False,NO_POSITIVE_MARGINAL_EDGE,event_legs=16;fits_budget=False;gross_top_prefilter=0.02;k=14;min_bundle_outlay=13.144
2026-10-08T01:14:34+00:00,buy_all_no,KXNBAATLANTIC-26,KXNBAATLANTIC-26,4,KXNBAATLANTIC-26-NYK;KXNBAATLANTIC-26-BOS;KXNBAATLANTIC-26-PHI;KXNBAATLANTIC-26-TOR,no;no;no;no,0.6700;0.7100;0.7200;0.8900,291.67;500.17;5.42;1000,0,0.0,2.99,3,0.07,0.004,0.01,-0.064,-0.064,2.99,False,NO_POSITIVE_MARGINAL_EDGE,event_legs=5;fits_budget=True;gross_top_prefilter=0.01;k=4;min_bundle_outlay=3.064
2026-10-08T01:14:34+00:00,buy_all_no,KXCA11PERSON-26,KXCA11PERSON-26,2,KXCA11PERSON-26-SWIE;KXCA11PERSON-26-CCHA,no;no,0.2000;0.7900,64.58;6,0,0.0,0.99,1,0.04,0.002,0.01,-0.032,-0.032,0.99,False,NO_POSITIVE_MARGINAL_EDGE,event_legs=2;fits_budget=True;gross_top_prefilter=0.01;k=2;min_bundle_outlay=1.032
2026-10-08T01:14:34+00:00,buy_all_no,KXCBDECISIONCANADA-26DEC,KXCBDECISIONCANADA-26DEC,2,KXCBDECISIONCANADA-26DEC-H25;KXCBDECISIONCANADA-26DEC-H0,no;no,0.4500;0.5400,3.93;51,0,0.0,0.99,1,0.04,0.002,0.01,-0.032,-0.032,0.99,False,NO_POSITIVE_MARGINAL_EDGE,event_legs=5;fits_budget=True;gross_top_prefilter=0.01;k=2;min_bundle_outlay=1.032
2026-10-08T01:14:34+00:00,buy_all_no,KXMLBNL-26,KXMLBNL-26,3,KXMLBNL-26-LAD;KXMLBNL-26-MIL;KXMLBNL-26-SD,no;no;no,0.3800;0.6900;0.9200,2732.06;818.75;2468.83,0,0.0,1.99,2,0.05,0.003,0.01,-0.043,-0.043,1.99,False,NO_POSITIVE_MARGINAL_EDGE,event_legs=15;fits_budget=True;gross_top_prefilter=0.01;k=3;min_bundle_outlay=2.043
2026-10-08T01:14:34+00:00,buy_all_no,KXSPAINMOV-26NOV29,KXSPAINMOV-26NOV29,7,KXSPAINMOV-26NOV29-PP-P4;KXSPAINMOV-26NOV29-PP-P7;KXSPAINMOV-26NOV29-PP-P1;KXSPAINMOV-26NOV29-PP-P10;KXSPAINMOV-26NOV29-PSOE-P1;KXSPAINMOV-26NOV29-PP-P12;KXSPAINMOV-26NOV29-PSOE-P3,no;no;no;no;no;no;no,0.7100;0.7300;0.8300;0.9100;0.9100;0.9400;0.9600,197;2071;2158.1;3371.23;3251.6;4477;5916.01,0,0.0,5.99,6,0.09,0.007,0.01,-0.087,-0.087,5.99,False,NO_POSITIVE_MARGINAL_EDGE,event_legs=7;fits_budget=True;gross_top_prefilter=0.01;k=7;min_bundle_outlay=6.087
2026-10-08T01:14:34+00:00,buy_all_no,KXMLBSERIESSCORE-26CWSCLEALDS,KXMLBSERIESSCORE-26CWSCLEALDS,3,KXMLBSERIESSCORE-26CWSCLEALDS-CWS31;KXMLBSERIESSCORE-26CWSCLEALDS-CLE32;KXMLBSERIESSCORE-26CWSCLEALDS-CWS32,no;no;no,0.4800;0.6900;0.8200,0.67;69.72;83,0,0.0,1.99,2,0.06,0.003,0.01,-0.053,-0.053,1.99,False,NO_POSITIVE_MARGINAL_EDGE,event_legs=6;fits_budget=True;gross_top_prefilter=0.01;k=3;min_bundle_outlay=2.053
2026-10-08T01:14:34+00:00,buy_all_no,KXHIGHTSEA-26OCT08,KXHIGHTSEA-26OCT08,4,KXHIGHTSEA-26OCT08-B68.5;KXHIGHTSEA-26OCT08-B70.5;KXHIGHTSEA-26OCT08-T68;KXHIGHTSEA-26OCT08-B72.5,no;no;no;no,0.5700;0.7200;0.7500;0.9500,48;26;107;415,0,0.0,2.99,3,0.07,0.004,0.01,-0.064,-0.064,2.99,False,NO_POSITIVE_MARGINAL_EDGE,event_legs=6;fits_budget=True;gross_top_prefilter=0.01;k=4;min_bundle_outlay=3.064
2026-10-08T01:14:34+00:00,buy_all_no,KXNBAGAME-26OCT12SASUTA,KXNBAGAME-26OCT12SASUTA,2,KXNBAGAME-26OCT12SASUTA-SAS;KXNBAGAME-26OCT12SASUTA-UTA,no;no,0.4500;0.5400,67.9;20.03,0,0.0,0.99,1,0.04,0.002,0.01,-0.032,-0.032,0.99,False,NO_POSITIVE_MARGINAL_EDGE,event_legs=2;fits_budget=True;gross_top_prefilter=0.01;k=2;min_bundle_outlay=1.032
2026-10-08T01:14:34+00:00,buy_all_no,GOVPARTYNE-26,GOVPARTYNE-26,2,GOVPARTYNE-26-R;GOVPARTYNE-26-D,no;no,0.1000;0.8900,50;1646,0,0.0,0.99,1,0.02,0.002,0.01,-0.012,-0.012,0.99,False,NO_POSITIVE_MARGINAL_EDGE,event_legs=2;fits_budget=True;gross_top_prefilter=0.01;k=2;min_bundle_outlay=1.012
2026-10-08T01:14:34+00:00,buy_all_no,KXMLBF5-26OCT072000TBNYY,KXMLBF5-26OCT072000TBNYY,3,KXMLBF5-26OCT072000TBNYY-TB;KXMLBF5-26OCT072000TBNYY-NYY;KXMLBF5-26OCT072000TBNYY-TIE,no;no;no,0.3600;0.8100;0.8600,10;1;3901,0,0.0,2.03,2,0.05,0.003,-0.03,-0.083,-0.083,2.03,False,NO_POSITIVE_MARGINAL_EDGE,event_legs=3;fits_budget=True;gross_top_prefilter=0.01;k=3;min_bundle_outlay=2.083
2026-10-08T01:14:34+00:00,buy_all_no,KXHIGHTLV-26OCT08,KXHIGHTLV-26OCT08,3,KXHIGHTLV-26OCT08-B97.5;KXHIGHTLV-26OCT08-B99.5;KXHIGHTLV-26OCT08-B95.5,no;no;no,0.2600;0.8300;0.9000,54;10;35,0,0.0,1.99,2,0.04,0.003,0.01,-0.033,-0.033,1.99,False,NO_POSITIVE_MARGINAL_EDGE,event_legs=6;fits_budget=True;gross_top_prefilter=0.01;k=3;min_bundle_outlay=2.033
2026-10-08T01:14:34+00:00,buy_all_no,SENATEAR-26,SENATEAR-26,2,SENATEAR-26-R;SENATEAR-26-D,no;no,0.0620;0.9350,6532.31;631.11,0,0.0,0.997,1,0.02,0.002,0.003,-0.019,-0.019,0.997,False,NO_POSITIVE_MARGINAL_EDGE,event_legs=2;fits_budget=True;gross_top_prefilter=0.003;k=2;min_bundle_outlay=1.019
2026-10-08T01:14:34+00:00,buy_all_no,SENATEFLS-26,SENATEFLS-26,2,SENATEFLS-26-R;SENATEFLS-26-D,no;no,0.0900;0.9080,4528.46;837.79,0,0.0,0.998,1,0.02,0.002,0.002,-0.02,-0.02,0.998,False,NO_POSITIVE_MARGINAL_EDGE,event_legs=2;fits_budget=True;gross_top_prefilter=0.002;k=2;min_bundle_outlay=1.02
2026-10-08T01:14:34+00:00,buy_all_no,KXATTYGENNY-26,KXATTYGENNY-26,2,KXATTYGENNY-26-D;KXATTYGENNY-26-R,no;no,0.0360;0.9590,6144.36;6237.28,0,0.0,0.995,1,0.02,0.002,0.005,-0.017,-0.017,0.995,False,NO_POSITIVE_MARGINAL_EDGE,event_legs=2;fits_budget=True;gross_top_prefilter=0.005;k=2;min_bundle_outlay=1.017
2026-10-08T01:14:34+00:00,buy_all_no,GOVPARTYOK-26,GOVPARTYOK-26,2,GOVPARTYOK-26-R;GOVPARTYOK-26-D,no;no,0.0900;0.9090,25;10,0,0.0,0.999,1,0.02,0.002,0.001,-0.021,-0.021,0.999,False,NO_POSITIVE_MARGINAL_EDGE,event_legs=2;fits_budget=True;gross_top_prefilter=0.001;k=2;min_bundle_outlay=1.021
2026-10-08T01:14:34+00:00,buy_all_no,GOVPARTYNY-26,GOVPARTYNY-26,2,GOVPARTYNY-26-D;GOVPARTYNY-26-R,no;no,0.0490;0.9500,12839.6;112.01,0,0.0,0.999,1,0.02,0.002,0.001,-0.021,-0.021,0.999,False,NO_POSITIVE_MARGINAL_EDGE,event_legs=2;fits_budget=True;gross_top_prefilter=0.001;k=2;min_bundle_outlay=1.021
2026-10-08T01:14:34+00:00,buy_all_no,KXRATECUTCOUNT-26DEC31,KXRATECUTCOUNT-26DEC31,3,KXRATECUTCOUNT-26DEC31-T0;KXRATECUTCOUNT-26DEC31-T1;KXRATECUTCOUNT-26DEC31-T2,no;no;no,0.0470;0.9630;0.9880,1000;72.31;3677.24,0,0.0,1.998,2,0.03,0.003,0.002,-0.031,-0.031,1.998,False,NO_POSITIVE_MARGINAL_EDGE,event_legs=21;fits_budget=True;gross_top_prefilter=0.002;k=3;min_bundle_outlay=2.031
2026-10-08T01:14:34+00:00,buy_all_no,KXATTYGENSD-26,KXATTYGENSD-26,2,KXATTYGENSD-26-R;KXATTYGENSD-26-D,no;no,0.0350;0.9630,12717;2700,0,0.0,0.998,1,0.02,0.002,0.002,-0.02,-0.02,0.998,False,NO_POSITIVE_MARGINAL_EDGE,event_legs=2;fits_budget=True;gross_top_prefilter=0.002;k=2;min_bundle_outlay=1.02
2026-10-08T01:14:34+00:00,buy_all_no,KXDHOUSESEATS-27,KXDHOUSESEATS-27,12,KXDHOUSESEATS-27-232;KXDHOUSESEATS-27-236;KXDHOUSESEATS-27-240;KXDHOUSESEATS-27-249;KXDHOUSESEATS-27-244;KXDHOUSESEATS-27-228;KXDHOUSESEATS-27-248;KXDHOUSESEATS-27-224;KXDHOUSESEATS-27-210;KXDHOUSESEATS-27-220;KXDHOUSESEATS-27-212;KXDHOUSESEATS-27-216,no;no;no;no;no;no;no;no;no;no;no;no,0.8300;0.8700;0.8800;0.8900;0.9040;0.9080;0.9240;0.9260;0.9550;0.9610;0.9660;0.9690,12.29;1424.43;1323.62;2275.02;2000;0.67;1674.09;12.03;12.38;1;1354.34;3.06,0,0.0,10.983,11,0.12,0.012,0.017,-0.115,-0.115,10.983,False,NO_POSITIVE_MARGINAL_EDGE,event_legs=12;fits_budget=False;gross_top_prefilter=0.017;k=12;min_bundle_outlay=11.115
2026-10-08T01:14:34+00:00,buy_all_no,KXF1POLE-SIN26,KXF1POLE-SIN26,8,KXF1POLE-SIN26-VER;KXF1POLE-SIN26-ANT;KXF1POLE-SIN26-HAM;KXF1POLE-SIN26-LEC;KXF1POLE-SIN26-RUS;KXF1POLE-SIN26-NOR;KXF1POLE-SIN26-PIA;KXF1POLE-SIN26-HAD,no;no;no;no;no;no;no;no,0.6900;0.7900;0.8600;0.8900;0.9100;0.9300;0.9600;0.9600,106;7.31;77.21;100;10;9;5;10,0,0.0,6.99,7,0.1,0.008,0.01,-0.098,-0.098,6.99,False,NO_POSITIVE_MARGINAL_EDGE,event_legs=22;fits_budget=True;gross_top_prefilter=0.01;k=8;min_bundle_outlay=7.098
2026-10-08T01:14:34+00:00,buy_all_no,KXTAIPEIMAYOR-26NOV28,KXTAIPEIMAYOR-26NOV28,2,KXTAIPEIMAYOR-26NOV28-CWAN;KXTAIPEIMAYOR-26NOV28-SPY,no;no,0.2800;0.7200,0.54;25,0,0.0,1.0,1,0.04,0.002,0.0,-0.042,-0.042,1.0,False,NO_POSITIVE_MARGINAL_EDGE,event_legs=6;fits_budget=True;gross_top_prefilter=0.0;k=2;min_bundle_outlay=1.042
2026-10-08T01:14:34+00:00,buy_all_no,SENATEMS-26,SENATEMS-26,2,SENATEMS-26-R;SENATEMS-26-D,no;no,0.0880;0.9100,16166.2;81.51,0,0.0,0.998,1,0.02,0.002,0.002,-0.02,-0.02,0.998,False,NO_POSITIVE_MARGINAL_EDGE,event_legs=2;fits_budget=True;gross_top_prefilter=0.002;k=2;min_bundle_outlay=1.02
2026-10-08T01:14:34+00:00,buy_all_no,KXT20MATCH-26OCT090930WIIND,KXT20MATCH-26OCT090930WIIND,2,KXT20MATCH-26OCT090930WIIND-IND;KXT20MATCH-26OCT090930WIIND-WI,no;no,0.2500;0.7400,385.91;1378.27,0,0.0,0.99,1,0.04,0.002,0.01,-0.032,-0.032,0.99,False,NO_POSITIVE_MARGINAL_EDGE,event_legs=2;fits_budget=True;gross_top_prefilter=0.01;k=2;min_bundle_outlay=1.032
2026-10-08T01:14:34+00:00,buy_all_no,GOVPARTYGA-26,GOVPARTYGA-26,2,GOVPARTYGA-26-R;GOVPARTYGA-26-D,no;no,0.4600;0.5400,151.56;31.01,0,0.0,1.0,1,0.04,0.002,0.0,-0.042,-0.042,1.0,False,NO_POSITIVE_MARGINAL_EDGE,event_legs=2;fits_budget=True;gross_top_prefilter=0.0;k=2;min_bundle_outlay=1.042
2026-10-08T01:14:34+00:00,buy_all_no,KXCRITICSPROD-27,KXCRITICSPROD-27,16,KXCRITICSPROD-27-ODY;KXCRITICSPROD-27-DUN;KXCRITICSPROD-27-LAB;KXCRITICSPROD-27-WER;KXCRITICSPROD-27-FUR;KXCRITICSPROD-27-PRO;KXCRITICSPROD-27-WUT;KXCRITICSPROD-27-BAC;KXCRITICSPROD-27-SEN;KXCRITICSPROD-27-WIL;KXCRITICSPROD-27-FAT;KXCRITICSPROD-27-WILD;KXCRITICSPROD-27-INK;KXCRITICSPROD-27-DEV;KXCRITICSPROD-27-DIG;KXCRITICSPROD-27-TIE,no;no;no;no;no;no;no;no;no;no;no;no;no;no;no;no,0.5400;0.8500;0.9500;0.9500;0.9500;0.9600;0.9700;0.9700;0.9800;0.9800;0.9800;0.9800;0.9800;0.9800;0.9800;0.9800,2220;3922;7103.68;6714.82;6397.6;7616;8849;3051;8584;8584;8584;8584;8584;9584;9584;6834,0,0.0,14.98,15,0.17,0.016,0.02,-0.166,-0.166,14.98,False,NO_POSITIVE_MARGINAL_EDGE,event_legs=16;fits_budget=False;gross_top_prefilter=0.02;k=16;min_bundle_outlay=15.166
2026-10-08T01:14:34+00:00,buy_all_no,KXCAATTORNEYGENERAL-26,KXCAATTORNEYGENERAL-26,2,KXCAATTORNEYGENERAL-26-RBON;KXCAATTORNEYGENERAL-26-MGAT,no;no,0.0400;0.9600,16584;5552.53,0,0.0,1.0,1,0.02,0.002,0.0,-0.022,-0.022,1.0,False,NO_POSITIVE_MARGINAL_EDGE,event_legs=2;fits_budget=True;gross_top_prefilter=0.0;k=2;min_bundle_outlay=1.022
2026-10-08T01:14:34+00:00,buy_all_no,GOVPARTYTX-26,GOVPARTYTX-26,2,GOVPARTYTX-26-R;GOVPARTYTX-26-D,no;no,0.2600;0.7400,25973.7;1902.11,0,0.0,1.0,1,0.04,0.002,0.0,-0.042,-0.042,1.0,False,NO_POSITIVE_MARGINAL_EDGE,event_legs=2;fits_budget=True;gross_top_prefilter=0.0;k=2;min_bundle_outlay=1.042
2026-10-08T01:14:34+00:00,buy_all_no,CONTROLS-2026,CONTROLS-2026,2,CONTROLS-2026-D;CONTROLS-2026-R,no;no,0.3800;0.6200,13361.1;482.06,0,0.0,1.0,1,0.04,0.002,0.0,-0.042,-0.042,1.0,False,NO_POSITIVE_MARGINAL_EDGE,event_legs=2;fits_budget=True;gross_top_prefilter=0.0;k=2;min_bundle_outlay=1.042
2026-10-08T01:14:34+00:00,buy_all_no,GOVPARTYKS-27,GOVPARTYKS-27,2,GOVPARTYKS-27-R;GOVPARTYKS-27-D,no;no,0.2500;0.7500,1.03;120.11,0,0.0,1.0,1,0.04,0.002,0.0,-0.042,-0.042,1.0,False,NO_POSITIVE_MARGINAL_EDGE,event_legs=2;fits_budget=True;gross_top_prefilter=0.0;k=2;min_bundle_outlay=1.042
2026-10-08T01:14:34+00:00,buy_all_no,GOVPARTYIA-26,GOVPARTYIA-26,2,GOVPARTYIA-26-D;GOVPARTYIA-26-R,no;no,0.1200;0.8800,16089.6;26.67,0,0.0,1.0,1,0.02,0.002,0.0,-0.022,-0.022,1.0,False,NO_POSITIVE_MARGINAL_EDGE,event_legs=2;fits_budget=True;gross_top_prefilter=0.0;k=2;min_bundle_outlay=1.022
2026-10-08T01:14:34+00:00,buy_all_no,GOVPARTYFL-26,GOVPARTYFL-26,2,GOVPARTYFL-26-R;GOVPARTYFL-26-D,no;no,0.2300;0.7700,766.64;249688,0,0.0,1.0,1,0.04,0.002,0.0,-0.042,-0.042,1.0,False,NO_POSITIVE_MARGINAL_EDGE,event_legs=2;fits_budget=True;gross_top_prefilter=0.0;k=2;min_bundle_outlay=1.042
2026-10-08T01:14:34+00:00,buy_all_no,KXHOUSERACE-OH07-26,KXHOUSERACE-OH07-26,2,KXHOUSERACE-OH07-26-D;KXHOUSERACE-OH07-26-R,no;no,0.1900;0.8100,97;642,0,0.0,1.0,1,0.04,0.002,0.0,-0.042,-0.042,1.0,False,NO_POSITIVE_MARGINAL_EDGE,event_legs=2;fits_budget=True;gross_top_prefilter=0.0;k=2;min_bundle_outlay=1.042
2026-10-08T01:14:34+00:00,buy_all_no,KXATTYGENMN-26,KXATTYGENMN-26,2,KXATTYGENMN-26-D;KXATTYGENMN-26-R,no;no,0.2500;0.7500,4817;3733.67,0,0.0,1.0,1,0.04,0.002,0.0,-0.042,-0.042,1.0,False,NO_POSITIVE_MARGINAL_EDGE,event_legs=2;fits_budget=True;gross_top_prefilter=0.0;k=2;min_bundle_outlay=1.042
2026-10-08T01:14:34+00:00,buy_all_no,SENATETX-26,SENATETX-26,2,SENATETX-26-D;SENATETX-26-R,no;no,0.3400;0.6600,31973;3502.78,0,0.0,1.0,1,0.04,0.002,0.0,-0.042,-0.042,1.0,False,NO_POSITIVE_MARGINAL_EDGE,event_legs=2;fits_budget=True;gross_top_prefilter=0.0;k=2;min_bundle_outlay=1.042
2026-10-08T01:14:34+00:00,buy_all_no,GOVPARTYVT-26,GOVPARTYVT-26,2,GOVPARTYVT-26-R;GOVPARTYVT-26-D,no;no,0.2900;0.7100,29;141.01,0,0.0,1.0,1,0.04,0.002,0.0,-0.042,-0.042,1.0,False,NO_POSITIVE_MARGINAL_EDGE,event_legs=2;fits_budget=True;gross_top_prefilter=0.0;k=2;min_bundle_outlay=1.042
2026-10-08T01:14:34+00:00,buy_all_no,KXOHSENGOVCOMBO-26NOV,KXOHSENGOVCOMBO-26NOV,4,KXOHSENGOVCOMBO-26NOV-DEMDEM;KXOHSENGOVCOMBO-26NOV-REPREP;KXOHSENGOVCOMBO-26NOV-DEMREP;KXOHSENGOVCOMBO-26NOV-REPDEM,no;no;no;no,0.4500;0.7500;0.8700;0.9300,28;96;225;15,0,0.0,3.0,3,0.06,0.004,0.0,-0.064,-0.064,3.0,False,NO_POSITIVE_MARGINAL_EDGE,event_legs=4;fits_budget=True;gross_top_prefilter=0.0;k=4;min_bundle_outlay=3.064
2026-10-08T01:14:34+00:00,buy_all_no,SENATEIA-26,SENATEIA-26,2,SENATEIA-26-R;SENATEIA-26-D,no;no,0.4400;0.5600,2;2009.97,0,0.0,1.0,1,0.04,0.002,0.0,-0.042,-0.042,1.0,False,NO_POSITIVE_MARGINAL_EDGE,event_legs=2;fits_budget=True;gross_top_prefilter=0.0;k=2;min_bundle_outlay=1.042
2026-10-08T01:14:34+00:00,buy_all_no,KXHOUSERACE-TX23-26,KXHOUSERACE-TX23-26,2,KXHOUSERACE-TX23-26-R;KXHOUSERACE-TX23-26-D,no;no,0.3700;0.6300,78.76;330.48,0,0.0,1.0,1,0.04,0.002,0.0,-0.042,-0.042,1.0,False,NO_POSITIVE_MARGINAL_EDGE,event_legs=2;fits_budget=True;gross_top_prefilter=0.0;k=2;min_bundle_outlay=1.042
2026-10-08T01:14:34+00:00,buy_all_no,HOUSEMI7-26,HOUSEMI7-26,2,HOUSEMI7-26-D;HOUSEMI7-26-R,no;no,0.4000;0.6000,291.44;4960.38,0,0.0,1.0,1,0.04,0.002,0.0,-0.042,-0.042,1.0,False,NO_POSITIVE_MARGINAL_EDGE,event_legs=2;fits_budget=True;gross_top_prefilter=0.0;k=2;min_bundle_outlay=1.042
2026-10-08T01:14:34+00:00,buy_all_no,KXATTYGENAZ-26,KXATTYGENAZ-26,2,KXATTYGENAZ-26-D;KXATTYGENAZ-26-R,no;no,0.1900;0.8100,10;4614.4,0,0.0,1.0,1,0.04,0.002,0.0,-0.042,-0.042,1.0,False,NO_POSITIVE_MARGINAL_EDGE,event_legs=2;fits_budget=True;gross_top_prefilter=0.0;k=2;min_bundle_outlay=1.042
2026-10-08T01:14:34+00:00,buy_all_no,SENATEAK-26,SENATEAK-26,2,SENATEAK-26-D;SENATEAK-26-R,no;no,0.2400;0.7600,54050;7050.74,0,0.0,1.0,1,0.04,0.002,0.0,-0.042,-0.042,1.0,False,NO_POSITIVE_MARGINAL_EDGE,event_legs=2;fits_budget=True;gross_top_prefilter=0.0;k=2;min_bundle_outlay=1.042
2026-10-08T01:14:34+00:00,buy_all_no,HOUSEIA1-26,HOUSEIA1-26,2,HOUSEIA1-26-D;HOUSEIA1-26-R,no;no,0.1400;0.8600,17.59;20.38,0,0.0,1.0,1,0.02,0.002,0.0,-0.022,-0.022,1.0,False,NO_POSITIVE_MARGINAL_EDGE,event_legs=3;fits_budget=True;gross_top_prefilter=0.0;k=2;min_bundle_outlay=1.022
2026-10-08T01:14:34+00:00,buy_all_no,KXHOUSERACE-TN09-26,KXHOUSERACE-TN09-26,2,KXHOUSERACE-TN09-26-R;KXHOUSERACE-TN09-26-D,no;no,0.1200;0.8800,49;1,0,0.0,1.0,1,0.02,0.002,0.0,-0.022,-0.022,1.0,False,NO_POSITIVE_MARGINAL_EDGE,event_legs=2;fits_budget=True;gross_top_prefilter=0.0;k=2;min_bundle_outlay=1.022
2026-10-08T01:14:34+00:00,buy_all_no,KXMLBSERIES-26CWSCLEALDS,KXMLBSERIES-26CWSCLEALDS,2,KXMLBSERIES-26CWSCLEALDS-CWS;KXMLBSERIES-26CWSCLEALDS-CLE,no;no,0.3100;0.6900,77.99;73.61,0,0.0,1.0,1,0.04,0.002,0.0,-0.042,-0.042,1.0,False,NO_POSITIVE_MARGINAL_EDGE,event_legs=2;fits_budget=True;gross_top_prefilter=0.0;k=2;min_bundle_outlay=1.042
2026-10-08T01:14:34+00:00,buy_all_no,KXNFLGAME-26OCT12BUFLAR,KXNFLGAME-26OCT12BUFLAR,2,KXNFLGAME-26OCT12BUFLAR-LAR;KXNFLGAME-26OCT12BUFLAR-BUF,no;no,0.4000;0.6000,0.14;633.51,0,0.0,1.0,1,0.04,0.002,0.0,-0.042,-0.042,1.0,False,NO_POSITIVE_MARGINAL_EDGE,event_legs=2;fits_budget=True;gross_top_prefilter=0.0;k=2;min_bundle_outlay=1.042
2026-10-08T01:14:34+00:00,buy_all_no,KXHOUSERACE-FL09-26,KXHOUSERACE-FL09-26,2,KXHOUSERACE-FL09-26-R;KXHOUSERACE-FL09-26-D,no;no,0.2900;0.7100,14;29,0,0.0,1.0,1,0.04,0.002,0.0,-0.042,-0.042,1.0,False,NO_POSITIVE_MARGINAL_EDGE,event_legs=2;fits_budget=True;gross_top_prefilter=0.0;k=2;min_bundle_outlay=1.042
2026-10-08T01:14:34+00:00,buy_all_no,KXUFCLHEAVYWEIGHTTITLE-26,KXUFCLHEAVYWEIGHTTITLE-26,2,KXUFCLHEAVYWEIGHTTITLE-26-CULB;KXUFCLHEAVYWEIGHTTITLE-26-MANK,no;no,0.0600;0.9400,306.23;197.67,0,0.0,1.0,1,0.02,0.002,0.0,-0.022,-0.022,1.0,False,NO_POSITIVE_MARGINAL_EDGE,event_legs=10;fits_budget=True;gross_top_prefilter=0.0;k=2;min_bundle_outlay=1.022
2026-10-08T01:14:34+00:00,buy_all_no,KXNFLGAME-26OCT11SFSEA,KXNFLGAME-26OCT11SFSEA,2,KXNFLGAME-26OCT11SFSEA-SEA;KXNFLGAME-26OCT11SFSEA-SF,no;no,0.3900;0.6100,175.41;133.93,0,0.0,1.0,1,0.04,0.002,0.0,-0.042,-0.042,1.0,False,NO_POSITIVE_MARGINAL_EDGE,event_legs=2;fits_budget=True;gross_top_prefilter=0.0;k=2;min_bundle_outlay=1.042
2026-10-08T01:14:34+00:00,buy_all_no,KXBALLONDOR-26,KXBALLONDOR-26,4,KXBALLONDOR-26-HKAN;KXBALLONDOR-26-LYAM;KXBALLONDOR-26-LMES;KXBALLONDOR-26-KMBA,no;no;no;no,0.5000;0.5700;0.9600;0.9700,70.7;4405.65;3034.19;33686,0,0.0,3.0,3,0.06,0.004,0.0,-0.064,-0.064,3.0,False,NO_POSITIVE_MARGINAL_EDGE,event_legs=31;fits_budget=True;gross_top_prefilter=0.0;k=4;min_bundle_outlay=3.064
2026-10-08T01:14:34+00:00,buy_all_no,KXSPAIN2ND-26NOV29-2,KXSPAIN2ND-26NOV29-2,3,KXSPAIN2ND-26NOV29-2-PSOE;KXSPAIN2ND-26NOV29-2-PP;KXSPAIN2ND-26NOV29-2-VOX,no;no;no,0.1500;0.8900;0.9600,5321.94;7428.46;15513.1,0,0.0,2.0,2,0.03,0.003,0.0,-0.033,-0.033,2.0,False,NO_POSITIVE_MARGINAL_EDGE,event_legs=3;fits_budget=True;gross_top_prefilter=0.0;k=3;min_bundle_outlay=2.033
2026-10-08T01:14:34+00:00,buy_all_no,KXNFLGAME-26OCT11LVNE,KXNFLGAME-26OCT11LVNE,2,KXNFLGAME-26OCT11LVNE-NE;KXNFLGAME-26OCT11LVNE-LV,no;no,0.3700;0.6300,142.43;15254.4,0,0.0,1.0,1,0.04,0.002,0.0,-0.042,-0.042,1.0,False,NO_POSITIVE_MARGINAL_EDGE,event_legs=2;fits_budget=True;gross_top_prefilter=0.0;k=2;min_bundle_outlay=1.042
2026-10-08T01:14:34+00:00,buy_all_no,KXLLM1-26OCT12,KXLLM1-26OCT12,2,KXLLM1-26OCT12-GOOG;KXLLM1-26OCT12-ANTH,no;no,0.1100;0.8900,1;25,0,0.0,1.0,1,0.02,0.002,0.0,-0.022,-0.022,1.0,False,NO_POSITIVE_MARGINAL_EDGE,event_legs=9;fits_budget=True;gross_top_prefilter=0.0;k=2;min_bundle_outlay=1.022
2026-10-08T01:14:34+00:00,buy_all_no,KXWODIMATCH-26OCT102350BANAUS,KXWODIMATCH-26OCT102350BANAUS,2,KXWODIMATCH-26OCT102350BANAUS-AUS;KXWODIMATCH-26OCT102350BANAUS-BAN,no;no,0.0400;0.9600,286;300,0,0.0,1.0,1,0.02,0.002,0.0,-0.022,-0.022,1.0,False,NO_POSITIVE_MARGINAL_EDGE,event_legs=2;fits_budget=True;gross_top_prefilter=0.0;k=2;min_bundle_outlay=1.022
2026-10-08T01:14:34+00:00,buy_all_no,KXNCAAFGAME-26OCT10CARKAC,KXNCAAFGAME-26OCT10CARKAC,2,KXNCAAFGAME-26OCT10CARKAC-AC;KXNCAAFGAME-26OCT10CARKAC-CARK,no;no,0.2600;0.7400,0.67;4,0,0.0,1.0,1,0.04,0.002,0.0,-0.042,-0.042,1.0,False,NO_POSITIVE_MARGINAL_EDGE,event_legs=2;fits_budget=True;gross_top_prefilter=0.0;k=2;min_bundle_outlay=1.042
2026-10-08T01:14:34+00:00,buy_all_no,KXCBDECISIONCANADA-26OCT,KXCBDECISIONCANADA-26OCT,2,KXCBDECISIONCANADA-26OCT-H0;KXCBDECISIONCANADA-26OCT-H25,no;no,0.1900;0.8100,6.98;250.6,0,0.0,1.0,1,0.04,0.002,0.0,-0.042,-0.042,1.0,False,NO_POSITIVE_MARGINAL_EDGE,event_legs=5;fits_budget=True;gross_top_prefilter=0.0;k=2;min_bundle_outlay=1.042
2026-10-08T01:14:34+00:00,buy_all_no,KXGOVCA-26,KXGOVCA-26,2,KXGOVCA-26-XBEC;KXGOVCA-26-SHIL,no;no,0.0370;0.9630,18902.7;153.28,0,0.0,1.0,1,0.02,0.002,0.0,-0.022,-0.022,1.0,False,NO_POSITIVE_MARGINAL_EDGE,event_legs=2;fits_budget=True;gross_top_prefilter=0.0;k=2;min_bundle_outlay=1.022
2026-10-08T01:14:34+00:00,buy_all_no,KXNCAAFGAME-26OCT10KENTWMU,KXNCAAFGAME-26OCT10KENTWMU,2,KXNCAAFGAME-26OCT10KENTWMU-WMU;KXNCAAFGAME-26OCT10KENTWMU-KENT,no;no,0.1600;0.8400,3;3875,0,0.0,1.0,1,0.02,0.002,0.0,-0.022,-0.022,1.0,False,NO_POSITIVE_MARGINAL_EDGE,event_legs=2;fits_budget=True;gross_top_prefilter=0.0;k=2;min_bundle_outlay=1.022
2026-10-08T01:14:34+00:00,buy_all_no,KXEPLGAME-26OCT11LFCMCI,KXEPLGAME-26OCT11LFCMCI,3,KXEPLGAME-26OCT11LFCMCI-MCI;KXEPLGAME-26OCT11LFCMCI-LFC;KXEPLGAME-26OCT11LFCMCI-TIE,no;no;no,0.6200;0.6300;0.7500,619.76;70.02;9526.56,0,0.0,2.0,2,0.06,0.003,0.0,-0.063,-0.063,2.0,False,NO_POSITIVE_MARGINAL_EDGE,event_legs=3;fits_budget=True;gross_top_prefilter=0.0;k=3;min_bundle_outlay=2.063
2026-10-08T01:14:34+00:00,buy_all_no,KXNCAAFGAME-26OCT10TEXOKLA,KXNCAAFGAME-26OCT10TEXOKLA,2,KXNCAAFGAME-26OCT10TEXOKLA-TEX;KXNCAAFGAME-26OCT10TEXOKLA-OKLA,no;no,0.2500;0.7500,13452;6156.86,0,0.0,1.0,1,0.04,0.002,0.0,-0.042,-0.042,1.0,False,NO_POSITIVE_MARGINAL_EDGE,event_legs=2;fits_budget=True;gross_top_prefilter=0.0;k=2;min_bundle_outlay=1.042
2026-10-08T01:14:34+00:00,buy_all_no,KXNCAAFGAME-26OCT10ODUAPP,KXNCAAFGAME-26OCT10ODUAPP,2,KXNCAAFGAME-26OCT10ODUAPP-APP;KXNCAAFGAME-26OCT10ODUAPP-ODU,no;no,0.2300;0.7700,245;60,0,0.0,1.0,1,0.04,0.002,0.0,-0.042,-0.042,1.0,False,NO_POSITIVE_MARGINAL_EDGE,event_legs=2;fits_budget=True;gross_top_prefilter=0.0;k=2;min_bundle_outlay=1.042
2026-10-08T01:14:34+00:00,buy_all_no,KXUFCFIGHT-26OCT10PRABON,KXUFCFIGHT-26OCT10PRABON,2,KXUFCFIGHT-26OCT10PRABON-PRA;KXUFCFIGHT-26OCT10PRABON-BON,no;no,0.5000;0.5000,11188.8;366.76,0,0.0,1.0,1,0.04,0.002,0.0,-0.042,-0.042,1.0,False,NO_POSITIVE_MARGINAL_EDGE,event_legs=2;fits_budget=True;gross_top_prefilter=0.0;k=2;min_bundle_outlay=1.042
2026-10-08T01:14:34+00:00,buy_all_no,KXEPLGAME-26OCT10MUNTOT,KXEPLGAME-26OCT10MUNTOT,3,KXEPLGAME-26OCT10MUNTOT-MUN;KXEPLGAME-26OCT10MUNTOT-TIE;KXEPLGAME-26OCT10MUNTOT-TOT,no;no;no,0.4300;0.7800;0.7900,5947.66;245;24.82,0,0.0,2.0,2,0.06,0.003,0.0,-0.063,-0.063,2.0,False,NO_POSITIVE_MARGINAL_EDGE,event_legs=3;fits_budget=True;gross_top_prefilter=0.0;k=3;min_bundle_outlay=2.063
2026-10-08T01:14:34+00:00,buy_all_no,KXNCAAFGAME-26OCT09WSUUSU,KXNCAAFGAME-26OCT09WSUUSU,2,KXNCAAFGAME-26OCT09WSUUSU-USU;KXNCAAFGAME-26OCT09WSUUSU-WSU,no;no,0.3500;0.6500,243;272.77,0,0.0,1.0,1,0.04,0.002,0.0,-0.042,-0.042,1.0,False,NO_POSITIVE_MARGINAL_EDGE,event_legs=2;fits_budget=True;gross_top_prefilter=0.0;k=2;min_bundle_outlay=1.042
2026-10-08T01:14:34+00:00,buy_all_no,KXFEDDECISION-26DEC,KXFEDDECISION-26DEC,4,KXFEDDECISION-26DEC-H25;KXFEDDECISION-26DEC-H0;KXFEDDECISION-26DEC-C25;KXFEDDECISION-26DEC-H26,no;no;no;no,0.3000;0.7400;0.9800;0.9800,1200;1642.22;42;5008.36,0,0.0,3.0,3,0.06,0.004,0.0,-0.064,-0.064,3.0,False,NO_POSITIVE_MARGINAL_EDGE,event_legs=5;fits_budget=True;gross_top_prefilter=0.0;k=4;min_bundle_outlay=3.064
2026-10-08T01:14:34+00:00,buy_all_no,KXNCAAFGAME-26OCT10JMUGASO,KXNCAAFGAME-26OCT10JMUGASO,2,KXNCAAFGAME-26OCT10JMUGASO-JMU;KXNCAAFGAME-26OCT10JMUGASO-GASO,no;no,0.2600;0.7400,2.4;3162,0,0.0,1.0,1,0.04,0.002,0.0,-0.042,-0.042,1.0,False,NO_POSITIVE_MARGINAL_EDGE,event_legs=2;fits_budget=True;gross_top_prefilter=0.0;k=2;min_bundle_outlay=1.042
2026-10-08T01:14:34+00:00,buy_all_no,KXNCAAFGAME-26OCT10SDSUORST,KXNCAAFGAME-26OCT10SDSUORST,2,KXNCAAFGAME-26OCT10SDSUORST-ORST;KXNCAAFGAME-26OCT10SDSUORST-SDSU,no;no,0.1500;0.8500,6111;41.84,0,0.0,1.0,1,0.02,0.002,0.0,-0.022,-0.022,1.0,False,NO_POSITIVE_MARGINAL_EDGE,event_legs=2;fits_budget=True;gross_top_prefilter=0.0;k=2;min_bundle_outlay=1.022
2026-10-08T01:14:34+00:00,buy_all_no,KXNCAAFGAME-26OCT10TULNARMY,KXNCAAFGAME-26OCT10TULNARMY,2,KXNCAAFGAME-26OCT10TULNARMY-ARMY;KXNCAAFGAME-26OCT10TULNARMY-TULN,no;no,0.4000;0.6100,41.44;13506.4,0,0.0,1.01,1,0.04,0.002,-0.01,-0.052,-0.052,1.01,False,NO_POSITIVE_MARGINAL_EDGE,event_legs=2;fits_budget=True;gross_top_prefilter=0.0;k=2;min_bundle_outlay=1.052
2026-10-08T01:14:34+00:00,buy_all_no,KXR6GAME-26OCT081100DZC9,KXR6GAME-26OCT081100DZC9,2,KXR6GAME-26OCT081100DZC9-DZ;KXR6GAME-26OCT081100DZC9-C9,no;no,0.3400;0.6600,13.04;20,0,0.0,1.0,1,0.04,0.002,0.0,-0.042,-0.042,1.0,False,NO_POSITIVE_MARGINAL_EDGE,event_legs=2;fits_budget=True;gross_top_prefilter=0.0;k=2;min_bundle_outlay=1.042
2026-10-08T01:14:34+00:00,buy_all_no,KXNBAGAME-26OCT09HOUDAL,KXNBAGAME-26OCT09HOUDAL,2,KXNBAGAME-26OCT09HOUDAL-DAL;KXNBAGAME-26OCT09HOUDAL-HOU,no;no,0.3400;0.6600,1.76;144.01,0,0.0,1.0,1,0.04,0.002,0.0,-0.042,-0.042,1.0,False,NO_POSITIVE_MARGINAL_EDGE,event_legs=2;fits_budget=True;gross_top_prefilter=0.0;k=2;min_bundle_outlay=1.042
2026-10-08T01:14:34+00:00,buy_all_no,KXITFMATCH-26OCT08BOUDAL,KXITFMATCH-26OCT08BOUDAL,2,KXITFMATCH-26OCT08BOUDAL-DAL;KXITFMATCH-26OCT08BOUDAL-BOU,no;no,0.3500;0.6500,14;50,0,0.0,1.0,1,0.04,0.002,0.0,-0.042,-0.042,1.0,False,NO_POSITIVE_MARGINAL_EDGE,event_legs=2;fits_budget=True;gross_top_prefilter=0.0;k=2;min_bundle_outlay=1.042
2026-10-08T01:14:34+00:00,buy_all_no,KXNHLGAME-26OCT08VANCAR,KXNHLGAME-26OCT08VANCAR,2,KXNHLGAME-26OCT08VANCAR-CAR;KXNHLGAME-26OCT08VANCAR-VAN,no;no,0.2500;0.7500,39.93;1922,0,0.0,1.0,1,0.04,0.002,0.0,-0.042,-0.042,1.0,False,NO_POSITIVE_MARGINAL_EDGE,event_legs=2;fits_budget=True;gross_top_prefilter=0.0;k=2;min_bundle_outlay=1.042
2026-10-08T01:14:34+00:00,buy_all_no,KXOWGAME-26OCT090700ZETASEI,KXOWGAME-26OCT090700ZETASEI,2,KXOWGAME-26OCT090700ZETASEI-ZETA;KXOWGAME-26OCT090700ZETASEI-SEI,no;no,0.0400;0.9600,226.05;248.32,0,0.0,1.0,1,0.02,0.002,0.0,-0.022,-0.022,1.0,False,NO_POSITIVE_MARGINAL_EDGE,event_legs=2;fits_budget=True;gross_top_prefilter=0.0;k=2;min_bundle_outlay=1.022
2026-10-08T01:14:34+00:00,buy_all_no,KXNHLGAME-26OCT08COLCGY,KXNHLGAME-26OCT08COLCGY,2,KXNHLGAME-26OCT08COLCGY-COL;KXNHLGAME-26OCT08COLCGY-CGY,no;no,0.3200;0.6800,368;117.56,0,0.0,1.0,1,0.04,0.002,0.0,-0.042,-0.042,1.0,False,NO_POSITIVE_MARGINAL_EDGE,event_legs=2;fits_budget=True;gross_top_prefilter=0.0;k=2;min_bundle_outlay=1.042
2026-10-08T01:14:34+00:00,buy_all_no,KXWTACHALLENGERMATCH-26OCT07KALKOR,KXWTACHALLENGERMATCH-26OCT07KALKOR,2,KXWTACHALLENGERMATCH-26OCT07KALKOR-KAL;KXWTACHALLENGERMATCH-26OCT07KALKOR-KOR,no;no,0.5000;0.5000,429;2948.1,0,0.0,1.0,1,0.04,0.002,0.0,-0.042,-0.042,1.0,False,NO_POSITIVE_MARGINAL_EDGE,event_legs=2;fits_budget=True;gross_top_prefilter=0.0;k=2;min_bundle_outlay=1.042
2026-10-08T01:14:34+00:00,buy_all_no,KXITFMATCH-26OCT08KOSRAH,KXITFMATCH-26OCT08KOSRAH,2,KXITFMATCH-26OCT08KOSRAH-RAH;KXITFMATCH-26OCT08KOSRAH-KOS,no;no,0.1800;0.8200,55;30,0,0.0,1.0,1,0.04,0.002,0.0,-0.042,-0.042,1.0,False,NO_POSITIVE_MARGINAL_EDGE,event_legs=2;fits_budget=True;gross_top_prefilter=0.0;k=2;min_bundle_outlay=1.042
2026-10-08T01:14:34+00:00,buy_all_no,KXCS2GAME-26OCT081300BLASIN,KXCS2GAME-26OCT081300BLASIN,2,KXCS2GAME-26OCT081300BLASIN-BLA;KXCS2GAME-26OCT081300BLASIN-SIN,no;no,0.5000;0.5000,99;276,0,0.0,1.0,1,0.04,0.002,0.0,-0.042,-0.042,1.0,False,NO_POSITIVE_MARGINAL_EDGE,event_legs=2;fits_budget=True;gross_top_prefilter=0.0;k=2;min_bundle_outlay=1.042
2026-10-08T01:14:34+00:00,buy_all_no,KXWNBAGAME-26OCT07LVGS,KXWNBAGAME-26OCT07LVGS,2,KXWNBAGAME-26OCT07LVGS-GS;KXWNBAGAME-26OCT07LVGS-LV,no;no,0.4700;0.5300,64472.4;74894.1,0,0.0,1.0,1,0.04,0.002,0.0,-0.042,-0.042,1.0,False,NO_POSITIVE_MARGINAL_EDGE,event_legs=2;fits_budget=True;gross_top_prefilter=0.0;k=2;min_bundle_outlay=1.042
2026-10-08T01:14:34+00:00,buy_all_no,KXT20MATCH-26OCT072115THAKUW,KXT20MATCH-26OCT072115THAKUW,2,KXT20MATCH-26OCT072115THAKUW-KUW;KXT20MATCH-26OCT072115THAKUW-THA,no;no,0.1100;0.9000,198;273.01,0,0.0,1.01,1,0.02,0.002,-0.01,-0.032,-0.032,1.01,False,NO_POSITIVE_MARGINAL_EDGE,event_legs=2;fits_budget=True;gross_top_prefilter=0.0;k=2;min_bundle_outlay=1.032
2026-10-08T01:14:34+00:00,buy_all_no,KXATPMATCH-26OCT06MUNBRO,KXATPMATCH-26OCT06MUNBRO,2,KXATPMATCH-26OCT06MUNBRO-MUN;KXATPMATCH-26OCT06MUNBRO-BRO,no;no,0.3600;0.6400,7412.95;2065,0,0.0,1.0,1,0.04,0.002,0.0,-0.042,-0.042,1.0,False,NO_POSITIVE_MARGINAL_EDGE,event_legs=2;fits_budget=True;gross_top_prefilter=0.0;k=2;min_bundle_outlay=1.042
2026-10-08T01:14:34+00:00,buy_all_no,KXATPMATCH-26OCT06HURDUC,KXATPMATCH-26OCT06HURDUC,2,KXATPMATCH-26OCT06HURDUC-HUR;KXATPMATCH-26OCT06HURDUC-DUC,no;no,0.3000;0.7000,1016.92;706.92,0,0.0,1.0,1,0.04,0.002,0.0,-0.042,-0.042,1.0,False,NO_POSITIVE_MARGINAL_EDGE,event_legs=2;fits_budget=True;gross_top_prefilter=0.0;k=2;min_bundle_outlay=1.042
2026-10-08T01:14:34+00:00,buy_all_no,KXATPMATCH-26OCT06BORDIA,KXATPMATCH-26OCT06BORDIA,2,KXATPMATCH-26OCT06BORDIA-BOR;KXATPMATCH-26OCT06BORDIA-DIA,no;no,0.2500;0.7500,518.81;7604,0,0.0,1.0,1,0.04,0.002,0.0,-0.042,-0.042,1.0,False,NO_POSITIVE_MARGINAL_EDGE,event_legs=2;fits_budget=True;gross_top_prefilter=0.0;k=2;min_bundle_outlay=1.042
2026-10-08T01:14:34+00:00,buy_all_no,GOVPARTYAL-26,GOVPARTYAL-26,2,GOVPARTYAL-26-R;GOVPARTYAL-26-D,no;no,0.0850;0.9160,103.33;56,0,0.0,1.001,1,0.02,0.002,-0.001,-0.023,-0.023,1.001,False,NO_POSITIVE_MARGINAL_EDGE,event_legs=2;fits_budget=True;gross_top_prefilter=-0.001;k=2;min_bundle_outlay=1.023
2026-10-08T01:14:34+00:00,buy_all_no,KXNHLGAME-26OCT08UTABOS,KXNHLGAME-26OCT08UTABOS,2,KXNHLGAME-26OCT08UTABOS-UTA;KXNHLGAME-26OCT08UTABOS-BOS,no;no,0.4700;0.5300,368;12.57,0,0.0,1.0,1,0.04,0.002,0.0,-0.042,-0.042,1.0,False,NO_POSITIVE_MARGINAL_EDGE,event_legs=2;fits_budget=True;gross_top_prefilter=0.0;k=2;min_bundle_outlay=1.042
2026-10-08T01:14:34+00:00,buy_all_no,SENATENC-26,SENATENC-26,2,SENATENC-26-D;SENATENC-26-R,no;no,0.0310;0.9700,151.73;2,0,0.0,1.001,1,0.02,0.002,-0.001,-0.023,-0.023,1.001,False,NO_POSITIVE_MARGINAL_EDGE,event_legs=2;fits_budget=True;gross_top_prefilter=-0.001;k=2;min_bundle_outlay=1.023
2026-10-08T01:14:34+00:00,buy_all_no,KXLNBPGAME-26OCT072115ABECOR,KXLNBPGAME-26OCT072115ABECOR,2,KXLNBPGAME-26OCT072115ABECOR-ABE;KXLNBPGAME-26OCT072115ABECOR-COR,no;no,0.2100;0.8100,24;3,0,0.0,1.02,1,0.04,0.002,-0.02,-0.062,-0.062,1.02,False,NO_POSITIVE_MARGINAL_EDGE,event_legs=2;fits_budget=True;gross_top_prefilter=0.0;k=2;min_bundle_outlay=1.062
2026-10-08T01:14:34+00:00,buy_all_no,GOVPARTYMA-26,GOVPARTYMA-26,2,GOVPARTYMA-26-D;GOVPARTYMA-26-R,no;no,0.0500;0.9510,550;701,0,0.0,1.001,1,0.02,0.002,-0.001,-0.023,-0.023,1.001,False,NO_POSITIVE_MARGINAL_EDGE,event_legs=2;fits_budget=True;gross_top_prefilter=-0.001;k=2;min_bundle_outlay=1.023
2026-10-08T01:14:34+00:00,buy_all_no,KXATPSETWINNER-26OCT06VANMER-1,KXATPSETWINNER-26OCT06VANMER-1,2,KXATPSETWINNER-26OCT06VANMER-1-VAN;KXATPSETWINNER-26OCT06VANMER-1-MER,no;no,0.4900;0.5100,1794;0.02,0,0.0,1.0,1,0.04,0.002,0.0,-0.042,-0.042,1.0,False,NO_POSITIVE_MARGINAL_EDGE,event_legs=2;fits_budget=True;gross_top_prefilter=0.0;k=2;min_bundle_outlay=1.042
2026-10-08T01:14:34+00:00,buy_all_no,GOVPARTYNH-28,GOVPARTYNH-28,2,GOVPARTYNH-28-R;GOVPARTYNH-28-D,no;no,0.0740;0.9300,118.87;844.86,0,0.0,1.004,1,0.02,0.002,-0.004,-0.026,-0.026,1.004,False,NO_POSITIVE_MARGINAL_EDGE,event_legs=2;fits_budget=True;gross_top_prefilter=-0.004;k=2;min_bundle_outlay=1.026
2026-10-08T01:14:34+00:00,buy_all_no,KXATPMATCH-26OCT06MARSVA,KXATPMATCH-26OCT06MARSVA,2,KXATPMATCH-26OCT06MARSVA-MAR;KXATPMATCH-26OCT06MARSVA-SVA,no;no,0.4500;0.5500,774;150,0,0.0,1.0,1,0.04,0.002,0.0,-0.042,-0.042,1.0,False,NO_POSITIVE_MARGINAL_EDGE,event_legs=2;fits_budget=True;gross_top_prefilter=0.0;k=2;min_bundle_outlay=1.042
2026-10-08T01:14:34+00:00,buy_all_no,SENATELA-26,SENATELA-26,2,SENATELA-26-R;SENATELA-26-D,no;no,0.0380;0.9670,40;564,0,0.0,1.005,1,0.02,0.002,-0.005,-0.027,-0.027,1.005,False,NO_POSITIVE_MARGINAL_EDGE,event_legs=2;fits_budget=True;gross_top_prefilter=-0.005;k=2;min_bundle_outlay=1.027
2026-10-08T01:14:34+00:00,buy_all_no,SENATEGA-26,SENATEGA-26,2,SENATEGA-26-D;SENATEGA-26-R,no;no,0.0370;0.9660,2719.22;32.09,0,0.0,1.003,1,0.02,0.002,-0.003,-0.025,-0.025,1.003,False,NO_POSITIVE_MARGINAL_EDGE,event_legs=2;fits_budget=True;gross_top_prefilter=-0.003;k=2;min_bundle_outlay=1.025
2026-10-08T01:14:34+00:00,buy_all_no,KXHOUSERACE-TN05-26,KXHOUSERACE-TN05-26,2,KXHOUSERACE-TN05-26-R;KXHOUSERACE-TN05-26-D,no;no,0.0820;0.9220,100;78.47,0,0.0,1.004,1,0.02,0.002,-0.004,-0.026,-0.026,1.004,False,NO_POSITIVE_MARGINAL_EDGE,event_legs=2;fits_budget=True;gross_top_prefilter=-0.004;k=2;min_bundle_outlay=1.026
2026-10-08T01:14:34+00:00,buy_all_no,KXITFMATCH-26OCT07DELCHI,KXITFMATCH-26OCT07DELCHI,2,KXITFMATCH-26OCT07DELCHI-DEL;KXITFMATCH-26OCT07DELCHI-CHI,no;no,0.1000;0.9000,9;35,0,0.0,1.0,1,0.02,0.002,0.0,-0.022,-0.022,1.0,False,NO_POSITIVE_MARGINAL_EDGE,event_legs=2;fits_budget=True;gross_top_prefilter=0.0;k=2;min_bundle_outlay=1.022
2026-10-08T01:14:34+00:00,buy_all_no,HOUSECA21-26,HOUSECA21-26,2,HOUSECA21-26-D;HOUSECA21-26-R,no;no,0.0540;0.9510,47;1297,0,0.0,1.005,1,0.02,0.002,-0.005,-0.027,-0.027,1.005,False,NO_POSITIVE_MARGINAL_EDGE,event_legs=2;fits_budget=True;gross_top_prefilter=-0.005;k=2;min_bundle_outlay=1.027
2026-10-08T01:14:34+00:00,buy_all_no,KXBRASILEIROGAME-26OCT07BOTVDG,KXBRASILEIROGAME-26OCT07BOTVDG,3,KXBRASILEIROGAME-26OCT07BOTVDG-VDG;KXBRASILEIROGAME-26OCT07BOTVDG-TIE;KXBRASILEIROGAME-26OCT07BOTVDG-BOT,no;no;no,0.1800;0.8450;0.9800,3134.52;4624.15;12,0,0.0,2.005,2,0.04,0.003,-0.005,-0.048,-0.048,2.005,False,NO_POSITIVE_MARGINAL_EDGE,event_legs=3;fits_budget=True;gross_top_prefilter=-0.005;k=3;min_bundle_outlay=2.048
2026-10-08T01:14:34+00:00,buy_all_no,KXITFMATCH-26OCT07EHRMUK,KXITFMATCH-26OCT07EHRMUK,2,KXITFMATCH-26OCT07EHRMUK-EHR;KXITFMATCH-26OCT07EHRMUK-MUK,no;no,0.3300;0.6700,4.01;2,0,0.0,1.0,1,0.04,0.002,0.0,-0.042,-0.042,1.0,False,NO_POSITIVE_MARGINAL_EDGE,event_legs=2;fits_budget=True;gross_top_prefilter=0.0;k=2;min_bundle_outlay=1.042
2026-10-08T01:14:34+00:00,buy_all_no,KXBRASILEIROGAME-26OCT08FLUCFC,KXBRASILEIROGAME-26OCT08FLUCFC,3,KXBRASILEIROGAME-26OCT08FLUCFC-FLU;KXBRASILEIROGAME-26OCT08FLUCFC-TIE;KXBRASILEIROGAME-26OCT08FLUCFC-CFC,no;no;no,0.3500;0.7850;0.8700,498;7;1986.47,0,0.0,2.005,2,0.05,0.003,-0.005,-0.058,-0.058,2.005,False,NO_POSITIVE_MARGINAL_EDGE,event_legs=3;fits_budget=True;gross_top_prefilter=-0.005;k=3;min_bundle_outlay=2.058
2026-10-08T01:14:34+00:00,buy_all_no,KXHOUSERACE-MI01-26,KXHOUSERACE-MI01-26,2,KXHOUSERACE-MI01-26-R;KXHOUSERACE-MI01-26-D,no;no,0.1000;0.9040,1.67;1.23,0,0.0,1.004,1,0.02,0.002,-0.004,-0.026,-0.026,1.004,False,NO_POSITIVE_MARGINAL_EDGE,event_legs=2;fits_budget=True;gross_top_prefilter=-0.004;k=2;min_bundle_outlay=1.026
2026-10-08T01:14:34+00:00,buy_all_no,GOVPARTYCA-26,GOVPARTYCA-26,2,GOVPARTYCA-26-D;GOVPARTYCA-26-R,no;no,0.0380;0.9690,528.9;2.25,0,0.0,1.007,1,0.02,0.002,-0.007,-0.029,-0.029,1.007,False,NO_POSITIVE_MARGINAL_EDGE,event_legs=2;fits_budget=True;gross_top_prefilter=-0.007;k=2;min_bundle_outlay=1.029
2026-10-08T01:14:34+00:00,buy_all_no,KXATTYGENID-26,KXATTYGENID-26,2,KXATTYGENID-26-R;KXATTYGENID-26-D,no;no,0.0390;0.9660,1100;2644,0,0.0,1.005,1,0.02,0.002,-0.005,-0.027,-0.027,1.005,False,NO_POSITIVE_MARGINAL_EDGE,event_legs=2;fits_budget=True;gross_top_prefilter=-0.005;k=2;min_bundle_outlay=1.027
2026-10-08T01:14:34+00:00,buy_all_no,GOVPARTYCO-26,GOVPARTYCO-26,2,GOVPARTYCO-26-D;GOVPARTYCO-26-R,no;no,0.0390;0.9690,292.67;449.33,0,0.0,1.008,1,0.02,0.002,-0.008,-0.03,-0.03,1.008,False,NO_POSITIVE_MARGINAL_EDGE,event_legs=2;fits_budget=True;gross_top_prefilter=-0.008;k=2;min_bundle_outlay=1.03
2026-10-08T01:14:34+00:00,buy_all_no,GOVPARTYPA-26,GOVPARTYPA-26,2,GOVPARTYPA-26-D;GOVPARTYPA-26-R,no;no,0.0260;0.9780,28;866.38,0,0.0,1.004,1,0.02,0.002,-0.004,-0.026,-0.026,1.004,False,NO_POSITIVE_MARGINAL_EDGE,event_legs=2;fits_budget=True;gross_top_prefilter=-0.004;k=2;min_bundle_outlay=1.026
2026-10-08T01:14:34+00:00,buy_all_no,SENATESD-26,SENATESD-26,2,SENATESD-26-R;SENATESD-26-BBEN,no;no,0.0790;0.9300,52.57;6525.77,0,0.0,1.009,1,0.02,0.002,-0.009,-0.031,-0.031,1.009,False,NO_POSITIVE_MARGINAL_EDGE,event_legs=3;fits_budget=True;gross_top_prefilter=-0.009;k=2;min_bundle_outlay=1.031
2026-10-08T01:14:34+00:00,buy_all_no,KXLOSEREELECTIONDSEN-2026,KXLOSEREELECTIONDSEN-2026,3,KXLOSEREELECTIONDSEN-2026-0;KXLOSEREELECTIONDSEN-2026-2;KXLOSEREELECTIONDSEN-2026-1,no;no;no,0.0580;0.9700;0.9800,2410.01;0.01;4774,0,0.0,2.008,2,0.03,0.003,-0.008,-0.041,-0.041,2.008,False,NO_POSITIVE_MARGINAL_EDGE,event_legs=6;fits_budget=True;gross_top_prefilter=-0.008;k=3;min_bundle_outlay=2.041
2026-10-08T01:14:34+00:00,buy_all_no,KXBRASILEIROGAME-26OCT07CRUSPA,KXBRASILEIROGAME-26OCT07CRUSPA,3,KXBRASILEIROGAME-26OCT07CRUSPA-CRU;KXBRASILEIROGAME-26OCT07CRUSPA-TIE;KXBRASILEIROGAME-26OCT07CRUSPA-SPA,no;no;no,0.2500;0.8200;0.9450,1839.1;992;2812.54,0,0.0,2.015,2,0.05,0.003,-0.015,-0.068,-0.068,2.015,False,NO_POSITIVE_MARGINAL_EDGE,event_legs=3;fits_budget=True;gross_top_prefilter=-0.005;k=3;min_bundle_outlay=2.068
2026-10-08T01:14:34+00:00,buy_all_no,KXGOVAK-26,KXGOVAK-26,3,KXGOVAK-26-JKRE;KXGOVAK-26-BWIL;KXGOVAK-26-TTAY,no;no;no,0.2300;0.7900;0.9860,52.06;0.71;63,0,0.0,2.006,2,0.05,0.003,-0.006,-0.059,-0.059,2.006,False,NO_POSITIVE_MARGINAL_EDGE,event_legs=16;fits_budget=True;gross_top_prefilter=-0.006;k=3;min_bundle_outlay=2.059
2026-10-08T01:14:34+00:00,buy_all_no,GOVPARTYMN-26,GOVPARTYMN-26,2,GOVPARTYMN-26-D;GOVPARTYMN-26-R,no;no,0.0550;0.9520,500.34;57.87,0,0.0,1.007,1,0.02,0.002,-0.007,-0.029,-0.029,1.007,False,NO_POSITIVE_MARGINAL_EDGE,event_legs=2;fits_budget=True;gross_top_prefilter=-0.007;k=2;min_bundle_outlay=1.029
2026-10-08T01:14:34+00:00,buy_all_no,SENATEID-26,SENATEID-26,2,SENATEID-26-R;SENATEID-26-TACH,no;no,0.0790;0.9300,437;32362.3,0,0.0,1.009,1,0.02,0.002,-0.009,-0.031,-0.031,1.009,False,NO_POSITIVE_MARGINAL_EDGE,event_legs=3;fits_budget=True;gross_top_prefilter=-0.009;k=2;min_bundle_outlay=1.031
2026-10-08T01:14:34+00:00,buy_all_no,KXBALANCEPOWERCOMBO-27FEB,KXBALANCEPOWERCOMBO-27FEB,3,KXBALANCEPOWERCOMBO-27FEB-DD;KXBALANCEPOWERCOMBO-27FEB-DR;KXBALANCEPOWERCOMBO-27FEB-RR,no;no;no,0.3900;0.7200;0.9000,23.81;39575;3500,0,0.0,2.01,2,0.05,0.003,-0.01,-0.063,-0.063,2.01,False,NO_POSITIVE_MARGINAL_EDGE,event_legs=4;fits_budget=True;gross_top_prefilter=-0.01;k=3;min_bundle_outlay=2.063
2026-10-08T01:14:34+00:00,buy_all_no,GOVPARTYTN-26,GOVPARTYTN-26,2,GOVPARTYTN-26-R;GOVPARTYTN-26-D,no;no,0.0590;0.9500,1000;1497.47,0,0.0,1.009,1,0.02,0.002,-0.009,-0.031,-0.031,1.009,False,NO_POSITIVE_MARGINAL_EDGE,event_legs=2;fits_budget=True;gross_top_prefilter=-0.009;k=2;min_bundle_outlay=1.031
2026-10-08T01:14:34+00:00,buy_all_no,KXMNSENGOVCOMBO-26NOV,KXMNSENGOVCOMBO-26NOV,3,KXMNSENGOVCOMBO-26NOV-DEMDEM;KXMNSENGOVCOMBO-26NOV-DEMREP;KXMNSENGOVCOMBO-26NOV-REPDEM,no;no;no,0.1300;0.9100;0.9700,1987.45;150;60,0,0.0,2.01,2,0.03,0.003,-0.01,-0.043,-0.043,2.01,False,NO_POSITIVE_MARGINAL_EDGE,event_legs=4;fits_budget=True;gross_top_prefilter=-0.01;k=3;min_bundle_outlay=2.043
2026-10-08T01:14:34+00:00,buy_all_no,KXPRESPARTY-2028,KXPRESPARTY-2028,2,KXPRESPARTY-2028-D;KXPRESPARTY-2028-R,no;no,0.4200;0.5900,1546.8;413.92,0,0.0,1.01,1,0.04,0.002,-0.01,-0.052,-0.052,1.01,False,NO_POSITIVE_MARGINAL_EDGE,event_legs=2;fits_budget=True;gross_top_prefilter=-0.01;k=2;min_bundle_outlay=1.052
2026-10-08T01:14:34+00:00,buy_all_no,KXNFLNFCNORTH-27,KXNFLNFCNORTH-27,4,KXNFLNFCNORTH-27-MIN;KXNFLNFCNORTH-27-CHI;KXNFLNFCNORTH-27-DET;KXNFLNFCNORTH-27-GB,no;no;no;no,0.6300;0.7200;0.7400;0.9200,4244.9;208212;28.97;6986.43,0,0.0,3.01,3,0.07,0.004,-0.01,-0.084,-0.084,3.01,False,NO_POSITIVE_MARGINAL_EDGE,event_legs=4;fits_budget=True;gross_top_prefilter=-0.01;k=4;min_bundle_outlay=3.084
2026-10-08T01:14:34+00:00,buy_all_no,KXNASCARRACE-BANOA26,KXNASCARRACE-BANOA26,14,KXNASCARRACE-BANOA26-CHBE;KXNASCARRACE-BANOA26-DEHA;KXNASCARRACE-BANOA26-KYLA;KXNASCARRACE-BANOA26-CHBR;KXNASCARRACE-BANOA26-TYRE;KXNASCARRACE-BANOA26-RYBL;KXNASCARRACE-BANOA26-TYGI;KXNASCARRACE-BANOA26-WIBY;KXNASCARRACE-BANOA26-JOLO;KXNASCARRACE-BANOA26-BUWA;KXNASCARRACE-BANOA26-CHEL;KXNASCARRACE-BANOA26-CAHO;KXNASCARRACE-BANOA26-AUCI;KXNASCARRACE-BANOA26-COHE,no;no;no;no;no;no;no;no;no;no;no;no;no;no,0.8400;0.8500;0.8500;0.8800;0.9100;0.9400;0.9400;0.9500;0.9700;0.9700;0.9700;0.9700;0.9800;0.9800,7.63;20.1;100;89;100;25.08;401.32;123.6;2146.74;11044;559;1198.49;895.12;100,0,0.0,13.0,13,0.14,0.014,0.0,-0.154,-0.154,13.0,False,NO_POSITIVE_MARGINAL_EDGE,event_legs=39;fits_budget=False;gross_top_prefilter=0.0;k=14;min_bundle_outlay=13.154
2026-10-08T01:14:34+00:00,buy_all_no,CONTROLH-2026,CONTROLH-2026,2,CONTROLH-2026-D;CONTROLH-2026-R,no;no,0.1100;0.9000,241699;140453,0,0.0,1.01,1,0.02,0.002,-0.01,-0.032,-0.032,1.01,False,NO_POSITIVE_MARGINAL_EDGE,event_legs=2;fits_budget=True;gross_top_prefilter=-0.01;k=2;min_bundle_outlay=1.032
2026-10-08T01:14:34+00:00,buy_all_no,KXRHOUSESEATS-27,KXRHOUSESEATS-27,9,KXRHOUSESEATS-27-193;KXRHOUSESEATS-27-200;KXRHOUSESEATS-27-205;KXRHOUSESEATS-27-195;KXRHOUSESEATS-27-210;KXRHOUSESEATS-27-215;KXRHOUSESEATS-27-220;KXRHOUSESEATS-27-225;KXRHOUSESEATS-27-230,no;no;no;no;no;no;no;no;no,0.6900;0.8300;0.8500;0.8600;0.9140;0.9460;0.9550;0.9770;0.9840,513.18;144.65;554.2;1388.29;39;4;18.45;20.98;250,0,0.0,8.006,8,0.1,0.009,-0.006,-0.115,-0.115,8.006,False,NO_POSITIVE_MARGINAL_EDGE,event_legs=11;fits_budget=True;gross_top_prefilter=-0.006;k=9;min_bundle_outlay=8.115
2026-10-08T01:14:34+00:00,buy_all_no,KXHOUSERACE-VA05-26,KXHOUSERACE-VA05-26,2,KXHOUSERACE-VA05-26-R;KXHOUSERACE-VA05-26-D,no;no,0.2300;0.7800,5139;3746.84,0,0.0,1.01,1,0.04,0.002,-0.01,-0.052,-0.052,1.01,False,NO_POSITIVE_MARGINAL_EDGE,event_legs=2;fits_budget=True;gross_top_prefilter=-0.01;k=2;min_bundle_outlay=1.052
2026-10-08T01:14:34+00:00,buy_all_no,KXHOUSERACE-OH10-26,KXHOUSERACE-OH10-26,2,KXHOUSERACE-OH10-26-R;KXHOUSERACE-OH10-26-D,no;no,0.1500;0.8600,7048;50,0,0.0,1.01,1,0.02,0.002,-0.01,-0.032,-0.032,1.01,False,NO_POSITIVE_MARGINAL_EDGE,event_legs=2;fits_budget=True;gross_top_prefilter=-0.01;k=2;min_bundle_outlay=1.032
2026-10-08T01:14:34+00:00,buy_all_no,GOVPARTYOR-26,GOVPARTYOR-26,2,GOVPARTYOR-26-D;GOVPARTYOR-26-R,no;no,0.2500;0.7600,122.54;78.92,0,0.0,1.01,1,0.04,0.002,-0.01,-0.052,-0.052,1.01,False,NO_POSITIVE_MARGINAL_EDGE,event_legs=2;fits_budget=True;gross_top_prefilter=-0.01;k=2;min_bundle_outlay=1.052
2026-10-08T01:14:34+00:00,buy_all_no,GOVPARTYOH-26,GOVPARTYOH-26,2,GOVPARTYOH-26-D;GOVPARTYOH-26-R,no;no,0.3400;0.6700,78.48;1294.26,0,0.0,1.01,1,0.04,0.002,-0.01,-0.052,-0.052,1.01,False,NO_POSITIVE_MARGINAL_EDGE,event_legs=2;fits_budget=True;gross_top_prefilter=-0.01;k=2;min_bundle_outlay=1.052
2026-10-08T01:14:34+00:00,buy_all_no,KXHOUSERACE-NV02-26,KXHOUSERACE-NV02-26,2,KXHOUSERACE-NV02-26-R;KXHOUSERACE-NV02-26-D,no;no,0.2600;0.7500,1;955,0,0.0,1.01,1,0.04,0.002,-0.01,-0.052,-0.052,1.01,False,NO_POSITIVE_MARGINAL_EDGE,event_legs=2;fits_budget=True;gross_top_prefilter=-0.01;k=2;min_bundle_outlay=1.052
2026-10-08T01:14:34+00:00,buy_all_no,GOVPARTYIL-26,GOVPARTYIL-26,2,GOVPARTYIL-26-D;GOVPARTYIL-26-R,no;no,0.0330;0.9770,30;3,0,0.0,1.01,1,0.02,0.002,-0.01,-0.032,-0.032,1.01,False,NO_POSITIVE_MARGINAL_EDGE,event_legs=2;fits_budget=True;gross_top_prefilter=-0.01;k=2;min_bundle_outlay=1.032
2026-10-08T01:14:34+00:00,buy_all_no,GOVPARTYWI-26,GOVPARTYWI-26,2,GOVPARTYWI-26-D;GOVPARTYWI-26-R,no;no,0.2100;0.8000,60290.4;1401.16,0,0.0,1.01,1,0.04,0.002,-0.01,-0.052,-0.052,1.01,False,NO_POSITIVE_MARGINAL_EDGE,event_legs=2;fits_budget=True;gross_top_prefilter=-0.01;k=2;min_bundle_outlay=1.052
2026-10-08T01:14:34+00:00,buy_all_no,KXHOUSERACE-NY21-26,KXHOUSERACE-NY21-26,2,KXHOUSERACE-NY21-26-R;KXHOUSERACE-NY21-26-D,no;no,0.1900;0.8200,205;0.73,0,0.0,1.01,1,0.04,0.002,-0.01,-0.052,-0.052,1.01,False,NO_POSITIVE_MARGINAL_EDGE,event_legs=2;fits_budget=True;gross_top_prefilter=-0.01;k=2;min_bundle_outlay=1.052
2026-10-08T01:14:34+00:00,buy_all_no,KXCRITICSACTR-27,KXCRITICSACTR-27,15,KXCRITICSACTR-27-JMOO;KXCRITICSACTR-27-INAV;KXCRITICSACTR-27-SHUL;KXCRITICSACTR-27-CCOO;KXCRITICSACTR-27-RREI;KXCRITICSACTR-27-OWIL;KXCRITICSACTR-27-MBAI;KXCRITICSACTR-27-RELE;KXCRITICSACTR-27-RMAD;KXCRITICSACTR-27-EBLU;KXCRITICSACTR-27-MMAD;KXCRITICSACTR-27-VEFI;KXCRITICSACTR-27-MREE;KXCRITICSACTR-27-LSEY;KXCRITICSACTR-27-JDOY,no;no;no;no;no;no;no;no;no;no;no;no;no;no;no,0.4400;0.8500;0.9600;0.9800;0.9800;0.9800;0.9800;0.9800;0.9800;0.9800;0.9800;0.9800;0.9800;0.9800;0.9800,1966;3308;8742;9484;9484;8484;5532;5430;9384;5979;4547;5909;4709;5559;4934,0,0.0,14.01,14,0.16,0.015,-0.01,-0.185,-0.185,14.01,False,NO_POSITIVE_MARGINAL_EDGE,event_legs=16;fits_budget=False;gross_top_prefilter=-0.01;k=15;min_bundle_outlay=14.185
2026-10-08T01:14:34+00:00,buy_all_no,KXNFLDROTY-27,KXNFLDROTY-27,9,KXNFLDROTY-27-JROD;KXNFLDROTY-27-AREE;KXNFLDROTY-27-SSTY;KXNFLDROTY-27-MDEL;KXNFLDROTY-27-DBAI;KXNFLDROTY-27-CDOW;KXNFLDROTY-27-DTHI;KXNFLDROTY-27-AHILL53;KXNFLDROTY-27-GJACAS50,no;no;no;no;no;no;no;no;no,0.6600;0.7000;0.9000;0.9300;0.9400;0.9600;0.9600;0.9800;0.9800,297.89;984.22;878.88;1914.89;1344.51;7845.76;1686.07;8499.54;4518.22,0,0.0,8.01,8,0.11,0.009,-0.01,-0.129,-0.129,8.01,False,NO_POSITIVE_MARGINAL_EDGE,event_legs=29;fits_budget=True;gross_top_prefilter=-0.01;k=9;min_bundle_outlay=8.129
2026-10-08T01:14:34+00:00,buy_all_no,KXNFLAFCNORTH-27,KXNFLAFCNORTH-27,4,KXNFLAFCNORTH-27-BAL;KXNFLAFCNORTH-27-CIN;KXNFLAFCNORTH-27-CLE;KXNFLAFCNORTH-27-PIT,no;no;no;no,0.4300;0.7400;0.9100;0.9300,200443;548.63;240.51;126.56,0,0.0,3.01,3,0.06,0.004,-0.01,-0.074,-0.074,3.01,False,NO_POSITIVE_MARGINAL_EDGE,event_legs=4;fits_budget=True;gross_top_prefilter=-0.01;k=4;min_bundle_outlay=3.074
2026-10-08T01:34:59+00:00,buy_all_no,KXMLB-26,KXMLB-26,7,KXMLB-26-LAD;KXMLB-26-MIL;KXMLB-26-TB;KXMLB-26-CWS;KXMLB-26-SD;KXMLB-26-NYY;KXMLB-26-CLE,no;no;no;no;no;no;no,0.5620;0.7970;0.7970;0.9210;0.9500;0.9560;0.9700,3.49;5.46;1.03;2502.14;200.22;139.69;349.26,0,0.0,5.953,6,0.1,0.007,0.047,-0.06,-0.06,5.953,False,NO_POSITIVE_MARGINAL_EDGE,event_legs=30;fits_budget=True;gross_top_prefilter=0.047;k=7;min_bundle_outlay=6.06
2026-10-08T01:34:59+00:00,buy_all_no,KXOSCARACTO-27,KXOSCARACTO-27,6,KXOSCARACTO-27-JOH;KXOSCARACTO-27-MATT;KXOSCARACTO-27-AND;KXOSCARACTO-27-TOM;KXOSCARACTO-27-ROB;KXOSCARACTO-27-TIM,no;no;no;no;no;no,0.6000;0.7700;0.8100;0.8500;0.9700;0.9700,13.55;97.62;30.85;28;206.93;1.38,0,0.0,4.97,5,0.09,0.006,0.03,-0.066,-0.066,4.97,False,NO_POSITIVE_MARGINAL_EDGE,event_legs=25;fits_budget=True;gross_top_prefilter=0.03;k=6;min_bundle_outlay=5.066
2026-10-08T01:34:59+00:00,buy_all_no,SENATEKS-28,SENATEKS-28,2,SENATEKS-28-R;SENATEKS-28-D,no;no,0.2900;0.6900,8.6;5,0,0.0,0.98,1,0.04,0.002,0.02,-0.022,-0.022,0.98,False,NO_POSITIVE_MARGINAL_EDGE,event_legs=2;fits_budget=True;gross_top_prefilter=0.02;k=2;min_bundle_outlay=1.022
2026-10-08T01:34:59+00:00,buy_all_no,KXNWSL-26,KXNWSL-26,8,KXNWSL-26-GOT;KXNWSL-26-WSP;KXNWSL-26-KC;KXNWSL-26-SAN;KXNWSL-26-ANG;KXNWSL-26-URO;KXNWSL-26-DEN;KXNWSL-26-NCC,no;no;no;no;no;no;no;no,0.7500;0.7700;0.7700;0.8300;0.9000;0.9800;0.9800;0.9800,368.09;222.14;77.73;162.07;110.95;839.73;381.57;344.23,0,0.0,6.96,7,0.11,0.008,0.04,-0.078,-0.078,6.96,False,NO_POSITIVE_MARGINAL_EDGE,event_legs=16;fits_budget=True;gross_top_prefilter=0.04;k=8;min_bundle_outlay=7.078
2026-10-08T01:34:59+00:00,buy_all_no,KXDSENATESEATS-27,KXDSENATESEATS-27,10,KXDSENATESEATS-27-ABOVE52;KXDSENATESEATS-27-52;KXDSENATESEATS-27-51;KXDSENATESEATS-27-50;KXDSENATESEATS-27-49;KXDSENATESEATS-27-48;KXDSENATESEATS-27-47;KXDSENATESEATS-27-46;KXDSENATESEATS-27-BELOW45;KXDSENATESEATS-27-45,no;no;no;no;no;no;no;no;no;no,0.6300;0.8100;0.8600;0.8800;0.9210;0.9390;0.9710;0.9810;0.9840;0.9880,9365.95;28;5200.11;428;3;148.85;58;427.4;12.26;228.19,0,0.0,8.964,9,0.12,0.01,0.036,-0.094,-0.094,8.964,False,NO_POSITIVE_MARGINAL_EDGE,event_legs=10;fits_budget=True;gross_top_prefilter=0.036;k=10;min_bundle_outlay=9.094
2026-10-08T01:34:59+00:00,buy_all_no,KXBRPRES2MOV-26OCT25,KXBRPRES2MOV-26OCT25,5,KXBRPRES2MOV-26OCT25-FBOL-P4;KXBRPRES2MOV-26OCT25-FBOL-P1;KXBRPRES2MOV-26OCT25-LSIL-P1;KXBRPRES2MOV-26OCT25-FBOL-P7;KXBRPRES2MOV-26OCT25-FBOL-P9,no;no;no;no;no,0.5500;0.7100;0.8700;0.9000;0.9500,194;1124.41;1258.86;1206.42;3898.53,0,0.0,3.98,4,0.07,0.005,0.02,-0.055,-0.055,3.98,False,NO_POSITIVE_MARGINAL_EDGE,event_legs=8;fits_budget=True;gross_top_prefilter=0.02;k=5;min_bundle_outlay=4.055
2026-10-08T01:34:59+00:00,buy_all_no,KXHOUSEPOPVOTEMARGIN-27NOV03,KXHOUSEPOPVOTEMARGIN-27NOV03,10,KXHOUSEPOPVOTEMARGIN-27NOV03-B9;KXHOUSEPOPVOTEMARGIN-27NOV03-B11;KXHOUSEPOPVOTEMARGIN-27NOV03-B7;KXHOUSEPOPVOTEMARGIN-27NOV03-B5;KXHOUSEPOPVOTEMARGIN-27NOV03-B13;KXHOUSEPOPVOTEMARGIN-27NOV03-B3;KXHOUSEPOPVOTEMARGIN-27NOV03-B50;KXHOUSEPOPVOTEMARGIN-27NOV03-B1;KXHOUSEPOPVOTEMARGIN-27NOV03-B15;KXHOUSEPOPVOTEMARGIN-27NOV03-B58,no;no;no;no;no;no;no;no;no;no,0.7200;0.7700;0.8200;0.9060;0.9150;0.9490;0.9500;0.9710;0.9770;0.9800,2233.42;1530.64;1597.24;2806;147.44;15.65;98;46.47;142.96;31.36,0,0.0,8.958,9,0.13,0.01,0.042,-0.098,-0.098,8.958,False,NO_POSITIVE_MARGINAL_EDGE,event_legs=10;fits_budget=True;gross_top_prefilter=0.042;k=10;min_bundle_outlay=9.098
2026-10-08T01:34:59+00:00,buy_all_no,KXTRUMPAPPROVE-26OCT08,KXTRUMPAPPROVE-26OCT08,9,KXTRUMPAPPROVE-26OCT08-E38.4;KXTRUMPAPPROVE-26OCT08-E38.5;KXTRUMPAPPROVE-26OCT08-E38.3;KXTRUMPAPPROVE-26OCT08-E38.6;KXTRUMPAPPROVE-26OCT08-U38.2;KXTRUMPAPPROVE-26OCT08-E38.2;KXTRUMPAPPROVE-26OCT08-E38.7;KXTRUMPAPPROVE-26OCT08-E38.8;KXTRUMPAPPROVE-26OCT08-A38.8,no;no;no;no;no;no;no;no;no,0.6600;0.7200;0.8300;0.9300;0.9400;0.9600;0.9700;0.9700;0.9700,881.02;4072.22;3103.94;4925.31;1673.94;11764.1;6450;20697.7;17651.9,0,0.0,7.95,8,0.11,0.009,0.05,-0.069,-0.069,7.95,False,NO_POSITIVE_MARGINAL_EDGE,event_legs=9;fits_budget=True;gross_top_prefilter=0.05;k=9;min_bundle_outlay=8.069
2026-10-08T01:34:59+00:00,buy_all_no,KXCRITICSHAIR-27,KXCRITICSHAIR-27,15,KXCRITICSHAIR-27-WER;KXCRITICSHAIR-27-DIG;KXCRITICSHAIR-27-ODY;KXCRITICSHAIR-27-DUN;KXCRITICSHAIR-27-CLA;KXCRITICSHAIR-27-BRI;KXCRITICSHAIR-27-EBE;KXCRITICSHAIR-27-WIC;KXCRITICSHAIR-27-MIC;KXCRITICSHAIR-27-LAB;KXCRITICSHAIR-27-IPL;KXCRITICSHAIR-27-FUR;KXCRITICSHAIR-27-ELS;KXCRITICSHAIR-27-ROS;KXCRITICSHAIR-27-ISG,no;no;no;no;no;no;no;no;no;no;no;no;no;no;no,0.7100;0.8200;0.8500;0.9000;0.9500;0.9500;0.9600;0.9600;0.9700;0.9800;0.9800;0.9800;0.9800;0.9800;0.9800,27;2283.6;623.7;5022.6;5914.51;5976.7;4692;6692;7525;4469.01;3066;4219.01;5860;1856;1591,0,0.0,13.95,14,0.17,0.015,0.05,-0.135,-0.135,13.95,False,NO_POSITIVE_MARGINAL_EDGE,event_legs=16;fits_budget=False;gross_top_prefilter=0.05;k=15;min_bundle_outlay=14.135
2026-10-08T01:34:59+00:00,buy_all_no,KXKSSENGOVCOMBO-26NOV,KXKSSENGOVCOMBO-26NOV,4,KXKSSENGOVCOMBO-26NOV-REPREP;KXKSSENGOVCOMBO-26NOV-REPDEM;KXKSSENGOVCOMBO-26NOV-DEMDEM;KXKSSENGOVCOMBO-26NOV-DEMREP,no;no;no;no,0.4300;0.7900;0.8000;0.9600,1;294;1;40,0,0.0,2.98,3,0.07,0.004,0.02,-0.054,-0.054,2.98,False,NO_POSITIVE_MARGINAL_EDGE,event_legs=4;fits_budget=True;gross_top_prefilter=0.02;k=4;min_bundle_outlay=3.054
2026-10-08T01:34:59+00:00,buy_all_no,KXITFMATCH-26OCT08SENDRA,KXITFMATCH-26OCT08SENDRA,2,KXITFMATCH-26OCT08SENDRA-SEN;KXITFMATCH-26OCT08SENDRA-DRA,no;no,0.3600;0.6200,8;0.05,0,0.0,0.98,1,0.04,0.002,0.02,-0.022,-0.022,0.98,False,NO_POSITIVE_MARGINAL_EDGE,event_legs=2;fits_budget=True;gross_top_prefilter=0.02;k=2;min_bundle_outlay=1.022
2026-10-08T01:34:59+00:00,buy_all_no,GOVPARTYNE-26,GOVPARTYNE-26,2,GOVPARTYNE-26-R;GOVPARTYNE-26-D,no;no,0.0970;0.8900,2500;1646,0,0.0,0.987,1,0.02,0.002,0.013,-0.009,-0.009,0.987,False,NO_POSITIVE_MARGINAL_EDGE,event_legs=2;fits_budget=True;gross_top_prefilter=0.013;k=2;min_bundle_outlay=1.009
2026-10-08T01:34:59+00:00,buy_all_no,KXMLBAL-26,KXMLBAL-26,4,KXMLBAL-26-TB;KXMLBAL-26-CWS;KXMLBAL-26-CLE;KXMLBAL-26-NYY,no;no;no;no,0.4500;0.7400;0.8900;0.9000,2236.5;2601.59;76.58;361.3,0,0.0,2.98,3,0.06,0.004,0.02,-0.044,-0.044,2.98,False,NO_POSITIVE_MARGINAL_EDGE,event_legs=15;fits_budget=True;gross_top_prefilter=0.02;k=4;min_bundle_outlay=3.044
2026-10-08T01:34:59+00:00,buy_all_no,KXCRITICSPROD-27,KXCRITICSPROD-27,16,KXCRITICSPROD-27-ODY;KXCRITICSPROD-27-DUN;KXCRITICSPROD-27-LAB;KXCRITICSPROD-27-WER;KXCRITICSPROD-27-FUR;KXCRITICSPROD-27-PRO;KXCRITICSPROD-27-WUT;KXCRITICSPROD-27-BAC;KXCRITICSPROD-27-SEN;KXCRITICSPROD-27-WIL;KXCRITICSPROD-27-FAT;KXCRITICSPROD-27-WILD;KXCRITICSPROD-27-INK;KXCRITICSPROD-27-DEV;KXCRITICSPROD-27-DIG;KXCRITICSPROD-27-TIE,no;no;no;no;no;no;no;no;no;no;no;no;no;no;no;no,0.5400;0.8500;0.9500;0.9500;0.9500;0.9600;0.9700;0.9700;0.9800;0.9800;0.9800;0.9800;0.9800;0.9800;0.9800;0.9800,2220;4402;7103.68;6714.82;6397.6;7616;8849;3319.01;8584;8584;8584;8584;8584;9584;9584;6834,0,0.0,14.98,15,0.17,0.016,0.02,-0.166,-0.166,14.98,False,NO_POSITIVE_MARGINAL_EDGE,event_legs=16;fits_budget=False;gross_top_prefilter=0.02;k=16;min_bundle_outlay=15.166
2026-10-08T01:34:59+00:00,buy_all_no,KXRELOCATIONCHI-28,KXRELOCATIONCHI-28,3,KXRELOCATIONCHI-28-ILL;KXRELOCATIONCHI-28-IND;KXRELOCATIONCHI-28-REMAIN,no;no;no,0.3700;0.6600;0.9600,6;15.32;782.8,0,0.0,1.99,2,0.05,0.003,0.01,-0.043,-0.043,1.99,False,NO_POSITIVE_MARGINAL_EDGE,event_legs=4;fits_budget=True;gross_top_prefilter=0.01;k=3;min_bundle_outlay=2.043
2026-10-08T01:34:59+00:00,buy_all_no,KXESGOV-26OCT25,KXESGOV-26OCT25,2,KXESGOV-26OCT25-LPAZ;KXESGOV-26OCT25-RFER,no;no,0.1300;0.8600,3331.35;1256.85,0,0.0,0.99,1,0.02,0.002,0.01,-0.012,-0.012,0.99,False,NO_POSITIVE_MARGINAL_EDGE,event_legs=2;fits_budget=True;gross_top_prefilter=0.01;k=2;min_bundle_outlay=1.012
2026-10-08T01:34:59+00:00,buy_all_no,KXHIGHTDC-26OCT08,KXHIGHTDC-26OCT08,4,KXHIGHTDC-26OCT08-B82.5;KXHIGHTDC-26OCT08-B80.5;KXHIGHTDC-26OCT08-B78.5;KXHIGHTDC-26OCT08-T83,no;no;no;no,0.5200;0.5800;0.9000;0.9800,10;2;23.15;72.82,0,0.0,2.98,3,0.06,0.004,0.02,-0.044,-0.044,2.98,False,NO_POSITIVE_MARGINAL_EDGE,event_legs=6;fits_budget=True;gross_top_prefilter=0.02;k=4;min_bundle_outlay=3.044
2026-10-08T01:34:59+00:00,buy_all_no,KXCRITICSEDIT-27,KXCRITICSEDIT-27,16,KXCRITICSEDIT-27-ODY;KXCRITICSEDIT-27-DUN;KXCRITICSEDIT-27-LAB;KXCRITICSEDIT-27-PRO;KXCRITICSEDIT-27-INV;KXCRITICSEDIT-27-WIL;KXCRITICSEDIT-27-ELS;KXCRITICSEDIT-27-DIG;KXCRITICSEDIT-27-IPL;KXCRITICSEDIT-27-DEB;KXCRITICSEDIT-27-FJO;KXCRITICSEDIT-27-YOU;KXCRITICSEDIT-27-CLU;KXCRITICSEDIT-27-INK;KXCRITICSEDIT-27-SOC;KXCRITICSEDIT-27-TIE,no;no;no;no;no;no;no;no;no;no;no;no;no;no;no;no,0.4900;0.8600;0.9000;0.9600;0.9700;0.9800;0.9800;0.9800;0.9800;0.9800;0.9800;0.9800;0.9800;0.9800;0.9800;0.9800,2460;4184.95;1169.57;7381;3480.01;9369;5345;5470.01;5345.01;7669;5345.01;9969;5945;6070;5520;5445,0,0.0,14.96,15,0.17,0.016,0.04,-0.146,-0.146,14.96,False,NO_POSITIVE_MARGINAL_EDGE,event_legs=16;fits_budget=False;gross_top_prefilter=0.04;k=16;min_bundle_outlay=15.146
2026-10-08T01:34:59+00:00,buy_all_no,KXARGENTINAPRES1R-27OCT24,KXARGENTINAPRES1R-27OCT24,9,KXARGENTINAPRES1R-27OCT24-JMIL;KXARGENTINAPRES1R-27OCT24-AKIC;KXARGENTINAPRES1R-27OCT24-SMAS;KXARGENTINAPRES1R-27OCT24-MBRE;KXARGENTINAPRES1R-27OCT24-JSCH;KXARGENTINAPRES1R-27OCT24-JGRA;KXARGENTINAPRES1R-27OCT24-PBUL;KXARGENTINAPRES1R-27OCT24-MMAC;KXARGENTINAPRES1R-27OCT24-VVIL,no;no;no;no;no;no;no;no;no,0.6200;0.7500;0.9300;0.9400;0.9400;0.9400;0.9500;0.9500;0.9600,4420;7538;5471.3;5007.6;5954.21;5952.25;6104.24;5618.8;6299.75,0,0.0,7.98,8,0.11,0.009,0.02,-0.099,-0.099,7.98,False,NO_POSITIVE_MARGINAL_EDGE,event_legs=9;fits_budget=True;gross_top_prefilter=0.02;k=9;min_bundle_outlay=8.099
2026-10-08T01:34:59+00:00,buy_all_no,KXHOUSERACE-TN09-26,KXHOUSERACE-TN09-26,2,KXHOUSERACE-TN09-26-R;KXHOUSERACE-TN09-26-D,no;no,0.1100;0.8800,500;1,0,0.0,0.99,1,0.02,0.002,0.01,-0.012,-0.012,0.99,False,NO_POSITIVE_MARGINAL_EDGE,event_legs=2;fits_budget=True;gross_top_prefilter=0.01;k=2;min_bundle_outlay=1.012
2026-10-08T01:34:59+00:00,buy_all_no,KXTRUTHSOCIAL-26OCT10,KXTRUTHSOCIAL-26OCT10,8,KXTRUTHSOCIAL-26OCT10-B149;KXTRUTHSOCIAL-26OCT10-B169;KXTRUTHSOCIAL-26OCT10-B129;KXTRUTHSOCIAL-26OCT10-B109;KXTRUTHSOCIAL-26OCT10-B189;KXTRUTHSOCIAL-26OCT10-B209;KXTRUTHSOCIAL-26OCT10-B230;KXTRUTHSOCIAL-26OCT10-T240,no;no;no;no;no;no;no;no,0.7700;0.7900;0.8200;0.8800;0.8800;0.9300;0.9400;0.9700,31.01;2610.76;3546.39;665.5;812.2;1785;2357.65;2763.23,0,0.0,6.98,7,0.11,0.008,0.02,-0.098,-0.098,6.98,False,NO_POSITIVE_MARGINAL_EDGE,event_legs=10;fits_budget=True;gross_top_prefilter=0.02;k=8;min_bundle_outlay=7.098
2026-10-08T01:34:59+00:00,buy_all_no,KXCRITICSCOMEDY-27,KXCRITICSCOMEDY-27,14,KXCRITICSCOMEDY-27-WID;KXCRITICSCOMEDY-27-HAC;KXCRITICSCOMEDY-27-BEA;KXCRITICSCOMEDY-27-ABB;KXCRITICSCOMEDY-27-SHR;KXCRITICSCOMEDY-27-MAR;KXCRITICSCOMEDY-27-NOB;KXCRITICSCOMEDY-27-ROO;KXCRITICSCOMEDY-27-COM;KXCRITICSCOMEDY-27-FOU;KXCRITICSCOMEDY-27-JUR;KXCRITICSCOMEDY-27-GHO;KXCRITICSCOMEDY-27-SCR;KXCRITICSCOMEDY-27-TIE,no;no;no;no;no;no;no;no;no;no;no;no;no;no,0.3500;0.8900;0.9600;0.9800;0.9800;0.9800;0.9800;0.9800;0.9800;0.9800;0.9800;0.9800;0.9800;0.9800,50;4072.9;10241;6059;6059;5584;6059;6059;9884;6184;5884;5584;5584;6684,0,0.0,12.98,13,0.15,0.014,0.02,-0.144,-0.144,12.98,False,NO_POSITIVE_MARGINAL_EDGE,event_legs=16;fits_budget=False;gross_top_prefilter=0.02;k=14;min_bundle_outlay=13.144
2026-10-08T01:34:59+00:00,buy_all_no,KXMISENATE-26,KXMISENATE-26,2,KXMISENATE-26-AELS;KXMISENATE-26-MROG,no;no,0.2900;0.7000,905.95;91.16,0,0.0,0.99,1,0.04,0.002,0.01,-0.032,-0.032,0.99,False,NO_POSITIVE_MARGINAL_EDGE,event_legs=4;fits_budget=True;gross_top_prefilter=0.01;k=2;min_bundle_outlay=1.032
2026-10-08T01:34:59+00:00,buy_all_no,KXMLBSERIES-26CWSCLEALDS,KXMLBSERIES-26CWSCLEALDS,2,KXMLBSERIES-26CWSCLEALDS-CWS;KXMLBSERIES-26CWSCLEALDS-CLE,no;no,0.3000;0.6900,6.06;73.61,0,0.0,0.99,1,0.04,0.002,0.01,-0.032,-0.032,0.99,False,NO_POSITIVE_MARGINAL_EDGE,event_legs=2;fits_budget=True;gross_top_prefilter=0.01;k=2;min_bundle_outlay=1.032
2026-10-08T01:34:59+00:00,buy_all_no,KXNBAGAME-26OCT12SASUTA,KXNBAGAME-26OCT12SASUTA,2,KXNBAGAME-26OCT12SASUTA-SAS;KXNBAGAME-26OCT12SASUTA-UTA,no;no,0.4500;0.5400,67.9;20.04,0,0.0,0.99,1,0.04,0.002,0.01,-0.032,-0.032,0.99,False,NO_POSITIVE_MARGINAL_EDGE,event_legs=2;fits_budget=True;gross_top_prefilter=0.01;k=2;min_bundle_outlay=1.032
2026-10-08T01:34:59+00:00,buy_all_no,KXCBDECISIONCANADA-26DEC,KXCBDECISIONCANADA-26DEC,2,KXCBDECISIONCANADA-26DEC-H25;KXCBDECISIONCANADA-26DEC-H0,no;no,0.4500;0.5400,3.93;51,0,0.0,0.99,1,0.04,0.002,0.01,-0.032,-0.032,0.99,False,NO_POSITIVE_MARGINAL_EDGE,event_legs=5;fits_budget=True;gross_top_prefilter=0.01;k=2;min_bundle_outlay=1.032
2026-10-08T01:34:59+00:00,buy_all_no,KXNBAATLANTIC-26,KXNBAATLANTIC-26,4,KXNBAATLANTIC-26-NYK;KXNBAATLANTIC-26-BOS;KXNBAATLANTIC-26-PHI;KXNBAATLANTIC-26-TOR,no;no;no;no,0.6700;0.7100;0.7200;0.8900,291.67;500.17;5.42;1000,0,0.0,2.99,3,0.07,0.004,0.01,-0.064,-0.064,2.99,False,NO_POSITIVE_MARGINAL_EDGE,event_legs=5;fits_budget=True;gross_top_prefilter=0.01;k=4;min_bundle_outlay=3.064
2026-10-08T01:34:59+00:00,buy_all_no,KXSPAIN3RD-26NOV29-3,KXSPAIN3RD-26NOV29-3,3,KXSPAIN3RD-26NOV29-3-VOX;KXSPAIN3RD-26NOV29-3-PSOE;KXSPAIN3RD-26NOV29-3-PP,no;no;no,0.0800;0.9500;0.9600,7558.08;13018.9;16867,0,0.0,1.99,2,0.03,0.003,0.01,-0.023,-0.023,1.99,False,NO_POSITIVE_MARGINAL_EDGE,event_legs=3;fits_budget=True;gross_top_prefilter=0.01;k=3;min_bundle_outlay=2.023
2026-10-08T01:34:59+00:00,buy_all_no,KXT20MATCH-26OCT090930WIIND,KXT20MATCH-26OCT090930WIIND,2,KXT20MATCH-26OCT090930WIIND-IND;KXT20MATCH-26OCT090930WIIND-WI,no;no,0.2500;0.7400,385.91;1298.57,0,0.0,0.99,1,0.04,0.002,0.01,-0.032,-0.032,0.99,False,NO_POSITIVE_MARGINAL_EDGE,event_legs=2;fits_budget=True;gross_top_prefilter=0.01;k=2;min_bundle_outlay=1.032
2026-10-08T01:34:59+00:00,buy_all_no,KXMLBSERIESSCORE-26CWSCLEALDS,KXMLBSERIESSCORE-26CWSCLEALDS,3,KXMLBSERIESSCORE-26CWSCLEALDS-CWS31;KXMLBSERIESSCORE-26CWSCLEALDS-CLE32;KXMLBSERIESSCORE-26CWSCLEALDS-CWS32,no;no;no,0.4800;0.6900;0.8200,0.67;69.72;83,0,0.0,1.99,2,0.06,0.003,0.01,-0.053,-0.053,1.99,False,NO_POSITIVE_MARGINAL_EDGE,event_legs=6;fits_budget=True;gross_top_prefilter=0.01;k=3;min_bundle_outlay=2.053
2026-10-08T01:34:59+00:00,buy_all_no,KXCA11PERSON-26,KXCA11PERSON-26,2,KXCA11PERSON-26-SWIE;KXCA11PERSON-26-CCHA,no;no,0.2000;0.7900,50;6,0,0.0,0.99,1,0.04,0.002,0.01,-0.032,-0.032,0.99,False,NO_POSITIVE_MARGINAL_EDGE,event_legs=2;fits_budget=True;gross_top_prefilter=0.01;k=2;min_bundle_outlay=1.032
2026-10-08T01:34:59+00:00,buy_all_no,KXODIMATCH-26OCT082330AUS-AINA,KXODIMATCH-26OCT082330AUS-AINA,2,KXODIMATCH-26OCT082330AUS-AINA-INA;KXODIMATCH-26OCT082330AUS-AINA-AUS-A,no;no,0.3700;0.6200,1;1,0,0.0,0.99,1,0.04,0.002,0.01,-0.032,-0.032,0.99,False,NO_POSITIVE_MARGINAL_EDGE,event_legs=2;fits_budget=True;gross_top_prefilter=0.01;k=2;min_bundle_outlay=1.032
2026-10-08T01:34:59+00:00,buy_all_no,KXDWTSRANK-326DEC31,KXDWTSRANK-326DEC31,8,KXDWTSRANK-326DEC31-AGLE;KXDWTSRANK-326DEC31-MHIG;KXDWTSRANK-326DEC31-HSHU;KXDWTSRANK-326DEC31-EFRE;KXDWTSRANK-326DEC31-GROD;KXDWTSRANK-326DEC31-JDEW;KXDWTSRANK-326DEC31-CWOO;KXDWTSRANK-326DEC31-JSTIL,no;no;no;no;no;no;no;no,0.7500;0.7500;0.7600;0.8900;0.9500;0.9600;0.9600;0.9700,2;1902;7.51;1189.32;3735.3;3700;4000;1500,0,0.0,6.99,7,0.11,0.008,0.01,-0.108,-0.108,6.99,False,NO_POSITIVE_MARGINAL_EDGE,event_legs=16;fits_budget=True;gross_top_prefilter=0.01;k=8;min_bundle_outlay=7.108
2026-10-08T01:34:59+00:00,buy_all_no,SENATEMS-26,SENATEMS-26,2,SENATEMS-26-R;SENATEMS-26-D,no;no,0.0880;0.9100,16166.2;81.51,0,0.0,0.998,1,0.02,0.002,0.002,-0.02,-0.02,0.998,False,NO_POSITIVE_MARGINAL_EDGE,event_legs=2;fits_budget=True;gross_top_prefilter=0.002;k=2;min_bundle_outlay=1.02
2026-10-08T01:34:59+00:00,buy_all_no,SENATEFLS-26,SENATEFLS-26,2,SENATEFLS-26-R;SENATEFLS-26-D,no;no,0.0900;0.9080,4528.46;837.79,0,0.0,0.998,1,0.02,0.002,0.002,-0.02,-0.02,0.998,False,NO_POSITIVE_MARGINAL_EDGE,event_legs=2;fits_budget=True;gross_top_prefilter=0.002;k=2;min_bundle_outlay=1.02
2026-10-08T01:34:59+00:00,buy_all_no,KXSPAINMOV-26NOV29,KXSPAINMOV-26NOV29,7,KXSPAINMOV-26NOV29-PP-P4;KXSPAINMOV-26NOV29-PP-P7;KXSPAINMOV-26NOV29-PP-P1;KXSPAINMOV-26NOV29-PP-P10;KXSPAINMOV-26NOV29-PSOE-P1;KXSPAINMOV-26NOV29-PP-P12;KXSPAINMOV-26NOV29-PSOE-P3,no;no;no;no;no;no;no,0.7100;0.7300;0.8300;0.9100;0.9100;0.9400;0.9600,427;2071;2158.1;2964.13;3251.6;4952;6507,0,0.0,5.99,6,0.09,0.007,0.01,-0.087,-0.087,5.99,False,NO_POSITIVE_MARGINAL_EDGE,event_legs=7;fits_budget=True;gross_top_prefilter=0.01;k=7;min_bundle_outlay=6.087
2026-10-08T01:34:59+00:00,buy_all_no,GOVPARTYOK-26,GOVPARTYOK-26,2,GOVPARTYOK-26-R;GOVPARTYOK-26-D,no;no,0.0900;0.9090,25;10,0,0.0,0.999,1,0.02,0.002,0.001,-0.021,-0.021,0.999,False,NO_POSITIVE_MARGINAL_EDGE,event_legs=2;fits_budget=True;gross_top_prefilter=0.001;k=2;min_bundle_outlay=1.021
2026-10-08T01:34:59+00:00,buy_all_no,GOVPARTYNY-26,GOVPARTYNY-26,2,GOVPARTYNY-26-D;GOVPARTYNY-26-R,no;no,0.0490;0.9500,12839.6;112.01,0,0.0,0.999,1,0.02,0.002,0.001,-0.021,-0.021,0.999,False,NO_POSITIVE_MARGINAL_EDGE,event_legs=2;fits_budget=True;gross_top_prefilter=0.001;k=2;min_bundle_outlay=1.021
2026-10-08T01:34:59+00:00,buy_all_no,KXRATECUTCOUNT-26DEC31,KXRATECUTCOUNT-26DEC31,3,KXRATECUTCOUNT-26DEC31-T0;KXRATECUTCOUNT-26DEC31-T1;KXRATECUTCOUNT-26DEC31-T2,no;no;no,0.0470;0.9620;0.9880,1000;25.61;3677.24,0,0.0,1.997,2,0.03,0.003,0.003,-0.03,-0.03,1.997,False,NO_POSITIVE_MARGINAL_EDGE,event_legs=21;fits_budget=True;gross_top_prefilter=0.003;k=3;min_bundle_outlay=2.03
2026-10-08T01:34:59+00:00,buy_all_no,KXATTYGENNY-26,KXATTYGENNY-26,2,KXATTYGENNY-26-D;KXATTYGENNY-26-R,no;no,0.0360;0.9590,6144.36;6237.28,0,0.0,0.995,1,0.02,0.002,0.005,-0.017,-0.017,0.995,False,NO_POSITIVE_MARGINAL_EDGE,event_legs=2;fits_budget=True;gross_top_prefilter=0.005;k=2;min_bundle_outlay=1.017
2026-10-08T01:34:59+00:00,buy_all_no,SENATEAR-26,SENATEAR-26,2,SENATEAR-26-R;SENATEAR-26-D,no;no,0.0620;0.9350,6532.31;631.11,0,0.0,0.997,1,0.02,0.002,0.003,-0.019,-0.019,0.997,False,NO_POSITIVE_MARGINAL_EDGE,event_legs=2;fits_budget=True;gross_top_prefilter=0.003;k=2;min_bundle_outlay=1.019
2026-10-08T01:34:59+00:00,buy_all_no,GOVPARTYTX-26,GOVPARTYTX-26,2,GOVPARTYTX-26-R;GOVPARTYTX-26-D,no;no,0.2600;0.7400,26023.1;1665.4,0,0.0,1.0,1,0.04,0.002,0.0,-0.042,-0.042,1.0,False,NO_POSITIVE_MARGINAL_EDGE,event_legs=2;fits_budget=True;gross_top_prefilter=0.0;k=2;min_bundle_outlay=1.042
2026-10-08T01:34:59+00:00,buy_all_no,GOVPARTYKS-27,GOVPARTYKS-27,2,GOVPARTYKS-27-R;GOVPARTYKS-27-D,no;no,0.2500;0.7500,62.01;120.11,0,0.0,1.0,1,0.04,0.002,0.0,-0.042,-0.042,1.0,False,NO_POSITIVE_MARGINAL_EDGE,event_legs=2;fits_budget=True;gross_top_prefilter=0.0;k=2;min_bundle_outlay=1.042
2026-10-08T01:34:59+00:00,buy_all_no,CONTROLS-2026,CONTROLS-2026,2,CONTROLS-2026-D;CONTROLS-2026-R,no;no,0.3800;0.6200,13102.9;255.4,0,0.0,1.0,1,0.04,0.002,0.0,-0.042,-0.042,1.0,False,NO_POSITIVE_MARGINAL_EDGE,event_legs=2;fits_budget=True;gross_top_prefilter=0.0;k=2;min_bundle_outlay=1.042
2026-10-08T01:34:59+00:00,buy_all_no,GOVPARTYGA-26,GOVPARTYGA-26,2,GOVPARTYGA-26-R;GOVPARTYGA-26-D,no;no,0.4600;0.5400,139.47;31.01,0,0.0,1.0,1,0.04,0.002,0.0,-0.042,-0.042,1.0,False,NO_POSITIVE_MARGINAL_EDGE,event_legs=2;fits_budget=True;gross_top_prefilter=0.0;k=2;min_bundle_outlay=1.042
2026-10-08T01:34:59+00:00,buy_all_no,KXCAATTORNEYGENERAL-26,KXCAATTORNEYGENERAL-26,2,KXCAATTORNEYGENERAL-26-RBON;KXCAATTORNEYGENERAL-26-MGAT,no;no,0.0400;0.9600,16584;5048.54,0,0.0,1.0,1,0.02,0.002,0.0,-0.022,-0.022,1.0,False,NO_POSITIVE_MARGINAL_EDGE,event_legs=2;fits_budget=True;gross_top_prefilter=0.0;k=2;min_bundle_outlay=1.022
2026-10-08T01:34:59+00:00,buy_all_no,KXATTYGENMN-26,KXATTYGENMN-26,2,KXATTYGENMN-26-D;KXATTYGENMN-26-R,no;no,0.2500;0.7500,4817;3661.67,0,0.0,1.0,1,0.04,0.002,0.0,-0.042,-0.042,1.0,False,NO_POSITIVE_MARGINAL_EDGE,event_legs=2;fits_budget=True;gross_top_prefilter=0.0;k=2;min_bundle_outlay=1.042
2026-10-08T01:34:59+00:00,buy_all_no,GOVPARTYFL-26,GOVPARTYFL-26,2,GOVPARTYFL-26-R;GOVPARTYFL-26-D,no;no,0.2300;0.7700,739.38;249607,0,0.0,1.0,1,0.04,0.002,0.0,-0.042,-0.042,1.0,False,NO_POSITIVE_MARGINAL_EDGE,event_legs=2;fits_budget=True;gross_top_prefilter=0.0;k=2;min_bundle_outlay=1.042
2026-10-08T01:34:59+00:00,buy_all_no,KXATTYGENSD-26,KXATTYGENSD-26,2,KXATTYGENSD-26-R;KXATTYGENSD-26-D,no;no,0.0350;0.9630,12717;2700,0,0.0,0.998,1,0.02,0.002,0.002,-0.02,-0.02,0.998,False,NO_POSITIVE_MARGINAL_EDGE,event_legs=2;fits_budget=True;gross_top_prefilter=0.002;k=2;min_bundle_outlay=1.02
2026-10-08T01:34:59+00:00,buy_all_no,KXHOUSERACE-OH07-26,KXHOUSERACE-OH07-26,2,KXHOUSERACE-OH07-26-D;KXHOUSERACE-OH07-26-R,no;no,0.1900;0.8100,97;642,0,0.0,1.0,1,0.04,0.002,0.0,-0.042,-0.042,1.0,False,NO_POSITIVE_MARGINAL_EDGE,event_legs=2;fits_budget=True;gross_top_prefilter=0.0;k=2;min_bundle_outlay=1.042
2026-10-08T01:34:59+00:00,buy_all_no,KXHOUSERACE-FL09-26,KXHOUSERACE-FL09-26,2,KXHOUSERACE-FL09-26-R;KXHOUSERACE-FL09-26-D,no;no,0.2900;0.7100,14;29,0,0.0,1.0,1,0.04,0.002,0.0,-0.042,-0.042,1.0,False,NO_POSITIVE_MARGINAL_EDGE,event_legs=2;fits_budget=True;gross_top_prefilter=0.0;k=2;min_bundle_outlay=1.042
2026-10-08T01:34:59+00:00,buy_all_no,SENATETX-26,SENATETX-26,2,SENATETX-26-D;SENATETX-26-R,no;no,0.3400;0.6600,28986.4;3464.78,0,0.0,1.0,1,0.04,0.002,0.0,-0.042,-0.042,1.0,False,NO_POSITIVE_MARGINAL_EDGE,event_legs=2;fits_budget=True;gross_top_prefilter=0.0;k=2;min_bundle_outlay=1.042
2026-10-08T01:34:59+00:00,buy_all_no,KXOHSENGOVCOMBO-26NOV,KXOHSENGOVCOMBO-26NOV,4,KXOHSENGOVCOMBO-26NOV-DEMDEM;KXOHSENGOVCOMBO-26NOV-REPREP;KXOHSENGOVCOMBO-26NOV-DEMREP;KXOHSENGOVCOMBO-26NOV-REPDEM,no;no;no;no,0.4500;0.7500;0.8700;0.9300,89;95;225;14.98,0,0.0,3.0,3,0.06,0.004,0.0,-0.064,-0.064,3.0,False,NO_POSITIVE_MARGINAL_EDGE,event_legs=4;fits_budget=True;gross_top_prefilter=0.0;k=4;min_bundle_outlay=3.064
2026-10-08T01:34:59+00:00,buy_all_no,SENATEAK-26,SENATEAK-26,2,SENATEAK-26-D;SENATEAK-26-R,no;no,0.2400;0.7600,54111;7050.74,0,0.0,1.0,1,0.04,0.002,0.0,-0.042,-0.042,1.0,False,NO_POSITIVE_MARGINAL_EDGE,event_legs=2;fits_budget=True;gross_top_prefilter=0.0;k=2;min_bundle_outlay=1.042
2026-10-08T01:34:59+00:00,buy_all_no,SENATEIA-26,SENATEIA-26,2,SENATEIA-26-R;SENATEIA-26-D,no;no,0.4400;0.5600,2;2008.97,0,0.0,1.0,1,0.04,0.002,0.0,-0.042,-0.042,1.0,False,NO_POSITIVE_MARGINAL_EDGE,event_legs=2;fits_budget=True;gross_top_prefilter=0.0;k=2;min_bundle_outlay=1.042
2026-10-08T01:34:59+00:00,buy_all_no,GOVPARTYVT-26,GOVPARTYVT-26,2,GOVPARTYVT-26-R;GOVPARTYVT-26-D,no;no,0.2900;0.7100,29;141.01,0,0.0,1.0,1,0.04,0.002,0.0,-0.042,-0.042,1.0,False,NO_POSITIVE_MARGINAL_EDGE,event_legs=2;fits_budget=True;gross_top_prefilter=0.0;k=2;min_bundle_outlay=1.042
2026-10-08T01:34:59+00:00,buy_all_no,KXHIGHTHOU-26OCT08,KXHIGHTHOU-26OCT08,4,KXHIGHTHOU-26OCT08-B92.5;KXHIGHTHOU-26OCT08-B90.5;KXHIGHTHOU-26OCT08-B94.5;KXHIGHTHOU-26OCT08-T90,no;no;no;no,0.3400;0.7300;0.9400;0.9800,9.45;2;36;127,0,0.0,2.99,3,0.06,0.004,0.01,-0.054,-0.054,2.99,False,NO_POSITIVE_MARGINAL_EDGE,event_legs=6;fits_budget=True;gross_top_prefilter=0.01;k=4;min_bundle_outlay=3.054
2026-10-08T01:34:59+00:00,buy_all_no,KXF1POLE-SIN26,KXF1POLE-SIN26,8,KXF1POLE-SIN26-VER;KXF1POLE-SIN26-ANT;KXF1POLE-SIN26-HAM;KXF1POLE-SIN26-LEC;KXF1POLE-SIN26-RUS;KXF1POLE-SIN26-NOR;KXF1POLE-SIN26-PIA;KXF1POLE-SIN26-HAD,no;no;no;no;no;no;no;no,0.6900;0.7900;0.8600;0.8900;0.9100;0.9300;0.9600;0.9600,106;7.31;77.21;100;10;9;5;10,0,0.0,6.99,7,0.1,0.008,0.01,-0.098,-0.098,6.99,False,NO_POSITIVE_MARGINAL_EDGE,event_legs=22;fits_budget=True;gross_top_prefilter=0.01;k=8;min_bundle_outlay=7.098
2026-10-08T01:34:59+00:00,buy_all_no,HOUSEMI7-26,HOUSEMI7-26,2,HOUSEMI7-26-D;HOUSEMI7-26-R,no;no,0.4000;0.6000,280.44;4960.38,0,0.0,1.0,1,0.04,0.002,0.0,-0.042,-0.042,1.0,False,NO_POSITIVE_MARGINAL_EDGE,event_legs=2;fits_budget=True;gross_top_prefilter=0.0;k=2;min_bundle_outlay=1.042
2026-10-08T01:34:59+00:00,buy_all_no,KXCRITICSACTR-27,KXCRITICSACTR-27,15,KXCRITICSACTR-27-JMOO;KXCRITICSACTR-27-INAV;KXCRITICSACTR-27-SHUL;KXCRITICSACTR-27-CCOO;KXCRITICSACTR-27-RREI;KXCRITICSACTR-27-OWIL;KXCRITICSACTR-27-MBAI;KXCRITICSACTR-27-RELE;KXCRITICSACTR-27-RMAD;KXCRITICSACTR-27-EBLU;KXCRITICSACTR-27-MMAD;KXCRITICSACTR-27-VEFI;KXCRITICSACTR-27-MREE;KXCRITICSACTR-27-LSEY;KXCRITICSACTR-27-JDOY,no;no;no;no;no;no;no;no;no;no;no;no;no;no;no,0.4300;0.8500;0.9600;0.9800;0.9800;0.9800;0.9800;0.9800;0.9800;0.9800;0.9800;0.9800;0.9800;0.9800;0.9800,52;3308;8742;9484;9484;8484;5532;5255;9384;5804;4547.01;5909;5309;5384.01;4634,0,0.0,14.0,14,0.16,0.015,0.0,-0.175,-0.175,14.0,False,NO_POSITIVE_MARGINAL_EDGE,event_legs=16;fits_budget=False;gross_top_prefilter=0.0;k=15;min_bundle_outlay=14.175
2026-10-08T01:34:59+00:00,buy_all_no,KXFEDDECISION-26DEC,KXFEDDECISION-26DEC,4,KXFEDDECISION-26DEC-H25;KXFEDDECISION-26DEC-H0;KXFEDDECISION-26DEC-C25;KXFEDDECISION-26DEC-H26,no;no;no;no,0.3000;0.7400;0.9800;0.9800,1200;1642.22;42;5008.36,0,0.0,3.0,3,0.06,0.004,0.0,-0.064,-0.064,3.0,False,NO_POSITIVE_MARGINAL_EDGE,event_legs=5;fits_budget=True;gross_top_prefilter=0.0;k=4;min_bundle_outlay=3.064
2026-10-08T01:34:59+00:00,buy_all_no,KXSPAIN2ND-26NOV29-2,KXSPAIN2ND-26NOV29-2,3,KXSPAIN2ND-26NOV29-2-PSOE;KXSPAIN2ND-26NOV29-2-PP;KXSPAIN2ND-26NOV29-2-VOX,no;no;no,0.1500;0.8900;0.9600,5321.94;7428.46;15513.1,0,0.0,2.0,2,0.03,0.003,0.0,-0.033,-0.033,2.0,False,NO_POSITIVE_MARGINAL_EDGE,event_legs=3;fits_budget=True;gross_top_prefilter=0.0;k=3;min_bundle_outlay=2.033
2026-10-08T01:34:59+00:00,buy_all_no,KXUFCLHEAVYWEIGHTTITLE-26,KXUFCLHEAVYWEIGHTTITLE-26,2,KXUFCLHEAVYWEIGHTTITLE-26-CULB;KXUFCLHEAVYWEIGHTTITLE-26-MANK,no;no,0.0600;0.9400,306.23;197.67,0,0.0,1.0,1,0.02,0.002,0.0,-0.022,-0.022,1.0,False,NO_POSITIVE_MARGINAL_EDGE,event_legs=10;fits_budget=True;gross_top_prefilter=0.0;k=2;min_bundle_outlay=1.022
2026-10-08T01:34:59+00:00,buy_all_no,HOUSEIA1-26,HOUSEIA1-26,2,HOUSEIA1-26-D;HOUSEIA1-26-R,no;no,0.1400;0.8600,17.59;20.38,0,0.0,1.0,1,0.02,0.002,0.0,-0.022,-0.022,1.0,False,NO_POSITIVE_MARGINAL_EDGE,event_legs=3;fits_budget=True;gross_top_prefilter=0.0;k=2;min_bundle_outlay=1.022
2026-10-08T01:34:59+00:00,buy_all_no,KXNEXTTEAMNFL-26ARODGERS8,KXNEXTTEAMNFL-26ARODGERS8,2,KXNEXTTEAMNFL-26ARODGERS8-PIT;KXNEXTTEAMNFL-26ARODGERS8-NONE,no;no,0.0800;0.9200,27.17;174.16,0,0.0,1.0,1,0.02,0.002,0.0,-0.022,-0.022,1.0,False,NO_POSITIVE_MARGINAL_EDGE,event_legs=33;fits_budget=True;gross_top_prefilter=0.0;k=2;min_bundle_outlay=1.022
2026-10-08T01:34:59+00:00,buy_all_no,KXGOVCA-26,KXGOVCA-26,2,KXGOVCA-26-XBEC;KXGOVCA-26-SHIL,no;no,0.0370;0.9630,18777.1;153.28,0,0.0,1.0,1,0.02,0.002,0.0,-0.022,-0.022,1.0,False,NO_POSITIVE_MARGINAL_EDGE,event_legs=2;fits_budget=True;gross_top_prefilter=0.0;k=2;min_bundle_outlay=1.022
2026-10-08T01:34:59+00:00,buy_all_no,KXHOUSERACE-TX23-26,KXHOUSERACE-TX23-26,2,KXHOUSERACE-TX23-26-R;KXHOUSERACE-TX23-26-D,no;no,0.3700;0.6300,78.76;330.48,0,0.0,1.0,1,0.04,0.002,0.0,-0.042,-0.042,1.0,False,NO_POSITIVE_MARGINAL_EDGE,event_legs=2;fits_budget=True;gross_top_prefilter=0.0;k=2;min_bundle_outlay=1.042
2026-10-08T01:34:59+00:00,buy_all_no,KXDHOUSESEATS-27,KXDHOUSESEATS-27,12,KXDHOUSESEATS-27-232;KXDHOUSESEATS-27-236;KXDHOUSESEATS-27-240;KXDHOUSESEATS-27-249;KXDHOUSESEATS-27-244;KXDHOUSESEATS-27-228;KXDHOUSESEATS-27-248;KXDHOUSESEATS-27-224;KXDHOUSESEATS-27-210;KXDHOUSESEATS-27-220;KXDHOUSESEATS-27-212;KXDHOUSESEATS-27-216,no;no;no;no;no;no;no;no;no;no;no;no,0.8400;0.8700;0.8800;0.8900;0.9040;0.9080;0.9240;0.9260;0.9550;0.9610;0.9660;0.9690,1269.37;1424.43;1323.62;2475.02;2000;0.67;1674.09;12.03;12.38;1;1354.34;3.06,0,0.0,10.993,11,0.12,0.012,0.007,-0.125,-0.125,10.993,False,NO_POSITIVE_MARGINAL_EDGE,event_legs=12;fits_budget=False;gross_top_prefilter=0.007;k=12;min_bundle_outlay=11.125
2026-10-08T01:34:59+00:00,buy_all_no,KXNFLGAME-26OCT12BUFLAR,KXNFLGAME-26OCT12BUFLAR,2,KXNFLGAME-26OCT12BUFLAR-LAR;KXNFLGAME-26OCT12BUFLAR-BUF,no;no,0.4000;0.6000,18.51;534.41,0,0.0,1.0,1,0.04,0.002,0.0,-0.042,-0.042,1.0,False,NO_POSITIVE_MARGINAL_EDGE,event_legs=2;fits_budget=True;gross_top_prefilter=0.0;k=2;min_bundle_outlay=1.042
2026-10-08T01:34:59+00:00,buy_all_no,KXMLBNL-26,KXMLBNL-26,3,KXMLBNL-26-LAD;KXMLBNL-26-MIL;KXMLBNL-26-SD,no;no;no,0.3600;0.7100;0.9300,30;698.36;7895.41,0,0.0,2.0,2,0.05,0.003,0.0,-0.053,-0.053,2.0,False,NO_POSITIVE_MARGINAL_EDGE,event_legs=15;fits_budget=True;gross_top_prefilter=0.0;k=3;min_bundle_outlay=2.053
2026-10-08T01:34:59+00:00,buy_all_no,KXNFLGAME-26OCT11SFSEA,KXNFLGAME-26OCT11SFSEA,2,KXNFLGAME-26OCT11SFSEA-SEA;KXNFLGAME-26OCT11SFSEA-SF,no;no,0.3900;0.6100,274.08;114.66,0,0.0,1.0,1,0.04,0.002,0.0,-0.042,-0.042,1.0,False,NO_POSITIVE_MARGINAL_EDGE,event_legs=2;fits_budget=True;gross_top_prefilter=0.0;k=2;min_bundle_outlay=1.042
2026-10-08T01:34:59+00:00,buy_all_no,KXUFCFIGHT-26OCT10GODSOU,KXUFCFIGHT-26OCT10GODSOU,2,KXUFCFIGHT-26OCT10GODSOU-GOD;KXUFCFIGHT-26OCT10GODSOU-SOU,no;no,0.3200;0.6800,379;187.58,0,0.0,1.0,1,0.04,0.002,0.0,-0.042,-0.042,1.0,False,NO_POSITIVE_MARGINAL_EDGE,event_legs=2;fits_budget=True;gross_top_prefilter=0.0;k=2;min_bundle_outlay=1.042
2026-10-08T01:34:59+00:00,buy_all_no,KXWODIMATCH-26OCT102350BANAUS,KXWODIMATCH-26OCT102350BANAUS,2,KXWODIMATCH-26OCT102350BANAUS-AUS;KXWODIMATCH-26OCT102350BANAUS-BAN,no;no,0.0400;0.9600,286;300,0,0.0,1.0,1,0.02,0.002,0.0,-0.022,-0.022,1.0,False,NO_POSITIVE_MARGINAL_EDGE,event_legs=2;fits_budget=True;gross_top_prefilter=0.0;k=2;min_bundle_outlay=1.022
2026-10-08T01:34:59+00:00,buy_all_no,KXNFLGAME-26OCT11LVNE,KXNFLGAME-26OCT11LVNE,2,KXNFLGAME-26OCT11LVNE-NE;KXNFLGAME-26OCT11LVNE-LV,no;no,0.3700;0.6300,41.11;15186.9,0,0.0,1.0,1,0.04,0.002,0.0,-0.042,-0.042,1.0,False,NO_POSITIVE_MARGINAL_EDGE,event_legs=2;fits_budget=True;gross_top_prefilter=0.0;k=2;min_bundle_outlay=1.042
2026-10-08T01:34:59+00:00,buy_all_no,KXUFCFIGHT-26OCT10PRABON,KXUFCFIGHT-26OCT10PRABON,2,KXUFCFIGHT-26OCT10PRABON-PRA;KXUFCFIGHT-26OCT10PRABON-BON,no;no,0.5000;0.5000,11188.8;367.76,0,0.0,1.0,1,0.04,0.002,0.0,-0.042,-0.042,1.0,False,NO_POSITIVE_MARGINAL_EDGE,event_legs=2;fits_budget=True;gross_top_prefilter=0.0;k=2;min_bundle_outlay=1.042
2026-10-08T01:34:59+00:00,buy_all_no,KXATTYGENAZ-26,KXATTYGENAZ-26,2,KXATTYGENAZ-26-D;KXATTYGENAZ-26-R,no;no,0.1900;0.8100,10;4614.4,0,0.0,1.0,1,0.04,0.002,0.0,-0.042,-0.042,1.0,False,NO_POSITIVE_MARGINAL_EDGE,event_legs=2;fits_budget=True;gross_top_prefilter=0.0;k=2;min_bundle_outlay=1.042
2026-10-08T01:34:59+00:00,buy_all_no,KXNCAAFGAME-26OCT10UNCPITT,KXNCAAFGAME-26OCT10UNCPITT,2,KXNCAAFGAME-26OCT10UNCPITT-PITT;KXNCAAFGAME-26OCT10UNCPITT-UNC,no;no,0.3800;0.6200,3183.96;78.12,0,0.0,1.0,1,0.04,0.002,0.0,-0.042,-0.042,1.0,False,NO_POSITIVE_MARGINAL_EDGE,event_legs=2;fits_budget=True;gross_top_prefilter=0.0;k=2;min_bundle_outlay=1.042
2026-10-08T01:34:59+00:00,buy_all_no,KXNCAAFGAME-26OCT10SDSUORST,KXNCAAFGAME-26OCT10SDSUORST,2,KXNCAAFGAME-26OCT10SDSUORST-ORST;KXNCAAFGAME-26OCT10SDSUORST-SDSU,no;no,0.1500;0.8500,6111;41.84,0,0.0,1.0,1,0.02,0.002,0.0,-0.022,-0.022,1.0,False,NO_POSITIVE_MARGINAL_EDGE,event_legs=2;fits_budget=True;gross_top_prefilter=0.0;k=2;min_bundle_outlay=1.022
2026-10-08T01:34:59+00:00,buy_all_no,KXUFCFIGHT-26OCT10PERZHE,KXUFCFIGHT-26OCT10PERZHE,2,KXUFCFIGHT-26OCT10PERZHE-PER;KXUFCFIGHT-26OCT10PERZHE-ZHE,no;no,0.4300;0.5700,48;2913,0,0.0,1.0,1,0.04,0.002,0.0,-0.042,-0.042,1.0,False,NO_POSITIVE_MARGINAL_EDGE,event_legs=2;fits_budget=True;gross_top_prefilter=0.0;k=2;min_bundle_outlay=1.042
2026-10-08T01:34:59+00:00,buy_all_no,KXCBDECISIONCANADA-26OCT,KXCBDECISIONCANADA-26OCT,2,KXCBDECISIONCANADA-26OCT-H0;KXCBDECISIONCANADA-26OCT-H25,no;no,0.1900;0.8100,8.68;268.46,0,0.0,1.0,1,0.04,0.002,0.0,-0.042,-0.042,1.0,False,NO_POSITIVE_MARGINAL_EDGE,event_legs=5;fits_budget=True;gross_top_prefilter=0.0;k=2;min_bundle_outlay=1.042
2026-10-08T01:34:59+00:00,buy_all_no,KXNCAAFGAME-26OCT10TEXOKLA,KXNCAAFGAME-26OCT10TEXOKLA,2,KXNCAAFGAME-26OCT10TEXOKLA-TEX;KXNCAAFGAME-26OCT10TEXOKLA-OKLA,no;no,0.2500;0.7500,11632.7;6147.86,0,0.0,1.0,1,0.04,0.002,0.0,-0.042,-0.042,1.0,False,NO_POSITIVE_MARGINAL_EDGE,event_legs=2;fits_budget=True;gross_top_prefilter=0.0;k=2;min_bundle_outlay=1.042
2026-10-08T01:34:59+00:00,buy_all_no,KXNCAAFGAME-26OCT10ODUAPP,KXNCAAFGAME-26OCT10ODUAPP,2,KXNCAAFGAME-26OCT10ODUAPP-APP;KXNCAAFGAME-26OCT10ODUAPP-ODU,no;no,0.2300;0.7700,245;60,0,0.0,1.0,1,0.04,0.002,0.0,-0.042,-0.042,1.0,False,NO_POSITIVE_MARGINAL_EDGE,event_legs=2;fits_budget=True;gross_top_prefilter=0.0;k=2;min_bundle_outlay=1.042
2026-10-08T01:34:59+00:00,buy_all_no,KXEPLGAME-26OCT10MUNTOT,KXEPLGAME-26OCT10MUNTOT,3,KXEPLGAME-26OCT10MUNTOT-MUN;KXEPLGAME-26OCT10MUNTOT-TIE;KXEPLGAME-26OCT10MUNTOT-TOT,no;no;no,0.4300;0.7800;0.7900,6020.65;290;24.43,0,0.0,2.0,2,0.06,0.003,0.0,-0.063,-0.063,2.0,False,NO_POSITIVE_MARGINAL_EDGE,event_legs=3;fits_budget=True;gross_top_prefilter=0.0;k=3;min_bundle_outlay=2.063
2026-10-08T01:34:59+00:00,buy_all_no,KXNCAAFGAME-26OCT10SCARFLA,KXNCAAFGAME-26OCT10SCARFLA,2,KXNCAAFGAME-26OCT10SCARFLA-FLA;KXNCAAFGAME-26OCT10SCARFLA-SCAR,no;no,0.1900;0.8100,5025.68;254.78,0,0.0,1.0,1,0.04,0.002,0.0,-0.042,-0.042,1.0,False,NO_POSITIVE_MARGINAL_EDGE,event_legs=2;fits_budget=True;gross_top_prefilter=0.0;k=2;min_bundle_outlay=1.042
2026-10-08T01:34:59+00:00,buy_all_no,KXEPLGAME-26OCT11LFCMCI,KXEPLGAME-26OCT11LFCMCI,3,KXEPLGAME-26OCT11LFCMCI-MCI;KXEPLGAME-26OCT11LFCMCI-LFC;KXEPLGAME-26OCT11LFCMCI-TIE,no;no;no,0.6200;0.6300;0.7500,610.76;53.25;9526.56,0,0.0,2.0,2,0.06,0.003,0.0,-0.063,-0.063,2.0,False,NO_POSITIVE_MARGINAL_EDGE,event_legs=3;fits_budget=True;gross_top_prefilter=0.0;k=3;min_bundle_outlay=2.063
2026-10-08T01:34:59+00:00,buy_all_no,KXNHLGAME-26OCT08COLCGY,KXNHLGAME-26OCT08COLCGY,2,KXNHLGAME-26OCT08COLCGY-COL;KXNHLGAME-26OCT08COLCGY-CGY,no;no,0.3200;0.6800,368;117.56,0,0.0,1.0,1,0.04,0.002,0.0,-0.042,-0.042,1.0,False,NO_POSITIVE_MARGINAL_EDGE,event_legs=2;fits_budget=True;gross_top_prefilter=0.0;k=2;min_bundle_outlay=1.042
2026-10-08T01:34:59+00:00,buy_all_no,KXNCAAFGAME-26OCT09WSUUSU,KXNCAAFGAME-26OCT09WSUUSU,2,KXNCAAFGAME-26OCT09WSUUSU-USU;KXNCAAFGAME-26OCT09WSUUSU-WSU,no;no,0.3500;0.6500,243;272.77,0,0.0,1.0,1,0.04,0.002,0.0,-0.042,-0.042,1.0,False,NO_POSITIVE_MARGINAL_EDGE,event_legs=2;fits_budget=True;gross_top_prefilter=0.0;k=2;min_bundle_outlay=1.042
2026-10-08T01:34:59+00:00,buy_all_no,KXOWGAME-26OCT090700ZETASEI,KXOWGAME-26OCT090700ZETASEI,2,KXOWGAME-26OCT090700ZETASEI-ZETA;KXOWGAME-26OCT090700ZETASEI-SEI,no;no,0.0400;0.9600,226.05;248.32,0,0.0,1.0,1,0.02,0.002,0.0,-0.022,-0.022,1.0,False,NO_POSITIVE_MARGINAL_EDGE,event_legs=2;fits_budget=True;gross_top_prefilter=0.0;k=2;min_bundle_outlay=1.022
2026-10-08T01:34:59+00:00,buy_all_no,KXHIGHTSEA-26OCT08,KXHIGHTSEA-26OCT08,4,KXHIGHTSEA-26OCT08-B68.5;KXHIGHTSEA-26OCT08-B70.5;KXHIGHTSEA-26OCT08-T68;KXHIGHTSEA-26OCT08-B72.5,no;no;no;no,0.5700;0.7300;0.7500;0.9500,9;23.92;55.25;415,0,0.0,3.0,3,0.07,0.004,0.0,-0.074,-0.074,3.0,False,NO_POSITIVE_MARGINAL_EDGE,event_legs=6;fits_budget=True;gross_top_prefilter=0.0;k=4;min_bundle_outlay=3.074
2026-10-08T01:34:59+00:00,buy_all_no,KXCS2GAME-26OCT081300BLASIN,KXCS2GAME-26OCT081300BLASIN,2,KXCS2GAME-26OCT081300BLASIN-BLA;KXCS2GAME-26OCT081300BLASIN-SIN,no;no,0.5000;0.5000,99;276,0,0.0,1.0,1,0.04,0.002,0.0,-0.042,-0.042,1.0,False,NO_POSITIVE_MARGINAL_EDGE,event_legs=2;fits_budget=True;gross_top_prefilter=0.0;k=2;min_bundle_outlay=1.042
2026-10-08T01:34:59+00:00,buy_all_no,KXNCAAFGAME-26OCT10TULNARMY,KXNCAAFGAME-26OCT10TULNARMY,2,KXNCAAFGAME-26OCT10TULNARMY-ARMY;KXNCAAFGAME-26OCT10TULNARMY-TULN,no;no,0.4000;0.6000,41.44;4.88,0,0.0,1.0,1,0.04,0.002,0.0,-0.042,-0.042,1.0,False,NO_POSITIVE_MARGINAL_EDGE,event_legs=2;fits_budget=True;gross_top_prefilter=0.0;k=2;min_bundle_outlay=1.042
2026-10-08T01:34:59+00:00,buy_all_no,KXR6GAME-26OCT081100DZC9,KXR6GAME-26OCT081100DZC9,2,KXR6GAME-26OCT081100DZC9-DZ;KXR6GAME-26OCT081100DZC9-C9,no;no,0.3400;0.6600,30;20,0,0.0,1.0,1,0.04,0.002,0.0,-0.042,-0.042,1.0,False,NO_POSITIVE_MARGINAL_EDGE,event_legs=2;fits_budget=True;gross_top_prefilter=0.0;k=2;min_bundle_outlay=1.042
2026-10-08T01:34:59+00:00,buy_all_no,KXNCAAFGAME-26OCT10JMUGASO,KXNCAAFGAME-26OCT10JMUGASO,2,KXNCAAFGAME-26OCT10JMUGASO-JMU;KXNCAAFGAME-26OCT10JMUGASO-GASO,no;no,0.2600;0.7400,2.4;3162,0,0.0,1.0,1,0.04,0.002,0.0,-0.042,-0.042,1.0,False,NO_POSITIVE_MARGINAL_EDGE,event_legs=2;fits_budget=True;gross_top_prefilter=0.0;k=2;min_bundle_outlay=1.042
2026-10-08T01:34:59+00:00,buy_all_no,KXNBAGAME-26OCT08WASNYK,KXNBAGAME-26OCT08WASNYK,2,KXNBAGAME-26OCT08WASNYK-NYK;KXNBAGAME-26OCT08WASNYK-WAS,no;no,0.3600;0.6400,20;495.86,0,0.0,1.0,1,0.04,0.002,0.0,-0.042,-0.042,1.0,False,NO_POSITIVE_MARGINAL_EDGE,event_legs=2;fits_budget=True;gross_top_prefilter=0.0;k=2;min_bundle_outlay=1.042
2026-10-08T01:34:59+00:00,buy_all_no,KXNCAAFGAME-26OCT10KENTWMU,KXNCAAFGAME-26OCT10KENTWMU,2,KXNCAAFGAME-26OCT10KENTWMU-WMU;KXNCAAFGAME-26OCT10KENTWMU-KENT,no;no,0.1600;0.8400,3;3875,0,0.0,1.0,1,0.02,0.002,0.0,-0.022,-0.022,1.0,False,NO_POSITIVE_MARGINAL_EDGE,event_legs=2;fits_budget=True;gross_top_prefilter=0.0;k=2;min_bundle_outlay=1.022
2026-10-08T01:34:59+00:00,buy_all_no,KXCS2GAME-26OCT080500UNKGL,KXCS2GAME-26OCT080500UNKGL,2,KXCS2GAME-26OCT080500UNKGL-GL;KXCS2GAME-26OCT080500UNKGL-UNK,no;no,0.3000;0.7000,0.69;100,0,0.0,1.0,1,0.04,0.002,0.0,-0.042,-0.042,1.0,False,NO_POSITIVE_MARGINAL_EDGE,event_legs=2;fits_budget=True;gross_top_prefilter=0.0;k=2;min_bundle_outlay=1.042
2026-10-08T01:34:59+00:00,buy_all_no,KXBOXING-26OCT08IGLESIZAREN,KXBOXING-26OCT08IGLESIZAREN,2,KXBOXING-26OCT08IGLESIZAREN-IGLESI;KXBOXING-26OCT08IGLESIZAREN-ZAREN,no;no,0.0800;0.9300,32;825.4,0,0.0,1.01,1,0.02,0.002,-0.01,-0.032,-0.032,1.01,False,NO_POSITIVE_MARGINAL_EDGE,event_legs=2;fits_budget=True;gross_top_prefilter=0.0;k=2;min_bundle_outlay=1.032
2026-10-08T01:34:59+00:00,buy_all_no,KXITFMATCH-26OCT08KOSRAH,KXITFMATCH-26OCT08KOSRAH,2,KXITFMATCH-26OCT08KOSRAH-RAH;KXITFMATCH-26OCT08KOSRAH-KOS,no;no,0.1800;0.8200,55;30,0,0.0,1.0,1,0.04,0.002,0.0,-0.042,-0.042,1.0,False,NO_POSITIVE_MARGINAL_EDGE,event_legs=2;fits_budget=True;gross_top_prefilter=0.0;k=2;min_bundle_outlay=1.042
2026-10-08T01:34:59+00:00,buy_all_no,KXITFWMATCH-26OCT08DIAPOP,KXITFWMATCH-26OCT08DIAPOP,2,KXITFWMATCH-26OCT08DIAPOP-POP;KXITFWMATCH-26OCT08DIAPOP-DIA,no;no,0.4600;0.5400,28;0.23,0,0.0,1.0,1,0.04,0.002,0.0,-0.042,-0.042,1.0,False,NO_POSITIVE_MARGINAL_EDGE,event_legs=2;fits_budget=True;gross_top_prefilter=0.0;k=2;min_bundle_outlay=1.042
2026-10-08T01:34:59+00:00,buy_all_no,KXITFMATCH-26OCT07SUZALK,KXITFMATCH-26OCT07SUZALK,2,KXITFMATCH-26OCT07SUZALK-ALK;KXITFMATCH-26OCT07SUZALK-SUZ,no;no,0.0900;0.9100,379;51.3,0,0.0,1.0,1,0.02,0.002,0.0,-0.022,-0.022,1.0,False,NO_POSITIVE_MARGINAL_EDGE,event_legs=2;fits_budget=True;gross_top_prefilter=0.0;k=2;min_bundle_outlay=1.022
2026-10-08T01:34:59+00:00,buy_all_no,KXITFMATCH-26OCT08BOUDAL,KXITFMATCH-26OCT08BOUDAL,2,KXITFMATCH-26OCT08BOUDAL-DAL;KXITFMATCH-26OCT08BOUDAL-BOU,no;no,0.3500;0.6500,14;50,0,0.0,1.0,1,0.04,0.002,0.0,-0.042,-0.042,1.0,False,NO_POSITIVE_MARGINAL_EDGE,event_legs=2;fits_budget=True;gross_top_prefilter=0.0;k=2;min_bundle_outlay=1.042
2026-10-08T01:34:59+00:00,buy_all_no,KXWNBAGAME-26OCT07LVGS,KXWNBAGAME-26OCT07LVGS,2,KXWNBAGAME-26OCT07LVGS-GS;KXWNBAGAME-26OCT07LVGS-LV,no;no,0.4700;0.5300,67726.8;58970.5,0,0.0,1.0,1,0.04,0.002,0.0,-0.042,-0.042,1.0,False,NO_POSITIVE_MARGINAL_EDGE,event_legs=2;fits_budget=True;gross_top_prefilter=0.0;k=2;min_bundle_outlay=1.042
2026-10-08T01:34:59+00:00,buy_all_no,KXATPMATCH-26OCT06MUNBRO,KXATPMATCH-26OCT06MUNBRO,2,KXATPMATCH-26OCT06MUNBRO-MUN;KXATPMATCH-26OCT06MUNBRO-BRO,no;no,0.3600;0.6400,7464.47;2295,0,0.0,1.0,1,0.04,0.002,0.0,-0.042,-0.042,1.0,False,NO_POSITIVE_MARGINAL_EDGE,event_legs=2;fits_budget=True;gross_top_prefilter=0.0;k=2;min_bundle_outlay=1.042
2026-10-08T01:34:59+00:00,buy_all_no,KXITFMATCH-26OCT07EHRMUK,KXITFMATCH-26OCT07EHRMUK,2,KXITFMATCH-26OCT07EHRMUK-EHR;KXITFMATCH-26OCT07EHRMUK-MUK,no;no,0.3300;0.6700,4.01;2,0,0.0,1.0,1,0.04,0.002,0.0,-0.042,-0.042,1.0,False,NO_POSITIVE_MARGINAL_EDGE,event_legs=2;fits_budget=True;gross_top_prefilter=0.0;k=2;min_bundle_outlay=1.042
2026-10-08T01:34:59+00:00,buy_all_no,KXATPMATCH-26OCT06BORDIA,KXATPMATCH-26OCT06BORDIA,2,KXATPMATCH-26OCT06BORDIA-BOR;KXATPMATCH-26OCT06BORDIA-DIA,no;no,0.2500;0.7500,181.04;7604,0,0.0,1.0,1,0.04,0.002,0.0,-0.042,-0.042,1.0,False,NO_POSITIVE_MARGINAL_EDGE,event_legs=2;fits_budget=True;gross_top_prefilter=0.0;k=2;min_bundle_outlay=1.042
2026-10-08T01:34:59+00:00,buy_all_no,KXITFMATCH-26OCT07DELCHI,KXITFMATCH-26OCT07DELCHI,2,KXITFMATCH-26OCT07DELCHI-DEL;KXITFMATCH-26OCT07DELCHI-CHI,no;no,0.1000;0.9000,9;431,0,0.0,1.0,1,0.02,0.002,0.0,-0.022,-0.022,1.0,False,NO_POSITIVE_MARGINAL_EDGE,event_legs=2;fits_budget=True;gross_top_prefilter=0.0;k=2;min_bundle_outlay=1.022
2026-10-08T01:34:59+00:00,buy_all_no,KXWTACHALLENGERMATCH-26OCT07BAIJON,KXWTACHALLENGERMATCH-26OCT07BAIJON,2,KXWTACHALLENGERMATCH-26OCT07BAIJON-JON;KXWTACHALLENGERMATCH-26OCT07BAIJON-BAI,no;no,0.4100;0.5900,25;1.5,0,0.0,1.0,1,0.04,0.002,0.0,-0.042,-0.042,1.0,False,NO_POSITIVE_MARGINAL_EDGE,event_legs=2;fits_budget=True;gross_top_prefilter=0.0;k=2;min_bundle_outlay=1.042
2026-10-08T01:34:59+00:00,buy_all_no,KXHOUSERACE-TN05-26,KXHOUSERACE-TN05-26,2,KXHOUSERACE-TN05-26-R;KXHOUSERACE-TN05-26-D,no;no,0.0810;0.9220,78;78.47,0,0.0,1.003,1,0.02,0.002,-0.003,-0.025,-0.025,1.003,False,NO_POSITIVE_MARGINAL_EDGE,event_legs=2;fits_budget=True;gross_top_prefilter=-0.003;k=2;min_bundle_outlay=1.025
2026-10-08T01:34:59+00:00,buy_all_no,KXNASCARRACE-BANOA26,KXNASCARRACE-BANOA26,14,KXNASCARRACE-BANOA26-CHBE;KXNASCARRACE-BANOA26-DEHA;KXNASCARRACE-BANOA26-KYLA;KXNASCARRACE-BANOA26-CHBR;KXNASCARRACE-BANOA26-TYRE;KXNASCARRACE-BANOA26-RYBL;KXNASCARRACE-BANOA26-TYGI;KXNASCARRACE-BANOA26-WIBY;KXNASCARRACE-BANOA26-JOLO;KXNASCARRACE-BANOA26-BUWA;KXNASCARRACE-BANOA26-CHEL;KXNASCARRACE-BANOA26-CAHO;KXNASCARRACE-BANOA26-AUCI;KXNASCARRACE-BANOA26-COHE,no;no;no;no;no;no;no;no;no;no;no;no;no;no,0.8400;0.8500;0.8500;0.8800;0.9100;0.9400;0.9400;0.9500;0.9700;0.9700;0.9700;0.9700;0.9800;0.9800,7.63;20.1;100;89;100;25.08;401.32;91.74;2146.74;11044;559;1198.49;895.12;100,0,0.0,13.0,13,0.14,0.014,0.0,-0.154,-0.154,13.0,False,NO_POSITIVE_MARGINAL_EDGE,event_legs=39;fits_budget=False;gross_top_prefilter=0.0;k=14;min_bundle_outlay=13.154
2026-10-08T01:34:59+00:00,buy_all_no,GOVPARTYPA-26,GOVPARTYPA-26,2,GOVPARTYPA-26-D;GOVPARTYPA-26-R,no;no,0.0260;0.9780,28;1096.19,0,0.0,1.004,1,0.02,0.002,-0.004,-0.026,-0.026,1.004,False,NO_POSITIVE_MARGINAL_EDGE,event_legs=2;fits_budget=True;gross_top_prefilter=-0.004;k=2;min_bundle_outlay=1.026
2026-10-08T01:34:59+00:00,buy_all_no,KXHOUSERACE-MI01-26,KXHOUSERACE-MI01-26,2,KXHOUSERACE-MI01-26-R;KXHOUSERACE-MI01-26-D,no;no,0.1000;0.9040,34.67;1.23,0,0.0,1.004,1,0.02,0.002,-0.004,-0.026,-0.026,1.004,False,NO_POSITIVE_MARGINAL_EDGE,event_legs=2;fits_budget=True;gross_top_prefilter=-0.004;k=2;min_bundle_outlay=1.026
2026-10-08T01:34:59+00:00,buy_all_no,GOVPARTYMA-26,GOVPARTYMA-26,2,GOVPARTYMA-26-D;GOVPARTYMA-26-R,no;no,0.0500;0.9510,550;701,0,0.0,1.001,1,0.02,0.002,-0.001,-0.023,-0.023,1.001,False,NO_POSITIVE_MARGINAL_EDGE,event_legs=2;fits_budget=True;gross_top_prefilter=-0.001;k=2;min_bundle_outlay=1.023
2026-10-08T01:34:59+00:00,buy_all_no,KXATPMATCH-26OCT06MARSVA,KXATPMATCH-26OCT06MARSVA,2,KXATPMATCH-26OCT06MARSVA-MAR;KXATPMATCH-26OCT06MARSVA-SVA,no;no,0.4500;0.5500,747;150,0,0.0,1.0,1,0.04,0.002,0.0,-0.042,-0.042,1.0,False,NO_POSITIVE_MARGINAL_EDGE,event_legs=2;fits_budget=True;gross_top_prefilter=0.0;k=2;min_bundle_outlay=1.042
2026-10-08T01:34:59+00:00,buy_all_no,HOUSECA21-26,HOUSECA21-26,2,HOUSECA21-26-D;HOUSECA21-26-R,no;no,0.0540;0.9510,47;1297,0,0.0,1.005,1,0.02,0.002,-0.005,-0.027,-0.027,1.005,False,NO_POSITIVE_MARGINAL_EDGE,event_legs=2;fits_budget=True;gross_top_prefilter=-0.005;k=2;min_bundle_outlay=1.027
2026-10-08T01:34:59+00:00,buy_all_no,KXNHLGAME-26OCT08UTABOS,KXNHLGAME-26OCT08UTABOS,2,KXNHLGAME-26OCT08UTABOS-UTA;KXNHLGAME-26OCT08UTABOS-BOS,no;no,0.4700;0.5300,368;12.57,0,0.0,1.0,1,0.04,0.002,0.0,-0.042,-0.042,1.0,False,NO_POSITIVE_MARGINAL_EDGE,event_legs=2;fits_budget=True;gross_top_prefilter=0.0;k=2;min_bundle_outlay=1.042
2026-10-08T01:34:59+00:00,buy_all_no,SENATELA-26,SENATELA-26,2,SENATELA-26-R;SENATELA-26-D,no;no,0.0380;0.9670,40;564,0,0.0,1.005,1,0.02,0.002,-0.005,-0.027,-0.027,1.005,False,NO_POSITIVE_MARGINAL_EDGE,event_legs=2;fits_budget=True;gross_top_prefilter=-0.005;k=2;min_bundle_outlay=1.027
2026-10-08T01:34:59+00:00,buy_all_no,KXBRASILEIROGAME-26OCT07CRUSPA,KXBRASILEIROGAME-26OCT07CRUSPA,3,KXBRASILEIROGAME-26OCT07CRUSPA-CRU;KXBRASILEIROGAME-26OCT07CRUSPA-TIE;KXBRASILEIROGAME-26OCT07CRUSPA-SPA,no;no;no,0.2600;0.8100;0.9350,3228.25;582.27;715.37,0,0.0,2.005,2,0.05,0.003,-0.005,-0.058,-0.058,2.005,False,NO_POSITIVE_MARGINAL_EDGE,event_legs=3;fits_budget=True;gross_top_prefilter=-0.005;k=3;min_bundle_outlay=2.058
2026-10-08T01:34:59+00:00,buy_all_no,SENATENC-26,SENATENC-26,2,SENATENC-26-D;SENATENC-26-R,no;no,0.0310;0.9700,87;2,0,0.0,1.001,1,0.02,0.002,-0.001,-0.023,-0.023,1.001,False,NO_POSITIVE_MARGINAL_EDGE,event_legs=2;fits_budget=True;gross_top_prefilter=-0.001;k=2;min_bundle_outlay=1.023
2026-10-08T01:34:59+00:00,buy_all_no,GOVPARTYCA-26,GOVPARTYCA-26,2,GOVPARTYCA-26-D;GOVPARTYCA-26-R,no;no,0.0380;0.9680,445.57;3.25,0,0.0,1.006,1,0.02,0.002,-0.006,-0.028,-0.028,1.006,False,NO_POSITIVE_MARGINAL_EDGE,event_legs=2;fits_budget=True;gross_top_prefilter=-0.006;k=2;min_bundle_outlay=1.028
2026-10-08T01:34:59+00:00,buy_all_no,GOVPARTYAL-26,GOVPARTYAL-26,2,GOVPARTYAL-26-R;GOVPARTYAL-26-D,no;no,0.0850;0.9160,103.33;157,0,0.0,1.001,1,0.02,0.002,-0.001,-0.023,-0.023,1.001,False,NO_POSITIVE_MARGINAL_EDGE,event_legs=2;fits_budget=True;gross_top_prefilter=-0.001;k=2;min_bundle_outlay=1.023
2026-10-08T01:34:59+00:00,buy_all_no,KXATTYGENID-26,KXATTYGENID-26,2,KXATTYGENID-26-R;KXATTYGENID-26-D,no;no,0.0390;0.9660,1688;2644,0,0.0,1.005,1,0.02,0.002,-0.005,-0.027,-0.027,1.005,False,NO_POSITIVE_MARGINAL_EDGE,event_legs=2;fits_budget=True;gross_top_prefilter=-0.005;k=2;min_bundle_outlay=1.027
2026-10-08T01:34:59+00:00,buy_all_no,GOVPARTYMN-26,GOVPARTYMN-26,2,GOVPARTYMN-26-D;GOVPARTYMN-26-R,no;no,0.0550;0.9520,500.34;57.87,0,0.0,1.007,1,0.02,0.002,-0.007,-0.029,-0.029,1.007,False,NO_POSITIVE_MARGINAL_EDGE,event_legs=2;fits_budget=True;gross_top_prefilter=-0.007;k=2;min_bundle_outlay=1.029
2026-10-08T01:34:59+00:00,buy_all_no,SENATEGA-26,SENATEGA-26,2,SENATEGA-26-D;SENATEGA-26-R,no;no,0.0370;0.9660,4717.87;6.41,0,0.0,1.003,1,0.02,0.002,-0.003,-0.025,-0.025,1.003,False,NO_POSITIVE_MARGINAL_EDGE,event_legs=2;fits_budget=True;gross_top_prefilter=-0.003;k=2;min_bundle_outlay=1.025
2026-10-08T01:34:59+00:00,buy_all_no,GOVPARTYNH-28,GOVPARTYNH-28,2,GOVPARTYNH-28-R;GOVPARTYNH-28-D,no;no,0.0740;0.9300,118.87;844.86,0,0.0,1.004,1,0.02,0.002,-0.004,-0.026,-0.026,1.004,False,NO_POSITIVE_MARGINAL_EDGE,event_legs=2;fits_budget=True;gross_top_prefilter=-0.004;k=2;min_bundle_outlay=1.026
2026-10-08T01:34:59+00:00,buy_all_no,GOVPARTYTN-26,GOVPARTYTN-26,2,GOVPARTYTN-26-R;GOVPARTYTN-26-D,no;no,0.0590;0.9500,1000;1497.47,0,0.0,1.009,1,0.02,0.002,-0.009,-0.031,-0.031,1.009,False,NO_POSITIVE_MARGINAL_EDGE,event_legs=2;fits_budget=True;gross_top_prefilter=-0.009;k=2;min_bundle_outlay=1.031
2026-10-08T01:34:59+00:00,buy_all_no,KXHOUSERACE-GA01-26,KXHOUSERACE-GA01-26,2,KXHOUSERACE-GA01-26-R;KXHOUSERACE-GA01-26-D,no;no,0.0980;0.9090,53.82;64.9,0,0.0,1.007,1,0.02,0.002,-0.007,-0.029,-0.029,1.007,False,NO_POSITIVE_MARGINAL_EDGE,event_legs=2;fits_budget=True;gross_top_prefilter=-0.007;k=2;min_bundle_outlay=1.029
2026-10-08T01:34:59+00:00,buy_all_no,SENATEID-26,SENATEID-26,2,SENATEID-26-R;SENATEID-26-TACH,no;no,0.0790;0.9300,500;32342.3,0,0.0,1.009,1,0.02,0.002,-0.009,-0.031,-0.031,1.009,False,NO_POSITIVE_MARGINAL_EDGE,event_legs=3;fits_budget=True;gross_top_prefilter=-0.009;k=2;min_bundle_outlay=1.031
2026-10-08T01:34:59+00:00,buy_all_no,GOVPARTYIL-26,GOVPARTYIL-26,2,GOVPARTYIL-26-D;GOVPARTYIL-26-R,no;no,0.0330;0.9760,30;359,0,0.0,1.009,1,0.02,0.002,-0.009,-0.031,-0.031,1.009,False,NO_POSITIVE_MARGINAL_EDGE,event_legs=2;fits_budget=True;gross_top_prefilter=-0.009;k=2;min_bundle_outlay=1.031
2026-10-08T01:34:59+00:00,buy_all_no,KXLOSEREELECTIONDSEN-2026,KXLOSEREELECTIONDSEN-2026,3,KXLOSEREELECTIONDSEN-2026-0;KXLOSEREELECTIONDSEN-2026-2;KXLOSEREELECTIONDSEN-2026-1,no;no;no,0.0580;0.9700;0.9800,2410.01;0.01;4774,0,0.0,2.008,2,0.03,0.003,-0.008,-0.041,-0.041,2.008,False,NO_POSITIVE_MARGINAL_EDGE,event_legs=6;fits_budget=True;gross_top_prefilter=-0.008;k=3;min_bundle_outlay=2.041
2026-10-08T01:34:59+00:00,buy_all_no,GOVPARTYCO-26,GOVPARTYCO-26,2,GOVPARTYCO-26-D;GOVPARTYCO-26-R,no;no,0.0390;0.9690,292.67;449.33,0,0.0,1.008,1,0.02,0.002,-0.008,-0.03,-0.03,1.008,False,NO_POSITIVE_MARGINAL_EDGE,event_legs=2;fits_budget=True;gross_top_prefilter=-0.008;k=2;min_bundle_outlay=1.03
2026-10-08T01:34:59+00:00,buy_all_no,KXBALANCEPOWERCOMBO-27FEB,KXBALANCEPOWERCOMBO-27FEB,3,KXBALANCEPOWERCOMBO-27FEB-DD;KXBALANCEPOWERCOMBO-27FEB-DR;KXBALANCEPOWERCOMBO-27FEB-RR,no;no;no,0.3900;0.7200;0.9000,28;39575;500,0,0.0,2.01,2,0.05,0.003,-0.01,-0.063,-0.063,2.01,False,NO_POSITIVE_MARGINAL_EDGE,event_legs=4;fits_budget=True;gross_top_prefilter=-0.01;k=3;min_bundle_outlay=2.063
2026-10-08T01:34:59+00:00,buy_all_no,KXMNSENGOVCOMBO-26NOV,KXMNSENGOVCOMBO-26NOV,3,KXMNSENGOVCOMBO-26NOV-DEMDEM;KXMNSENGOVCOMBO-26NOV-DEMREP;KXMNSENGOVCOMBO-26NOV-REPDEM,no;no;no,0.1300;0.9100;0.9700,1987.45;150;60,0,0.0,2.01,2,0.03,0.003,-0.01,-0.043,-0.043,2.01,False,NO_POSITIVE_MARGINAL_EDGE,event_legs=4;fits_budget=True;gross_top_prefilter=-0.01;k=3;min_bundle_outlay=2.043
2026-10-08T01:34:59+00:00,buy_all_no,KXGOVAK-26,KXGOVAK-26,3,KXGOVAK-26-JKRE;KXGOVAK-26-BWIL;KXGOVAK-26-TTAY,no;no;no,0.2300;0.7900;0.9860,59.66;0.71;63,0,0.0,2.006,2,0.05,0.003,-0.006,-0.059,-0.059,2.006,False,NO_POSITIVE_MARGINAL_EDGE,event_legs=16;fits_budget=True;gross_top_prefilter=-0.006;k=3;min_bundle_outlay=2.059
2026-10-08T01:34:59+00:00,buy_all_no,KXPRESPARTY-2028,KXPRESPARTY-2028,2,KXPRESPARTY-2028-D;KXPRESPARTY-2028-R,no;no,0.4200;0.5900,1546.8;413.92,0,0.0,1.01,1,0.04,0.002,-0.01,-0.052,-0.052,1.01,False,NO_POSITIVE_MARGINAL_EDGE,event_legs=2;fits_budget=True;gross_top_prefilter=-0.01;k=2;min_bundle_outlay=1.052
2026-10-08T01:34:59+00:00,buy_all_no,KXTAIPEIMAYOR-26NOV28,KXTAIPEIMAYOR-26NOV28,2,KXTAIPEIMAYOR-26NOV28-CWAN;KXTAIPEIMAYOR-26NOV28-SPY,no;no,0.2800;0.7300,0.54;91,0,0.0,1.01,1,0.04,0.002,-0.01,-0.052,-0.052,1.01,False,NO_POSITIVE_MARGINAL_EDGE,event_legs=6;fits_budget=True;gross_top_prefilter=-0.01;k=2;min_bundle_outlay=1.052
2026-10-08T01:34:59+00:00,buy_all_no,SENATESD-26,SENATESD-26,2,SENATESD-26-R;SENATESD-26-BBEN,no;no,0.0790;0.9300,52.57;6525.77,0,0.0,1.009,1,0.02,0.002,-0.009,-0.031,-0.031,1.009,False,NO_POSITIVE_MARGINAL_EDGE,event_legs=3;fits_budget=True;gross_top_prefilter=-0.009;k=2;min_bundle_outlay=1.031
2026-10-08T01:34:59+00:00,buy_all_no,KXNFLNFCNORTH-27,KXNFLNFCNORTH-27,4,KXNFLNFCNORTH-27-MIN;KXNFLNFCNORTH-27-CHI;KXNFLNFCNORTH-27-DET;KXNFLNFCNORTH-27-GB,no;no;no;no,0.6300;0.7200;0.7400;0.9200,4244.9;208212;43.37;6986.43,0,0.0,3.01,3,0.07,0.004,-0.01,-0.084,-0.084,3.01,False,NO_POSITIVE_MARGINAL_EDGE,event_legs=4;fits_budget=True;gross_top_prefilter=-0.01;k=4;min_bundle_outlay=3.084
2026-10-08T01:34:59+00:00,buy_all_no,CONTROLH-2026,CONTROLH-2026,2,CONTROLH-2026-D;CONTROLH-2026-R,no;no,0.1100;0.9000,285658;125403,0,0.0,1.01,1,0.02,0.002,-0.01,-0.032,-0.032,1.01,False,NO_POSITIVE_MARGINAL_EDGE,event_legs=2;fits_budget=True;gross_top_prefilter=-0.01;k=2;min_bundle_outlay=1.032
2026-10-08T01:34:59+00:00,buy_all_no,GOVPARTYOR-26,GOVPARTYOR-26,2,GOVPARTYOR-26-D;GOVPARTYOR-26-R,no;no,0.2500;0.7600,104.39;11,0,0.0,1.01,1,0.04,0.002,-0.01,-0.052,-0.052,1.01,False,NO_POSITIVE_MARGINAL_EDGE,event_legs=2;fits_budget=True;gross_top_prefilter=-0.01;k=2;min_bundle_outlay=1.052
2026-10-08T01:34:59+00:00,buy_all_no,KXNFLAFCNORTH-27,KXNFLAFCNORTH-27,4,KXNFLAFCNORTH-27-BAL;KXNFLAFCNORTH-27-CIN;KXNFLAFCNORTH-27-CLE;KXNFLAFCNORTH-27-PIT,no;no;no;no,0.4300;0.7400;0.9100;0.9300,200443;548.63;266.79;126.56,0,0.0,3.01,3,0.06,0.004,-0.01,-0.074,-0.074,3.01,False,NO_POSITIVE_MARGINAL_EDGE,event_legs=4;fits_budget=True;gross_top_prefilter=-0.01;k=4;min_bundle_outlay=3.074
2026-10-08T01:34:59+00:00,buy_all_no,KXHOUSERACE-OH10-26,KXHOUSERACE-OH10-26,2,KXHOUSERACE-OH10-26-R;KXHOUSERACE-OH10-26-D,no;no,0.1500;0.8600,7048;50,0,0.0,1.01,1,0.02,0.002,-0.01,-0.032,-0.032,1.01,False,NO_POSITIVE_MARGINAL_EDGE,event_legs=2;fits_budget=True;gross_top_prefilter=-0.01;k=2;min_bundle_outlay=1.032
2026-10-08T01:34:59+00:00,buy_all_no,GOVPARTYIA-26,GOVPARTYIA-26,2,GOVPARTYIA-26-D;GOVPARTYIA-26-R,no;no,0.1200;0.8900,16089.6;182.4,0,0.0,1.01,1,0.02,0.002,-0.01,-0.032,-0.032,1.01,False,NO_POSITIVE_MARGINAL_EDGE,event_legs=2;fits_budget=True;gross_top_prefilter=-0.01;k=2;min_bundle_outlay=1.032
2026-10-08T01:34:59+00:00,buy_all_no,KXHOUSERACE-NV02-26,KXHOUSERACE-NV02-26,2,KXHOUSERACE-NV02-26-R;KXHOUSERACE-NV02-26-D,no;no,0.2600;0.7500,1;1019,0,0.0,1.01,1,0.04,0.002,-0.01,-0.052,-0.052,1.01,False,NO_POSITIVE_MARGINAL_EDGE,event_legs=2;fits_budget=True;gross_top_prefilter=-0.01;k=2;min_bundle_outlay=1.052
2026-10-08T01:34:59+00:00,buy_all_no,KXRHOUSESEATS-27,KXRHOUSESEATS-27,9,KXRHOUSESEATS-27-193;KXRHOUSESEATS-27-200;KXRHOUSESEATS-27-205;KXRHOUSESEATS-27-195;KXRHOUSESEATS-27-210;KXRHOUSESEATS-27-215;KXRHOUSESEATS-27-220;KXRHOUSESEATS-27-225;KXRHOUSESEATS-27-230,no;no;no;no;no;no;no;no;no,0.6900;0.8300;0.8500;0.8600;0.9140;0.9460;0.9550;0.9770;0.9840,513.18;144.65;554.2;1388.29;39;4;18.45;10;250,0,0.0,8.006,8,0.1,0.009,-0.006,-0.115,-0.115,8.006,False,NO_POSITIVE_MARGINAL_EDGE,event_legs=11;fits_budget=True;gross_top_prefilter=-0.006;k=9;min_bundle_outlay=8.115
2026-10-08T01:34:59+00:00,buy_all_no,GOVPARTYOH-26,GOVPARTYOH-26,2,GOVPARTYOH-26-D;GOVPARTYOH-26-R,no;no,0.3400;0.6700,69.6;1294.26,0,0.0,1.01,1,0.04,0.002,-0.01,-0.052,-0.052,1.01,False,NO_POSITIVE_MARGINAL_EDGE,event_legs=2;fits_budget=True;gross_top_prefilter=-0.01;k=2;min_bundle_outlay=1.052
2026-10-08T01:34:59+00:00,buy_all_no,KXNFLDROTY-27,KXNFLDROTY-27,9,KXNFLDROTY-27-JROD;KXNFLDROTY-27-AREE;KXNFLDROTY-27-SSTY;KXNFLDROTY-27-MDEL;KXNFLDROTY-27-DBAI;KXNFLDROTY-27-CDOW;KXNFLDROTY-27-DTHI;KXNFLDROTY-27-AHILL53;KXNFLDROTY-27-GJACAS50,no;no;no;no;no;no;no;no;no,0.6600;0.7000;0.9000;0.9300;0.9400;0.9600;0.9600;0.9800;0.9800,297.89;1135.69;878.88;1914.89;1344.51;7845.76;1686.07;8499.54;4518.22,0,0.0,8.01,8,0.11,0.009,-0.01,-0.129,-0.129,8.01,False,NO_POSITIVE_MARGINAL_EDGE,event_legs=29;fits_budget=True;gross_top_prefilter=-0.01;k=9;min_bundle_outlay=8.129
2026-10-08T01:34:59+00:00,buy_all_no,KXHOUSERACE-VA05-26,KXHOUSERACE-VA05-26,2,KXHOUSERACE-VA05-26-R;KXHOUSERACE-VA05-26-D,no;no,0.2300;0.7800,5139;3846.84,0,0.0,1.01,1,0.04,0.002,-0.01,-0.052,-0.052,1.01,False,NO_POSITIVE_MARGINAL_EDGE,event_legs=2;fits_budget=True;gross_top_prefilter=-0.01;k=2;min_bundle_outlay=1.052
2026-10-08T01:34:59+00:00,buy_all_no,GOVPARTYWI-26,GOVPARTYWI-26,2,GOVPARTYWI-26-D;GOVPARTYWI-26-R,no;no,0.2100;0.8000,60290.4;1401.16,0,0.0,1.01,1,0.04,0.002,-0.01,-0.052,-0.052,1.01,False,NO_POSITIVE_MARGINAL_EDGE,event_legs=2;fits_budget=True;gross_top_prefilter=-0.01;k=2;min_bundle_outlay=1.052
2026-10-08T01:34:59+00:00,buy_all_no,KXHOUSERACE-NY21-26,KXHOUSERACE-NY21-26,2,KXHOUSERACE-NY21-26-R;KXHOUSERACE-NY21-26-D,no;no,0.1900;0.8200,268;64.73,0,0.0,1.01,1,0.04,0.002,-0.01,-0.052,-0.052,1.01,False,NO_POSITIVE_MARGINAL_EDGE,event_legs=2;fits_budget=True;gross_top_prefilter=-0.01;k=2;min_bundle_outlay=1.052
2026-10-08T01:34:59+00:00,buy_all_no,KXNCAAFSEED-27S1,KXNCAAFSEED-27S1,8,KXNCAAFSEED-27S1-ND;KXNCAAFSEED-27S1-TEX;KXNCAAFSEED-27S1-MIA;KXNCAAFSEED-27S1-ALA;KXNCAAFSEED-27S1-UGA;KXNCAAFSEED-27S1-OSU;KXNCAAFSEED-27S1-IND;KXNCAAFSEED-27S1-LSU,no;no;no;no;no;no;no;no,0.7900;0.8000;0.8500;0.8500;0.8700;0.9300;0.9500;0.9700,40.07;38;3.39;40.74;3;0.01;5;26.5,0,0.0,7.01,7,0.1,0.008,-0.01,-0.118,-0.118,7.01,False,NO_POSITIVE_MARGINAL_EDGE,event_legs=50;fits_budget=True;gross_top_prefilter=-0.01;k=8;min_bundle_outlay=7.118
