timestamp,strategy,event_ticker,key,n_legs,legs,sides,prices,sizes,contracts,max_contracts_available,cost,min_payout,fees,slippage,gross_profit,net_profit,net_per_bundle,best_bundle_cost,executable,reason,detail
2026-10-07T23:09:56+00:00,strike_inconsistency,KXNCAAFTOTAL-26OCT10UCLAORE,KXNCAAFTOTAL-26OCT10UCLAORE-62|KXNCAAFTOTAL-26OCT10UCLAORE-63,2,KXNCAAFTOTAL-26OCT10UCLAORE-62;KXNCAAFTOTAL-26OCT10UCLAORE-63,yes;no,0.4000;0.5900,0.01;50,0,0.0,0.99,1.0,0.04,0.002,0.01,-0.032,-0.032,0.99,False,NO_POSITIVE_MARGINAL_EDGE,broad_strike=61.5;fits_budget=True;gross_top_prefilter=0.01;min_bundle_outlay=1.032;narrow_strike=62.5;strike_type=greater
2026-10-07T23:09:56+00:00,strike_inconsistency,KXWTIMAX-26DEC31,KXWTIMAX-26DEC31-T140|KXWTIMAX-26DEC31-T150,2,KXWTIMAX-26DEC31-T140;KXWTIMAX-26DEC31-T150,yes;no,0.0750;0.9200,23.15;3,0,0.0,0.995,1.0,0.02,0.002,0.005,-0.017,-0.017,0.995,False,NO_POSITIVE_MARGINAL_EDGE,broad_strike=140.0;fits_budget=True;gross_top_prefilter=0.002;min_bundle_outlay=1.017;narrow_strike=150.0;strike_type=greater
2026-10-07T23:09:56+00:00,strike_inconsistency,KXGOVTCUTS-28,KXGOVTCUTS-28-1|KXGOVTCUTS-28-500,2,KXGOVTCUTS-28-1;KXGOVTCUTS-28-500,yes;no,0.0500;0.9200,0.13;10,0,0.13,0.97,1.0,0.02,0.002,0.03,0.008,0.008,0.97,False,INSUFFICIENT_DEPTH,broad_strike=1.0;fits_budget=True;gross_top_prefilter=0.03;min_bundle_outlay=0.992;narrow_strike=500.0;strike_type=greater
2026-10-07T23:09:56+00:00,strike_inconsistency,KXLUV-26OCTFARE,KXLUV-26OCTFARE-215|KXLUV-26OCTFARE-220,2,KXLUV-26OCTFARE-215;KXLUV-26OCTFARE-220,yes;no,0.9400;0.0600,1.15;344,0,0.0,1.0,1.0,0.02,0.002,0.0,-0.022,-0.022,1.0,False,NO_POSITIVE_MARGINAL_EDGE,broad_strike=215.0;fits_budget=True;gross_top_prefilter=0.0;min_bundle_outlay=1.022;narrow_strike=220.0;strike_type=greater
2026-10-07T23:09:56+00:00,strike_inconsistency,KXDISLANDPRICE-26DEC31,KXDISLANDPRICE-26DEC31-T230|KXDISLANDPRICE-26DEC31-T232,2,KXDISLANDPRICE-26DEC31-T230;KXDISLANDPRICE-26DEC31-T232,yes;no,0.0600;0.9400,1287.66;4123.16,0,0.0,1.0,1.0,0.02,0.002,0.0,-0.022,-0.022,1.0,False,NO_POSITIVE_MARGINAL_EDGE,broad_strike=230.0;fits_budget=True;gross_top_prefilter=0.0;min_bundle_outlay=1.022;narrow_strike=232.0;strike_type=greater
2026-10-07T23:09:56+00:00,strike_inconsistency,KXOPENADOPT-26OCT17,KXOPENADOPT-26OCT17-T40.3|KXOPENADOPT-26OCT17-T40.5,2,KXOPENADOPT-26OCT17-T40.3;KXOPENADOPT-26OCT17-T40.5,yes;no,0.0800;0.9100,224;1830.97,0,0.0,0.99,1.0,0.02,0.002,0.01,-0.012,-0.012,0.99,False,NO_POSITIVE_MARGINAL_EDGE,broad_strike=40.3;fits_budget=True;gross_top_prefilter=0.01;min_bundle_outlay=1.012;narrow_strike=40.5;strike_type=greater
2026-10-07T23:09:56+00:00,strike_inconsistency,KXSPRITEPOS-26NOV03,KXSPRITEPOS-26NOV03-T92|KXSPRITEPOS-26NOV03-T93,2,KXSPRITEPOS-26NOV03-T92;KXSPRITEPOS-26NOV03-T93,yes;no,0.6300;0.3600,1;928,0,0.0,0.99,1.0,0.04,0.002,0.01,-0.032,-0.032,0.99,False,NO_POSITIVE_MARGINAL_EDGE,broad_strike=92.0;fits_budget=True;gross_top_prefilter=0.01;min_bundle_outlay=1.032;narrow_strike=93.0;strike_type=greater
2026-10-07T23:09:56+00:00,strike_inconsistency,KXALANIPOS-26NOV03,KXALANIPOS-26NOV03-T145|KXALANIPOS-26NOV03-T150,2,KXALANIPOS-26NOV03-T145;KXALANIPOS-26NOV03-T150,yes;no,0.5700;0.4200,1;100,0,0.0,0.99,1.0,0.04,0.002,0.01,-0.032,-0.032,0.99,False,NO_POSITIVE_MARGINAL_EDGE,broad_strike=145.0;fits_budget=True;gross_top_prefilter=0.01;min_bundle_outlay=1.032;narrow_strike=150.0;strike_type=greater
2026-10-07T23:09:56+00:00,strike_inconsistency,KXTGTFT-26NOV08,KXTGTFT-26NOV08-T89|KXTGTFT-26NOV08-T90,2,KXTGTFT-26NOV08-T89;KXTGTFT-26NOV08-T90,yes;no,0.7100;0.2800,1843.65;1959.26,0,0.0,0.99,1.0,0.04,0.002,0.01,-0.032,-0.032,0.99,False,NO_POSITIVE_MARGINAL_EDGE,broad_strike=89.0;fits_budget=True;gross_top_prefilter=0.01;min_bundle_outlay=1.032;narrow_strike=90.0;strike_type=greater
2026-10-07T23:09:56+00:00,strike_inconsistency,KXGOVTCUTS-26,KXGOVTCUTS-26-750|KXGOVTCUTS-26-1000,2,KXGOVTCUTS-26-750;KXGOVTCUTS-26-1000,yes;no,0.0330;0.9600,4;127.49,0,0.0,0.993,1.0,0.02,0.002,0.007,-0.015,-0.015,0.993,False,NO_POSITIVE_MARGINAL_EDGE,broad_strike=750.0;fits_budget=True;gross_top_prefilter=0.007;min_bundle_outlay=1.015;narrow_strike=1000.0;strike_type=greater
2026-10-07T23:09:56+00:00,strike_inconsistency,KXJOBLESSCLAIMS-26OCT08,KXJOBLESSCLAIMS-26OCT08-220000|KXJOBLESSCLAIMS-26OCT08-225000,2,KXJOBLESSCLAIMS-26OCT08-220000;KXJOBLESSCLAIMS-26OCT08-225000,yes;no,0.0400;0.9600,204.06;89,0,0.0,1.0,1.0,0.02,0.002,0.0,-0.022,-0.022,1.0,False,NO_POSITIVE_MARGINAL_EDGE,broad_strike=220000.0;fits_budget=True;gross_top_prefilter=0.0;min_bundle_outlay=1.022;narrow_strike=225000.0;strike_type=greater_or_equal
2026-10-07T23:09:56+00:00,strike_inconsistency,KXROGUEPOS-26NOV03,KXROGUEPOS-26NOV03-T68|KXROGUEPOS-26NOV03-T69,2,KXROGUEPOS-26NOV03-T68;KXROGUEPOS-26NOV03-T69,yes;no,0.7000;0.2900,6;1441,0,0.0,0.99,1.0,0.04,0.002,0.01,-0.032,-0.032,0.99,False,NO_POSITIVE_MARGINAL_EDGE,broad_strike=68.0;fits_budget=True;gross_top_prefilter=0.01;min_bundle_outlay=1.032;narrow_strike=69.0;strike_type=greater
2026-10-07T23:09:56+00:00,strike_inconsistency,KXAAAGASDWI-26OCT08,KXAAAGASDWI-26OCT08-4.1150|KXAAAGASDWI-26OCT08-4.1250,2,KXAAAGASDWI-26OCT08-4.1150;KXAAAGASDWI-26OCT08-4.1250,yes;no,0.9800;0.0200,2000;20610,0,0.0,1.0,1.0,0.02,0.002,0.0,-0.022,-0.022,1.0,False,NO_POSITIVE_MARGINAL_EDGE,broad_strike=4.115;fits_budget=True;gross_top_prefilter=0.0;min_bundle_outlay=1.022;narrow_strike=4.125;strike_type=greater
2026-10-07T23:09:56+00:00,strike_inconsistency,KXGRUBHUBAPP-26NOV08,KXGRUBHUBAPP-26NOV08-T135|KXGRUBHUBAPP-26NOV08-T145,2,KXGRUBHUBAPP-26NOV08-T135;KXGRUBHUBAPP-26NOV08-T145,yes;no,0.6900;0.3100,44.75;38,0,0.0,1.0,1.0,0.04,0.002,0.0,-0.042,-0.042,1.0,False,NO_POSITIVE_MARGINAL_EDGE,broad_strike=135.0;fits_budget=True;gross_top_prefilter=0.0;min_bundle_outlay=1.042;narrow_strike=145.0;strike_type=greater
2026-10-07T23:09:56+00:00,strike_inconsistency,KXDISNEYAPP-26OCT08,KXDISNEYAPP-26OCT08-T95|KXDISNEYAPP-26OCT08-T115,2,KXDISNEYAPP-26OCT08-T95;KXDISNEYAPP-26OCT08-T115,yes;no,0.0100;0.9900,1402.48;1076.71,0,0.0,1.0,1.0,0.02,0.002,0.0,-0.022,-0.022,1.0,False,NO_POSITIVE_MARGINAL_EDGE,broad_strike=95.0;fits_budget=True;gross_top_prefilter=0.0;min_bundle_outlay=1.022;narrow_strike=115.0;strike_type=greater
2026-10-07T23:09:56+00:00,strike_inconsistency,KXAAAGASDWI-26OCT08,KXAAAGASDWI-26OCT08-4.1200|KXAAAGASDWI-26OCT08-4.1250,2,KXAAAGASDWI-26OCT08-4.1200;KXAAAGASDWI-26OCT08-4.1250,yes;no,0.9800;0.0200,15184.6;20610,0,0.0,1.0,1.0,0.02,0.002,0.0,-0.022,-0.022,1.0,False,NO_POSITIVE_MARGINAL_EDGE,broad_strike=4.12;fits_budget=True;gross_top_prefilter=0.0;min_bundle_outlay=1.022;narrow_strike=4.125;strike_type=greater
2026-10-07T23:09:56+00:00,strike_inconsistency,KXGOVTCUTS-26,KXGOVTCUTS-26-500|KXGOVTCUTS-26-1000,2,KXGOVTCUTS-26-500;KXGOVTCUTS-26-1000,yes;no,0.0450;0.9600,15;127.49,0,0.0,1.005,1.0,0.02,0.002,-0.005,-0.027,-0.027,1.005,False,NO_POSITIVE_MARGINAL_EDGE,broad_strike=500.0;fits_budget=True;gross_top_prefilter=-0.005;min_bundle_outlay=1.027;narrow_strike=1000.0;strike_type=greater
2026-10-07T23:09:56+00:00,strike_inconsistency,KXCELSIUSPOS-26NOV03,KXCELSIUSPOS-26NOV03-T99|KXCELSIUSPOS-26NOV03-T103,2,KXCELSIUSPOS-26NOV03-T99;KXCELSIUSPOS-26NOV03-T103,yes;no,0.0600;0.9400,1362;2084.6,0,0.0,1.0,1.0,0.02,0.002,0.0,-0.022,-0.022,1.0,False,NO_POSITIVE_MARGINAL_EDGE,broad_strike=99.0;fits_budget=True;gross_top_prefilter=0.0;min_bundle_outlay=1.022;narrow_strike=103.0;strike_type=greater
2026-10-07T23:09:56+00:00,strike_inconsistency,KXDIESELMON-26OCT31,KXDIESELMON-26OCT31-T7.00|KXDIESELMON-26OCT31-T7.20,2,KXDIESELMON-26OCT31-T7.00;KXDIESELMON-26OCT31-T7.20,yes;no,0.0600;0.9500,1053;100,0,0.0,1.01,1.0,0.02,0.002,-0.01,-0.032,-0.032,1.01,False,NO_POSITIVE_MARGINAL_EDGE,broad_strike=7.0;fits_budget=True;gross_top_prefilter=-0.01;min_bundle_outlay=1.032;narrow_strike=7.2;strike_type=greater
2026-10-07T23:09:56+00:00,strike_inconsistency,KXNCAAFSPREAD-26OCT09IOWAWASH,KXNCAAFSPREAD-26OCT09IOWAWASH-WASH6|KXNCAAFSPREAD-26OCT09IOWAWASH-WASH7,2,KXNCAAFSPREAD-26OCT09IOWAWASH-WASH6;KXNCAAFSPREAD-26OCT09IOWAWASH-WASH7,yes;no,0.4100;0.6000,5050;2345,0,0.0,1.01,1.0,0.04,0.002,-0.01,-0.052,-0.052,1.01,False,NO_POSITIVE_MARGINAL_EDGE,broad_strike=5.5;fits_budget=True;gross_top_prefilter=-0.01;min_bundle_outlay=1.052;narrow_strike=6.5;strike_type=greater
2026-10-07T23:09:56+00:00,strike_inconsistency,KXCPIYOY-26DEC,KXCPIYOY-26DEC-T4.7|KXCPIYOY-26DEC-T4.8,2,KXCPIYOY-26DEC-T4.7;KXCPIYOY-26DEC-T4.8,yes;no,0.0300;0.9800,2518;2162.5,0,0.0,1.01,1.0,0.02,0.002,-0.01,-0.032,-0.032,1.01,False,NO_POSITIVE_MARGINAL_EDGE,broad_strike=4.7;fits_budget=True;gross_top_prefilter=-0.01;min_bundle_outlay=1.032;narrow_strike=4.8;strike_type=greater
2026-10-07T23:09:56+00:00,strike_inconsistency,KXWTIMAX-26DEC31,KXWTIMAX-26DEC31-T140|KXWTIMAX-26DEC31-T160,2,KXWTIMAX-26DEC31-T140;KXWTIMAX-26DEC31-T160,yes;no,0.0750;0.9300,23.15;121,0,0.0,1.005,1.0,0.02,0.002,-0.005,-0.027,-0.027,1.005,False,NO_POSITIVE_MARGINAL_EDGE,broad_strike=140.0;fits_budget=True;gross_top_prefilter=-0.008;min_bundle_outlay=1.027;narrow_strike=160.0;strike_type=greater
2026-10-07T23:09:56+00:00,strike_inconsistency,KXNCAAFSPREAD-26OCT10UCLAORE,KXNCAAFSPREAD-26OCT10UCLAORE-ORE13|KXNCAAFSPREAD-26OCT10UCLAORE-ORE14,2,KXNCAAFSPREAD-26OCT10UCLAORE-ORE13;KXNCAAFSPREAD-26OCT10UCLAORE-ORE14,yes;no,0.4700;0.5400,10.92;762.06,0,0.0,1.01,1.0,0.04,0.002,-0.01,-0.052,-0.052,1.01,False,NO_POSITIVE_MARGINAL_EDGE,broad_strike=12.5;fits_budget=True;gross_top_prefilter=-0.01;min_bundle_outlay=1.052;narrow_strike=13.5;strike_type=greater
2026-10-07T23:09:56+00:00,strike_inconsistency,KXNCAAFSPREAD-26OCT10UCLAORE,KXNCAAFSPREAD-26OCT10UCLAORE-UCLA11|KXNCAAFSPREAD-26OCT10UCLAORE-UCLA12,2,KXNCAAFSPREAD-26OCT10UCLAORE-UCLA11;KXNCAAFSPREAD-26OCT10UCLAORE-UCLA12,yes;no,0.0600;0.9500,700;900,0,0.0,1.01,1.0,0.02,0.002,-0.01,-0.032,-0.032,1.01,False,NO_POSITIVE_MARGINAL_EDGE,broad_strike=10.5;fits_budget=True;gross_top_prefilter=-0.01;min_bundle_outlay=1.032;narrow_strike=11.5;strike_type=greater
2026-10-07T23:09:56+00:00,strike_inconsistency,KXNFLSPREAD-26OCT11HOUTEN,KXNFLSPREAD-26OCT11HOUTEN-TEN2|KXNFLSPREAD-26OCT11HOUTEN-TEN3,2,KXNFLSPREAD-26OCT11HOUTEN-TEN2;KXNFLSPREAD-26OCT11HOUTEN-TEN3,yes;no,0.2100;0.8000,234;2209,0,0.0,1.01,1.0,0.04,0.002,-0.01,-0.052,-0.052,1.01,False,NO_POSITIVE_MARGINAL_EDGE,broad_strike=1.5;fits_budget=True;gross_top_prefilter=-0.01;min_bundle_outlay=1.052;narrow_strike=2.5;strike_type=greater
2026-10-07T23:09:56+00:00,strike_inconsistency,KXHORMUZWEEKLY-26OCT11,KXHORMUZWEEKLY-26OCT11-T45|KXHORMUZWEEKLY-26OCT11-T50,2,KXHORMUZWEEKLY-26OCT11-T45;KXHORMUZWEEKLY-26OCT11-T50,yes;no,0.0300;0.9800,16426.9;136982,0,0.0,1.01,1.0,0.02,0.002,-0.01,-0.032,-0.032,1.01,False,NO_POSITIVE_MARGINAL_EDGE,broad_strike=45.0;fits_budget=True;gross_top_prefilter=-0.01;min_bundle_outlay=1.032;narrow_strike=50.0;strike_type=greater
2026-10-07T23:09:56+00:00,strike_inconsistency,KXCPIYOY-26NOV,KXCPIYOY-26NOV-T4.5|KXCPIYOY-26NOV-T4.7,2,KXCPIYOY-26NOV-T4.5;KXCPIYOY-26NOV-T4.7,yes;no,0.0200;0.9900,13684;14950,0,0.0,1.01,1.0,0.02,0.002,-0.01,-0.032,-0.032,1.01,False,NO_POSITIVE_MARGINAL_EDGE,broad_strike=4.5;fits_budget=True;gross_top_prefilter=-0.01;min_bundle_outlay=1.032;narrow_strike=4.7;strike_type=greater
2026-10-07T23:09:56+00:00,strike_inconsistency,KXNCAAFSPREAD-26OCT10UCFOKST,KXNCAAFSPREAD-26OCT10UCFOKST-UCF5|KXNCAAFSPREAD-26OCT10UCFOKST-UCF6,2,KXNCAAFSPREAD-26OCT10UCFOKST-UCF5;KXNCAAFSPREAD-26OCT10UCFOKST-UCF6,yes;no,0.1200;0.8800,549;2000,0,0.0,1.0,1.0,0.02,0.002,0.0,-0.022,-0.022,1.0,False,NO_POSITIVE_MARGINAL_EDGE,broad_strike=4.5;fits_budget=True;gross_top_prefilter=0.0;min_bundle_outlay=1.022;narrow_strike=5.5;strike_type=greater
2026-10-07T23:09:56+00:00,strike_inconsistency,KXCPIYOY-26NOV,KXCPIYOY-26NOV-T4.5|KXCPIYOY-26NOV-T4.9,2,KXCPIYOY-26NOV-T4.5;KXCPIYOY-26NOV-T4.9,yes;no,0.0200;0.9900,13684;12808,0,0.0,1.01,1.0,0.02,0.002,-0.01,-0.032,-0.032,1.01,False,NO_POSITIVE_MARGINAL_EDGE,broad_strike=4.5;fits_budget=True;gross_top_prefilter=-0.01;min_bundle_outlay=1.032;narrow_strike=4.9;strike_type=greater
2026-10-07T23:09:56+00:00,strike_inconsistency,KXCPIYOY-26DEC,KXCPIYOY-26DEC-T4.7|KXCPIYOY-26DEC-T4.9,2,KXCPIYOY-26DEC-T4.7;KXCPIYOY-26DEC-T4.9,yes;no,0.0300;0.9800,2518;2100,0,0.0,1.01,1.0,0.02,0.002,-0.01,-0.032,-0.032,1.01,False,NO_POSITIVE_MARGINAL_EDGE,broad_strike=4.7;fits_budget=True;gross_top_prefilter=-0.01;min_bundle_outlay=1.032;narrow_strike=4.9;strike_type=greater
2026-10-07T23:09:56+00:00,strike_inconsistency,KXCPIYOY-26NOV,KXCPIYOY-26NOV-T4.5|KXCPIYOY-26NOV-T4.6,2,KXCPIYOY-26NOV-T4.5;KXCPIYOY-26NOV-T4.6,yes;no,0.0200;0.9900,13684;15353,0,0.0,1.01,1.0,0.02,0.002,-0.01,-0.032,-0.032,1.01,False,NO_POSITIVE_MARGINAL_EDGE,broad_strike=4.5;fits_budget=True;gross_top_prefilter=-0.01;min_bundle_outlay=1.032;narrow_strike=4.6;strike_type=greater
2026-10-07T23:09:56+00:00,strike_inconsistency,KXCPIYOY-26NOV,KXCPIYOY-26NOV-T4.6|KXCPIYOY-26NOV-T4.9,2,KXCPIYOY-26NOV-T4.6;KXCPIYOY-26NOV-T4.9,yes;no,0.0200;0.9900,1744;12808,0,0.0,1.01,1.0,0.02,0.002,-0.01,-0.032,-0.032,1.01,False,NO_POSITIVE_MARGINAL_EDGE,broad_strike=4.6;fits_budget=True;gross_top_prefilter=-0.01;min_bundle_outlay=1.032;narrow_strike=4.9;strike_type=greater
2026-10-07T23:09:56+00:00,strike_inconsistency,KXCPICOREYOY-26NOV,KXCPICOREYOY-26NOV-T3.4|KXCPICOREYOY-26NOV-T3.5,2,KXCPICOREYOY-26NOV-T3.4;KXCPICOREYOY-26NOV-T3.5,yes;no,0.0200;0.9900,1006.01;3920.08,0,0.0,1.01,1.0,0.02,0.002,-0.01,-0.032,-0.032,1.01,False,NO_POSITIVE_MARGINAL_EDGE,broad_strike=3.4;fits_budget=True;gross_top_prefilter=-0.01;min_bundle_outlay=1.032;narrow_strike=3.5;strike_type=greater
2026-10-07T23:09:56+00:00,strike_inconsistency,KXDIESELMON-26OCT31,KXDIESELMON-26OCT31-T7.00|KXDIESELMON-26OCT31-T7.10,2,KXDIESELMON-26OCT31-T7.00;KXDIESELMON-26OCT31-T7.10,yes;no,0.0600;0.9500,1053;98,0,0.0,1.01,1.0,0.02,0.002,-0.01,-0.032,-0.032,1.01,False,NO_POSITIVE_MARGINAL_EDGE,broad_strike=7.0;fits_budget=True;gross_top_prefilter=-0.01;min_bundle_outlay=1.032;narrow_strike=7.1;strike_type=greater
2026-10-07T23:09:56+00:00,strike_inconsistency,KXMLBHRR-26OCT071600CLECWS,KXMLBHRR-26OCT071600CLECWS-CWSMMURAKAMI5-3|KXMLBHRR-26OCT071600CLECWS-CWSMMURAKAMI5-4,2,KXMLBHRR-26OCT071600CLECWS-CWSMMURAKAMI5-3;KXMLBHRR-26OCT071600CLECWS-CWSMMURAKAMI5-4,yes;no,0.0300;0.9800,5;1,0,0.0,1.01,1.0,0.02,0.002,-0.01,-0.032,-0.032,1.01,False,NO_POSITIVE_MARGINAL_EDGE,broad_strike=2.5;fits_budget=True;gross_top_prefilter=-0.01;min_bundle_outlay=1.032;narrow_strike=3.5;strike_type=greater
2026-10-07T23:09:56+00:00,strike_inconsistency,KXSCREWWORMCOUNT-27JAN01,KXSCREWWORMCOUNT-27JAN01-A5|KXSCREWWORMCOUNT-27JAN01-A10,2,KXSCREWWORMCOUNT-27JAN01-A5;KXSCREWWORMCOUNT-27JAN01-A10,yes;no,0.0600;0.9500,2858.36;10092,0,0.0,1.01,1.0,0.02,0.002,-0.01,-0.032,-0.032,1.01,False,NO_POSITIVE_MARGINAL_EDGE,broad_strike=5.0;fits_budget=True;gross_top_prefilter=-0.01;min_bundle_outlay=1.032;narrow_strike=10.0;strike_type=greater
2026-10-07T23:09:56+00:00,strike_inconsistency,KXCPICORE-26NOV,KXCPICORE-26NOV-T0.6|KXCPICORE-26NOV-T0.9,2,KXCPICORE-26NOV-T0.6;KXCPICORE-26NOV-T0.9,yes;no,0.0200;0.9900,4411.01;7725,0,0.0,1.01,1.0,0.02,0.002,-0.01,-0.032,-0.032,1.01,False,NO_POSITIVE_MARGINAL_EDGE,broad_strike=0.6;fits_budget=True;gross_top_prefilter=-0.01;min_bundle_outlay=1.032;narrow_strike=0.9;strike_type=greater
2026-10-07T23:09:56+00:00,strike_inconsistency,KXCPICORE-26NOV,KXCPICORE-26NOV-T0.7|KXCPICORE-26NOV-T0.9,2,KXCPICORE-26NOV-T0.7;KXCPICORE-26NOV-T0.9,yes;no,0.0200;0.9900,4877.01;7725,0,0.0,1.01,1.0,0.02,0.002,-0.01,-0.032,-0.032,1.01,False,NO_POSITIVE_MARGINAL_EDGE,broad_strike=0.7;fits_budget=True;gross_top_prefilter=-0.01;min_bundle_outlay=1.032;narrow_strike=0.9;strike_type=greater
2026-10-07T23:09:56+00:00,strike_inconsistency,KXCPICORE-26NOV,KXCPICORE-26NOV-T0.7|KXCPICORE-26NOV-T0.8,2,KXCPICORE-26NOV-T0.7;KXCPICORE-26NOV-T0.8,yes;no,0.0200;0.9900,4877.01;7725,0,0.0,1.01,1.0,0.02,0.002,-0.01,-0.032,-0.032,1.01,False,NO_POSITIVE_MARGINAL_EDGE,broad_strike=0.7;fits_budget=True;gross_top_prefilter=-0.01;min_bundle_outlay=1.032;narrow_strike=0.8;strike_type=greater
2026-10-07T23:09:56+00:00,strike_inconsistency,KXCPIYOY-26NOV,KXCPIYOY-26NOV-T4.5|KXCPIYOY-26NOV-T4.8,2,KXCPIYOY-26NOV-T4.5;KXCPIYOY-26NOV-T4.8,yes;no,0.0200;0.9900,13684;12734,0,0.0,1.01,1.0,0.02,0.002,-0.01,-0.032,-0.032,1.01,False,NO_POSITIVE_MARGINAL_EDGE,broad_strike=4.5;fits_budget=True;gross_top_prefilter=-0.01;min_bundle_outlay=1.032;narrow_strike=4.8;strike_type=greater
2026-10-07T23:09:56+00:00,strike_inconsistency,KXCPICORE-26NOV,KXCPICORE-26NOV-T0.6|KXCPICORE-26NOV-T0.7,2,KXCPICORE-26NOV-T0.6;KXCPICORE-26NOV-T0.7,yes;no,0.0200;0.9900,4411.01;7725,0,0.0,1.01,1.0,0.02,0.002,-0.01,-0.032,-0.032,1.01,False,NO_POSITIVE_MARGINAL_EDGE,broad_strike=0.6;fits_budget=True;gross_top_prefilter=-0.01;min_bundle_outlay=1.032;narrow_strike=0.7;strike_type=greater
2026-10-07T23:09:56+00:00,strike_inconsistency,KXCPIYOY-26NOV,KXCPIYOY-26NOV-T4.6|KXCPIYOY-26NOV-T4.7,2,KXCPIYOY-26NOV-T4.6;KXCPIYOY-26NOV-T4.7,yes;no,0.0200;0.9900,1744;14950,0,0.0,1.01,1.0,0.02,0.002,-0.01,-0.032,-0.032,1.01,False,NO_POSITIVE_MARGINAL_EDGE,broad_strike=4.6;fits_budget=True;gross_top_prefilter=-0.01;min_bundle_outlay=1.032;narrow_strike=4.7;strike_type=greater
2026-10-07T23:09:56+00:00,strike_inconsistency,KXYUMTBFT-26OCT08,KXYUMTBFT-26OCT08-T99.5|KXYUMTBFT-26OCT08-T101,2,KXYUMTBFT-26OCT08-T99.5;KXYUMTBFT-26OCT08-T101,yes;no,0.0200;0.9900,6317.45;3524,0,0.0,1.01,1.0,0.02,0.002,-0.01,-0.032,-0.032,1.01,False,NO_POSITIVE_MARGINAL_EDGE,broad_strike=99.5;fits_budget=True;gross_top_prefilter=-0.01;min_bundle_outlay=1.032;narrow_strike=101.0;strike_type=greater
2026-10-07T23:09:56+00:00,strike_inconsistency,KXAAL-26OCTPLF,KXAAL-26OCTPLF-87.5|KXAAL-26OCTPLF-88.0,2,KXAAL-26OCTPLF-87.5;KXAAL-26OCTPLF-88.0,yes;no,0.0200;0.9900,6061.02;11828,0,0.0,1.01,1.0,0.02,0.002,-0.01,-0.032,-0.032,1.01,False,NO_POSITIVE_MARGINAL_EDGE,broad_strike=87.5;fits_budget=True;gross_top_prefilter=-0.01;min_bundle_outlay=1.032;narrow_strike=88.0;strike_type=greater
2026-10-07T23:09:56+00:00,strike_inconsistency,KXCPIYOY-26NOV,KXCPIYOY-26NOV-T4.6|KXCPIYOY-26NOV-T4.8,2,KXCPIYOY-26NOV-T4.6;KXCPIYOY-26NOV-T4.8,yes;no,0.0200;0.9900,1744;12734,0,0.0,1.01,1.0,0.02,0.002,-0.01,-0.032,-0.032,1.01,False,NO_POSITIVE_MARGINAL_EDGE,broad_strike=4.6;fits_budget=True;gross_top_prefilter=-0.01;min_bundle_outlay=1.032;narrow_strike=4.8;strike_type=greater
2026-10-07T23:09:56+00:00,strike_inconsistency,KXYUMTBFT-26OCT08,KXYUMTBFT-26OCT08-T99.5|KXYUMTBFT-26OCT08-T100,2,KXYUMTBFT-26OCT08-T99.5;KXYUMTBFT-26OCT08-T100,yes;no,0.0200;0.9900,6317.45;3409.01,0,0.0,1.01,1.0,0.02,0.002,-0.01,-0.032,-0.032,1.01,False,NO_POSITIVE_MARGINAL_EDGE,broad_strike=99.5;fits_budget=True;gross_top_prefilter=-0.01;min_bundle_outlay=1.032;narrow_strike=100.0;strike_type=greater
2026-10-07T23:09:56+00:00,strike_inconsistency,KXYUMTBFT-26OCT08,KXYUMTBFT-26OCT08-T99.5|KXYUMTBFT-26OCT08-T103,2,KXYUMTBFT-26OCT08-T99.5;KXYUMTBFT-26OCT08-T103,yes;no,0.0200;0.9900,6317.45;3040.95,0,0.0,1.01,1.0,0.02,0.002,-0.01,-0.032,-0.032,1.01,False,NO_POSITIVE_MARGINAL_EDGE,broad_strike=99.5;fits_budget=True;gross_top_prefilter=-0.01;min_bundle_outlay=1.032;narrow_strike=103.0;strike_type=greater
2026-10-07T23:09:56+00:00,strike_inconsistency,KXYUMTBFT-26OCT08,KXYUMTBFT-26OCT08-T99.5|KXYUMTBFT-26OCT08-T100.5,2,KXYUMTBFT-26OCT08-T99.5;KXYUMTBFT-26OCT08-T100.5,yes;no,0.0200;0.9900,6317.45;3092.79,0,0.0,1.01,1.0,0.02,0.002,-0.01,-0.032,-0.032,1.01,False,NO_POSITIVE_MARGINAL_EDGE,broad_strike=99.5;fits_budget=True;gross_top_prefilter=-0.01;min_bundle_outlay=1.032;narrow_strike=100.5;strike_type=greater
2026-10-07T23:09:56+00:00,strike_inconsistency,KXCPICORE-26NOV,KXCPICORE-26NOV-T0.6|KXCPICORE-26NOV-T0.8,2,KXCPICORE-26NOV-T0.6;KXCPICORE-26NOV-T0.8,yes;no,0.0200;0.9900,4411.01;7725,0,0.0,1.01,1.0,0.02,0.002,-0.01,-0.032,-0.032,1.01,False,NO_POSITIVE_MARGINAL_EDGE,broad_strike=0.6;fits_budget=True;gross_top_prefilter=-0.01;min_bundle_outlay=1.032;narrow_strike=0.8;strike_type=greater
2026-10-07T23:09:56+00:00,strike_inconsistency,KXYUMTBFT-26OCT08,KXYUMTBFT-26OCT08-T100|KXYUMTBFT-26OCT08-T101.5,2,KXYUMTBFT-26OCT08-T100;KXYUMTBFT-26OCT08-T101.5,yes;no,0.0200;0.9900,6476.99;2524,0,0.0,1.01,1.0,0.02,0.002,-0.01,-0.032,-0.032,1.01,False,NO_POSITIVE_MARGINAL_EDGE,broad_strike=100.0;fits_budget=True;gross_top_prefilter=-0.01;min_bundle_outlay=1.032;narrow_strike=101.5;strike_type=greater
2026-10-07T23:09:56+00:00,strike_inconsistency,KXDIESELD-26OCT08,KXDIESELD-26OCT08-T6.305|KXDIESELD-26OCT08-T6.310,2,KXDIESELD-26OCT08-T6.305;KXDIESELD-26OCT08-T6.310,yes;no,0.0200;0.9900,177;1000,0,0.0,1.01,1.0,0.02,0.002,-0.01,-0.032,-0.032,1.01,False,NO_POSITIVE_MARGINAL_EDGE,broad_strike=6.305;fits_budget=True;gross_top_prefilter=-0.01;min_bundle_outlay=1.032;narrow_strike=6.31;strike_type=greater
2026-10-07T23:09:56+00:00,strike_inconsistency,KXYUMTBFT-26OCT08,KXYUMTBFT-26OCT08-T99.5|KXYUMTBFT-26OCT08-T101.5,2,KXYUMTBFT-26OCT08-T99.5;KXYUMTBFT-26OCT08-T101.5,yes;no,0.0200;0.9900,6317.45;2524,0,0.0,1.01,1.0,0.02,0.002,-0.01,-0.032,-0.032,1.01,False,NO_POSITIVE_MARGINAL_EDGE,broad_strike=99.5;fits_budget=True;gross_top_prefilter=-0.01;min_bundle_outlay=1.032;narrow_strike=101.5;strike_type=greater
2026-10-07T23:09:56+00:00,strike_inconsistency,KXYUMTBFT-26OCT08,KXYUMTBFT-26OCT08-T100|KXYUMTBFT-26OCT08-T103,2,KXYUMTBFT-26OCT08-T100;KXYUMTBFT-26OCT08-T103,yes;no,0.0200;0.9900,6476.99;3040.95,0,0.0,1.01,1.0,0.02,0.002,-0.01,-0.032,-0.032,1.01,False,NO_POSITIVE_MARGINAL_EDGE,broad_strike=100.0;fits_budget=True;gross_top_prefilter=-0.01;min_bundle_outlay=1.032;narrow_strike=103.0;strike_type=greater
2026-10-07T23:09:56+00:00,strike_inconsistency,KXYUMTBFT-26OCT08,KXYUMTBFT-26OCT08-T100.5|KXYUMTBFT-26OCT08-T101,2,KXYUMTBFT-26OCT08-T100.5;KXYUMTBFT-26OCT08-T101,yes;no,0.0200;0.9900,5386.42;3524,0,0.0,1.01,1.0,0.02,0.002,-0.01,-0.032,-0.032,1.01,False,NO_POSITIVE_MARGINAL_EDGE,broad_strike=100.5;fits_budget=True;gross_top_prefilter=-0.01;min_bundle_outlay=1.032;narrow_strike=101.0;strike_type=greater
2026-10-07T23:09:56+00:00,strike_inconsistency,KXYUMTBFT-26OCT08,KXYUMTBFT-26OCT08-T100|KXYUMTBFT-26OCT08-T102.5,2,KXYUMTBFT-26OCT08-T100;KXYUMTBFT-26OCT08-T102.5,yes;no,0.0200;0.9900,6476.99;4234,0,0.0,1.01,1.0,0.02,0.002,-0.01,-0.032,-0.032,1.01,False,NO_POSITIVE_MARGINAL_EDGE,broad_strike=100.0;fits_budget=True;gross_top_prefilter=-0.01;min_bundle_outlay=1.032;narrow_strike=102.5;strike_type=greater
2026-10-07T23:09:56+00:00,strike_inconsistency,KXYUMTBFT-26OCT08,KXYUMTBFT-26OCT08-T99.5|KXYUMTBFT-26OCT08-T102,2,KXYUMTBFT-26OCT08-T99.5;KXYUMTBFT-26OCT08-T102,yes;no,0.0200;0.9900,6317.45;4234,0,0.0,1.01,1.0,0.02,0.002,-0.01,-0.032,-0.032,1.01,False,NO_POSITIVE_MARGINAL_EDGE,broad_strike=99.5;fits_budget=True;gross_top_prefilter=-0.01;min_bundle_outlay=1.032;narrow_strike=102.0;strike_type=greater
2026-10-07T23:09:56+00:00,strike_inconsistency,KXYUMTBFT-26OCT08,KXYUMTBFT-26OCT08-T101|KXYUMTBFT-26OCT08-T101.5,2,KXYUMTBFT-26OCT08-T101;KXYUMTBFT-26OCT08-T101.5,yes;no,0.0200;0.9900,6051;2524,0,0.0,1.01,1.0,0.02,0.002,-0.01,-0.032,-0.032,1.01,False,NO_POSITIVE_MARGINAL_EDGE,broad_strike=101.0;fits_budget=True;gross_top_prefilter=-0.01;min_bundle_outlay=1.032;narrow_strike=101.5;strike_type=greater
2026-10-07T23:09:56+00:00,strike_inconsistency,KXYUMTBFT-26OCT08,KXYUMTBFT-26OCT08-T100|KXYUMTBFT-26OCT08-T100.5,2,KXYUMTBFT-26OCT08-T100;KXYUMTBFT-26OCT08-T100.5,yes;no,0.0200;0.9900,6476.99;3092.79,0,0.0,1.01,1.0,0.02,0.002,-0.01,-0.032,-0.032,1.01,False,NO_POSITIVE_MARGINAL_EDGE,broad_strike=100.0;fits_budget=True;gross_top_prefilter=-0.01;min_bundle_outlay=1.032;narrow_strike=100.5;strike_type=greater
2026-10-07T23:09:56+00:00,strike_inconsistency,KXYUMTBFT-26OCT08,KXYUMTBFT-26OCT08-T101|KXYUMTBFT-26OCT08-T102.5,2,KXYUMTBFT-26OCT08-T101;KXYUMTBFT-26OCT08-T102.5,yes;no,0.0200;0.9900,6051;4234,0,0.0,1.01,1.0,0.02,0.002,-0.01,-0.032,-0.032,1.01,False,NO_POSITIVE_MARGINAL_EDGE,broad_strike=101.0;fits_budget=True;gross_top_prefilter=-0.01;min_bundle_outlay=1.032;narrow_strike=102.5;strike_type=greater
2026-10-07T23:09:56+00:00,strike_inconsistency,KXYUMTBFT-26OCT08,KXYUMTBFT-26OCT08-T100|KXYUMTBFT-26OCT08-T101,2,KXYUMTBFT-26OCT08-T100;KXYUMTBFT-26OCT08-T101,yes;no,0.0200;0.9900,6476.99;3524,0,0.0,1.01,1.0,0.02,0.002,-0.01,-0.032,-0.032,1.01,False,NO_POSITIVE_MARGINAL_EDGE,broad_strike=100.0;fits_budget=True;gross_top_prefilter=-0.01;min_bundle_outlay=1.032;narrow_strike=101.0;strike_type=greater
2026-10-07T23:09:56+00:00,strike_inconsistency,KXYUMTBFT-26OCT08,KXYUMTBFT-26OCT08-T100.5|KXYUMTBFT-26OCT08-T103,2,KXYUMTBFT-26OCT08-T100.5;KXYUMTBFT-26OCT08-T103,yes;no,0.0200;0.9900,5386.42;3040.95,0,0.0,1.01,1.0,0.02,0.002,-0.01,-0.032,-0.032,1.01,False,NO_POSITIVE_MARGINAL_EDGE,broad_strike=100.5;fits_budget=True;gross_top_prefilter=-0.01;min_bundle_outlay=1.032;narrow_strike=103.0;strike_type=greater
2026-10-07T23:09:56+00:00,strike_inconsistency,KXYUMTBFT-26OCT08,KXYUMTBFT-26OCT08-T100|KXYUMTBFT-26OCT08-T102,2,KXYUMTBFT-26OCT08-T100;KXYUMTBFT-26OCT08-T102,yes;no,0.0200;0.9900,6476.99;4234,0,0.0,1.01,1.0,0.02,0.002,-0.01,-0.032,-0.032,1.01,False,NO_POSITIVE_MARGINAL_EDGE,broad_strike=100.0;fits_budget=True;gross_top_prefilter=-0.01;min_bundle_outlay=1.032;narrow_strike=102.0;strike_type=greater
2026-10-07T23:09:56+00:00,strike_inconsistency,KXYUMTBFT-26OCT08,KXYUMTBFT-26OCT08-T101.5|KXYUMTBFT-26OCT08-T102,2,KXYUMTBFT-26OCT08-T101.5;KXYUMTBFT-26OCT08-T102,yes;no,0.0200;0.9900,6029;4234,0,0.0,1.01,1.0,0.02,0.002,-0.01,-0.032,-0.032,1.01,False,NO_POSITIVE_MARGINAL_EDGE,broad_strike=101.5;fits_budget=True;gross_top_prefilter=-0.01;min_bundle_outlay=1.032;narrow_strike=102.0;strike_type=greater
2026-10-07T23:09:56+00:00,strike_inconsistency,KXYUMTBFT-26OCT08,KXYUMTBFT-26OCT08-T102|KXYUMTBFT-26OCT08-T103,2,KXYUMTBFT-26OCT08-T102;KXYUMTBFT-26OCT08-T103,yes;no,0.0200;0.9900,6225;3040.95,0,0.0,1.01,1.0,0.02,0.002,-0.01,-0.032,-0.032,1.01,False,NO_POSITIVE_MARGINAL_EDGE,broad_strike=102.0;fits_budget=True;gross_top_prefilter=-0.01;min_bundle_outlay=1.032;narrow_strike=103.0;strike_type=greater
2026-10-07T23:09:56+00:00,strike_inconsistency,KXYUMTBFT-26OCT08,KXYUMTBFT-26OCT08-T100.5|KXYUMTBFT-26OCT08-T101.5,2,KXYUMTBFT-26OCT08-T100.5;KXYUMTBFT-26OCT08-T101.5,yes;no,0.0200;0.9900,5386.42;2524,0,0.0,1.01,1.0,0.02,0.002,-0.01,-0.032,-0.032,1.01,False,NO_POSITIVE_MARGINAL_EDGE,broad_strike=100.5;fits_budget=True;gross_top_prefilter=-0.01;min_bundle_outlay=1.032;narrow_strike=101.5;strike_type=greater
2026-10-07T23:09:56+00:00,strike_inconsistency,KXYUMTBFT-26OCT08,KXYUMTBFT-26OCT08-T101|KXYUMTBFT-26OCT08-T102,2,KXYUMTBFT-26OCT08-T101;KXYUMTBFT-26OCT08-T102,yes;no,0.0200;0.9900,6051;4234,0,0.0,1.01,1.0,0.02,0.002,-0.01,-0.032,-0.032,1.01,False,NO_POSITIVE_MARGINAL_EDGE,broad_strike=101.0;fits_budget=True;gross_top_prefilter=-0.01;min_bundle_outlay=1.032;narrow_strike=102.0;strike_type=greater
2026-10-07T23:09:56+00:00,strike_inconsistency,KXYUMTBFT-26OCT08,KXYUMTBFT-26OCT08-T102.5|KXYUMTBFT-26OCT08-T103,2,KXYUMTBFT-26OCT08-T102.5;KXYUMTBFT-26OCT08-T103,yes;no,0.0200;0.9900,6253;3040.95,0,0.0,1.01,1.0,0.02,0.002,-0.01,-0.032,-0.032,1.01,False,NO_POSITIVE_MARGINAL_EDGE,broad_strike=102.5;fits_budget=True;gross_top_prefilter=-0.01;min_bundle_outlay=1.032;narrow_strike=103.0;strike_type=greater
2026-10-07T23:09:56+00:00,strike_inconsistency,KXSHAKFT-26OCT08,KXSHAKFT-26OCT08-T102|KXSHAKFT-26OCT08-T106,2,KXSHAKFT-26OCT08-T102;KXSHAKFT-26OCT08-T106,yes;no,0.0200;0.9900,1650.84;1600,0,0.0,1.01,1.0,0.02,0.002,-0.01,-0.032,-0.032,1.01,False,NO_POSITIVE_MARGINAL_EDGE,broad_strike=102.0;fits_budget=True;gross_top_prefilter=-0.01;min_bundle_outlay=1.032;narrow_strike=106.0;strike_type=greater
2026-10-07T23:09:56+00:00,strike_inconsistency,KXSHAKFT-26OCT08,KXSHAKFT-26OCT08-T102|KXSHAKFT-26OCT08-T103,2,KXSHAKFT-26OCT08-T102;KXSHAKFT-26OCT08-T103,yes;no,0.0200;0.9900,1650.84;600,0,0.0,1.01,1.0,0.02,0.002,-0.01,-0.032,-0.032,1.01,False,NO_POSITIVE_MARGINAL_EDGE,broad_strike=102.0;fits_budget=True;gross_top_prefilter=-0.01;min_bundle_outlay=1.032;narrow_strike=103.0;strike_type=greater
2026-10-07T23:09:56+00:00,strike_inconsistency,KXSHAKFT-26OCT08,KXSHAKFT-26OCT08-T102|KXSHAKFT-26OCT08-T107,2,KXSHAKFT-26OCT08-T102;KXSHAKFT-26OCT08-T107,yes;no,0.0200;0.9900,1650.84;1650,0,0.0,1.01,1.0,0.02,0.002,-0.01,-0.032,-0.032,1.01,False,NO_POSITIVE_MARGINAL_EDGE,broad_strike=102.0;fits_budget=True;gross_top_prefilter=-0.01;min_bundle_outlay=1.032;narrow_strike=107.0;strike_type=greater
2026-10-07T23:09:56+00:00,strike_inconsistency,KXYUMTBFT-26OCT08,KXYUMTBFT-26OCT08-T101.5|KXYUMTBFT-26OCT08-T102.5,2,KXYUMTBFT-26OCT08-T101.5;KXYUMTBFT-26OCT08-T102.5,yes;no,0.0200;0.9900,6029;4234,0,0.0,1.01,1.0,0.02,0.002,-0.01,-0.032,-0.032,1.01,False,NO_POSITIVE_MARGINAL_EDGE,broad_strike=101.5;fits_budget=True;gross_top_prefilter=-0.01;min_bundle_outlay=1.032;narrow_strike=102.5;strike_type=greater
2026-10-07T23:09:56+00:00,strike_inconsistency,KXSHAKFT-26OCT08,KXSHAKFT-26OCT08-T105|KXSHAKFT-26OCT08-T106,2,KXSHAKFT-26OCT08-T105;KXSHAKFT-26OCT08-T106,yes;no,0.0200;0.9900,5444.63;1600,0,0.0,1.01,1.0,0.02,0.002,-0.01,-0.032,-0.032,1.01,False,NO_POSITIVE_MARGINAL_EDGE,broad_strike=105.0;fits_budget=True;gross_top_prefilter=-0.01;min_bundle_outlay=1.032;narrow_strike=106.0;strike_type=greater
2026-10-07T23:09:56+00:00,strike_inconsistency,KXYUMTBFT-26OCT08,KXYUMTBFT-26OCT08-T101.5|KXYUMTBFT-26OCT08-T103,2,KXYUMTBFT-26OCT08-T101.5;KXYUMTBFT-26OCT08-T103,yes;no,0.0200;0.9900,6029;3040.95,0,0.0,1.01,1.0,0.02,0.002,-0.01,-0.032,-0.032,1.01,False,NO_POSITIVE_MARGINAL_EDGE,broad_strike=101.5;fits_budget=True;gross_top_prefilter=-0.01;min_bundle_outlay=1.032;narrow_strike=103.0;strike_type=greater
2026-10-07T23:09:56+00:00,strike_inconsistency,KXYUMTBFT-26OCT08,KXYUMTBFT-26OCT08-T101|KXYUMTBFT-26OCT08-T103,2,KXYUMTBFT-26OCT08-T101;KXYUMTBFT-26OCT08-T103,yes;no,0.0200;0.9900,6051;3040.95,0,0.0,1.01,1.0,0.02,0.002,-0.01,-0.032,-0.032,1.01,False,NO_POSITIVE_MARGINAL_EDGE,broad_strike=101.0;fits_budget=True;gross_top_prefilter=-0.01;min_bundle_outlay=1.032;narrow_strike=103.0;strike_type=greater
2026-10-07T23:09:56+00:00,strike_inconsistency,KXSHAKFT-26OCT08,KXSHAKFT-26OCT08-T102|KXSHAKFT-26OCT08-T108,2,KXSHAKFT-26OCT08-T102;KXSHAKFT-26OCT08-T108,yes;no,0.0200;0.9900,1650.84;3506,0,0.0,1.01,1.0,0.02,0.002,-0.01,-0.032,-0.032,1.01,False,NO_POSITIVE_MARGINAL_EDGE,broad_strike=102.0;fits_budget=True;gross_top_prefilter=-0.01;min_bundle_outlay=1.032;narrow_strike=108.0;strike_type=greater
2026-10-07T23:09:56+00:00,strike_inconsistency,KXSHAKFT-26OCT08,KXSHAKFT-26OCT08-T103|KXSHAKFT-26OCT08-T105,2,KXSHAKFT-26OCT08-T103;KXSHAKFT-26OCT08-T105,yes;no,0.0200;0.9900,5734;953.21,0,0.0,1.01,1.0,0.02,0.002,-0.01,-0.032,-0.032,1.01,False,NO_POSITIVE_MARGINAL_EDGE,broad_strike=103.0;fits_budget=True;gross_top_prefilter=-0.01;min_bundle_outlay=1.032;narrow_strike=105.0;strike_type=greater
2026-10-07T23:09:56+00:00,strike_inconsistency,KXGOOGSHARE-26OCT12,KXGOOGSHARE-26OCT12-21.5|KXGOOGSHARE-26OCT12-22.4,2,KXGOOGSHARE-26OCT12-21.5;KXGOOGSHARE-26OCT12-22.4,yes;no,0.0200;0.9900,1620;1425,0,0.0,1.01,1.0,0.02,0.002,-0.01,-0.032,-0.032,1.01,False,NO_POSITIVE_MARGINAL_EDGE,broad_strike=21.5;fits_budget=True;gross_top_prefilter=-0.01;min_bundle_outlay=1.032;narrow_strike=22.4;strike_type=greater
2026-10-07T23:09:56+00:00,strike_inconsistency,KXSHAKFT-26OCT08,KXSHAKFT-26OCT08-T105|KXSHAKFT-26OCT08-T108,2,KXSHAKFT-26OCT08-T105;KXSHAKFT-26OCT08-T108,yes;no,0.0200;0.9900,5444.63;3506,0,0.0,1.01,1.0,0.02,0.002,-0.01,-0.032,-0.032,1.01,False,NO_POSITIVE_MARGINAL_EDGE,broad_strike=105.0;fits_budget=True;gross_top_prefilter=-0.01;min_bundle_outlay=1.032;narrow_strike=108.0;strike_type=greater
2026-10-07T23:09:56+00:00,strike_inconsistency,KXYUMTBFT-26OCT08,KXYUMTBFT-26OCT08-T99.5|KXYUMTBFT-26OCT08-T102.5,2,KXYUMTBFT-26OCT08-T99.5;KXYUMTBFT-26OCT08-T102.5,yes;no,0.0200;0.9900,6317.45;4234,0,0.0,1.01,1.0,0.02,0.002,-0.01,-0.032,-0.032,1.01,False,NO_POSITIVE_MARGINAL_EDGE,broad_strike=99.5;fits_budget=True;gross_top_prefilter=-0.01;min_bundle_outlay=1.032;narrow_strike=102.5;strike_type=greater
2026-10-07T23:09:56+00:00,strike_inconsistency,KXCAVAFT-26OCT08,KXCAVAFT-26OCT08-T100|KXCAVAFT-26OCT08-T104,2,KXCAVAFT-26OCT08-T100;KXCAVAFT-26OCT08-T104,yes;no,0.0200;0.9900,6204;3068.74,0,0.0,1.01,1.0,0.02,0.002,-0.01,-0.032,-0.032,1.01,False,NO_POSITIVE_MARGINAL_EDGE,broad_strike=100.0;fits_budget=True;gross_top_prefilter=-0.01;min_bundle_outlay=1.032;narrow_strike=104.0;strike_type=greater
2026-10-07T23:09:56+00:00,strike_inconsistency,KXCAVAFT-26OCT08,KXCAVAFT-26OCT08-T100|KXCAVAFT-26OCT08-T102,2,KXCAVAFT-26OCT08-T100;KXCAVAFT-26OCT08-T102,yes;no,0.0200;0.9900,6204;2923,0,0.0,1.01,1.0,0.02,0.002,-0.01,-0.032,-0.032,1.01,False,NO_POSITIVE_MARGINAL_EDGE,broad_strike=100.0;fits_budget=True;gross_top_prefilter=-0.01;min_bundle_outlay=1.032;narrow_strike=102.0;strike_type=greater
2026-10-07T23:09:56+00:00,strike_inconsistency,KXSHAKFT-26OCT08,KXSHAKFT-26OCT08-T105|KXSHAKFT-26OCT08-T107,2,KXSHAKFT-26OCT08-T105;KXSHAKFT-26OCT08-T107,yes;no,0.0200;0.9900,5444.63;1650,0,0.0,1.01,1.0,0.02,0.002,-0.01,-0.032,-0.032,1.01,False,NO_POSITIVE_MARGINAL_EDGE,broad_strike=105.0;fits_budget=True;gross_top_prefilter=-0.01;min_bundle_outlay=1.032;narrow_strike=107.0;strike_type=greater
2026-10-07T23:09:56+00:00,strike_inconsistency,KXCAVAFT-26OCT08,KXCAVAFT-26OCT08-T102|KXCAVAFT-26OCT08-T106,2,KXCAVAFT-26OCT08-T102;KXCAVAFT-26OCT08-T106,yes;no,0.0200;0.9900,6775;2680.49,0,0.0,1.01,1.0,0.02,0.002,-0.01,-0.032,-0.032,1.01,False,NO_POSITIVE_MARGINAL_EDGE,broad_strike=102.0;fits_budget=True;gross_top_prefilter=-0.01;min_bundle_outlay=1.032;narrow_strike=106.0;strike_type=greater
2026-10-07T23:09:56+00:00,strike_inconsistency,KXHORMUZWEEKLY-26OCT11,KXHORMUZWEEKLY-26OCT11-T75|KXHORMUZWEEKLY-26OCT11-T100,2,KXHORMUZWEEKLY-26OCT11-T75;KXHORMUZWEEKLY-26OCT11-T100,yes;no,0.0200;0.9900,88541.1;113432,0,0.0,1.01,1.0,0.02,0.002,-0.01,-0.032,-0.032,1.01,False,NO_POSITIVE_MARGINAL_EDGE,broad_strike=75.0;fits_budget=True;gross_top_prefilter=-0.01;min_bundle_outlay=1.032;narrow_strike=100.0;strike_type=greater
2026-10-07T23:09:56+00:00,strike_inconsistency,KXSHAKFT-26OCT08,KXSHAKFT-26OCT08-T102|KXSHAKFT-26OCT08-T105,2,KXSHAKFT-26OCT08-T102;KXSHAKFT-26OCT08-T105,yes;no,0.0200;0.9900,1650.84;953.21,0,0.0,1.01,1.0,0.02,0.002,-0.01,-0.032,-0.032,1.01,False,NO_POSITIVE_MARGINAL_EDGE,broad_strike=102.0;fits_budget=True;gross_top_prefilter=-0.01;min_bundle_outlay=1.032;narrow_strike=105.0;strike_type=greater
2026-10-07T23:09:56+00:00,strike_inconsistency,KXCAVAFT-26OCT08,KXCAVAFT-26OCT08-T102|KXCAVAFT-26OCT08-T104,2,KXCAVAFT-26OCT08-T102;KXCAVAFT-26OCT08-T104,yes;no,0.0200;0.9900,6775;3068.74,0,0.0,1.01,1.0,0.02,0.002,-0.01,-0.032,-0.032,1.01,False,NO_POSITIVE_MARGINAL_EDGE,broad_strike=102.0;fits_budget=True;gross_top_prefilter=-0.01;min_bundle_outlay=1.032;narrow_strike=104.0;strike_type=greater
2026-10-07T23:09:56+00:00,strike_inconsistency,KXGROKAPP-26OCT08,KXGROKAPP-26OCT08-T126|KXGROKAPP-26OCT08-T130,2,KXGROKAPP-26OCT08-T126;KXGROKAPP-26OCT08-T130,yes;no,0.0200;0.9900,3837;3789.79,0,0.0,1.01,1.0,0.02,0.002,-0.01,-0.032,-0.032,1.01,False,NO_POSITIVE_MARGINAL_EDGE,broad_strike=126.0;fits_budget=True;gross_top_prefilter=-0.01;min_bundle_outlay=1.032;narrow_strike=130.0;strike_type=greater
2026-10-07T23:09:56+00:00,strike_inconsistency,KXCAVAFT-26OCT08,KXCAVAFT-26OCT08-T100|KXCAVAFT-26OCT08-T106,2,KXCAVAFT-26OCT08-T100;KXCAVAFT-26OCT08-T106,yes;no,0.0200;0.9900,6204;2680.49,0,0.0,1.01,1.0,0.02,0.002,-0.01,-0.032,-0.032,1.01,False,NO_POSITIVE_MARGINAL_EDGE,broad_strike=100.0;fits_budget=True;gross_top_prefilter=-0.01;min_bundle_outlay=1.032;narrow_strike=106.0;strike_type=greater
2026-10-07T23:09:56+00:00,strike_inconsistency,KXMCDFT-26OCT08,KXMCDFT-26OCT08-T102|KXMCDFT-26OCT08-T103,2,KXMCDFT-26OCT08-T102;KXMCDFT-26OCT08-T103,yes;no,0.0200;0.9900,1416.24;2200,0,0.0,1.01,1.0,0.02,0.002,-0.01,-0.032,-0.032,1.01,False,NO_POSITIVE_MARGINAL_EDGE,broad_strike=102.0;fits_budget=True;gross_top_prefilter=-0.01;min_bundle_outlay=1.032;narrow_strike=103.0;strike_type=greater
2026-10-07T23:09:56+00:00,strike_inconsistency,KXTRUMPNOMNUM-26OCT04,KXTRUMPNOMNUM-26OCT04-T3|KXTRUMPNOMNUM-26OCT04-T10,2,KXTRUMPNOMNUM-26OCT04-T3;KXTRUMPNOMNUM-26OCT04-T10,yes;no,0.0200;0.9900,9677.68;20100,0,0.0,1.01,1.0,0.02,0.002,-0.01,-0.032,-0.032,1.01,False,NO_POSITIVE_MARGINAL_EDGE,broad_strike=3.0;fits_budget=True;gross_top_prefilter=-0.01;min_bundle_outlay=1.032;narrow_strike=10.0;strike_type=greater_or_equal
2026-10-07T23:09:56+00:00,strike_inconsistency,KXBTCD-26OCT0917,KXBTCD-26OCT0917-T88999.99|KXBTCD-26OCT0917-T90499.99,2,KXBTCD-26OCT0917-T88999.99;KXBTCD-26OCT0917-T90499.99,yes;no,0.0200;0.9900,4321;1,0,0.0,1.01,1.0,0.02,0.002,-0.01,-0.032,-0.032,1.01,False,NO_POSITIVE_MARGINAL_EDGE,broad_strike=88999.99;fits_budget=True;gross_top_prefilter=-0.01;min_bundle_outlay=1.032;narrow_strike=90499.99;strike_type=greater
2026-10-07T23:09:56+00:00,strike_inconsistency,KXRT-OTH,KXRT-OTH-85|KXRT-OTH-90,2,KXRT-OTH-85;KXRT-OTH-90,yes;no,0.0200;0.9900,301.2;2895.75,0,0.0,1.01,1.0,0.02,0.002,-0.01,-0.032,-0.032,1.01,False,NO_POSITIVE_MARGINAL_EDGE,broad_strike=85.0;fits_budget=True;gross_top_prefilter=-0.01;min_bundle_outlay=1.032;narrow_strike=90.0;strike_type=greater
2026-10-07T23:09:56+00:00,strike_inconsistency,KXCAVAFT-26OCT08,KXCAVAFT-26OCT08-T104|KXCAVAFT-26OCT08-T106,2,KXCAVAFT-26OCT08-T104;KXCAVAFT-26OCT08-T106,yes;no,0.0200;0.9900,9830.26;2680.49,0,0.0,1.01,1.0,0.02,0.002,-0.01,-0.032,-0.032,1.01,False,NO_POSITIVE_MARGINAL_EDGE,broad_strike=104.0;fits_budget=True;gross_top_prefilter=-0.01;min_bundle_outlay=1.032;narrow_strike=106.0;strike_type=greater
2026-10-07T23:09:56+00:00,strike_inconsistency,KXTRUMPNOMNUM-26OCT04,KXTRUMPNOMNUM-26OCT04-T3|KXTRUMPNOMNUM-26OCT04-T5,2,KXTRUMPNOMNUM-26OCT04-T3;KXTRUMPNOMNUM-26OCT04-T5,yes;no,0.0200;0.9900,9677.68;21600,0,0.0,1.01,1.0,0.02,0.002,-0.01,-0.032,-0.032,1.01,False,NO_POSITIVE_MARGINAL_EDGE,broad_strike=3.0;fits_budget=True;gross_top_prefilter=-0.01;min_bundle_outlay=1.032;narrow_strike=5.0;strike_type=greater_or_equal
2026-10-07T23:09:56+00:00,strike_inconsistency,KXBTCD-26OCT0917,KXBTCD-26OCT0917-T89999.99|KXBTCD-26OCT0917-T90499.99,2,KXBTCD-26OCT0917-T89999.99;KXBTCD-26OCT0917-T90499.99,yes;no,0.0200;0.9900,1;1,0,0.0,1.01,1.0,0.02,0.002,-0.01,-0.032,-0.032,1.01,False,NO_POSITIVE_MARGINAL_EDGE,broad_strike=89999.99;fits_budget=True;gross_top_prefilter=-0.01;min_bundle_outlay=1.032;narrow_strike=90499.99;strike_type=greater
2026-10-07T23:09:56+00:00,strike_inconsistency,KXSHAKFT-26OCT08,KXSHAKFT-26OCT08-T106|KXSHAKFT-26OCT08-T108,2,KXSHAKFT-26OCT08-T106;KXSHAKFT-26OCT08-T108,yes;no,0.0200;0.9900,6371;3506,0,0.0,1.01,1.0,0.02,0.002,-0.01,-0.032,-0.032,1.01,False,NO_POSITIVE_MARGINAL_EDGE,broad_strike=106.0;fits_budget=True;gross_top_prefilter=-0.01;min_bundle_outlay=1.032;narrow_strike=108.0;strike_type=greater
2026-10-07T23:09:56+00:00,strike_inconsistency,KXWTI-26OCT0814,KXWTI-26OCT0814-T94.49|KXWTI-26OCT0814-T94.99,2,KXWTI-26OCT0814-T94.49;KXWTI-26OCT0814-T94.99,yes;no,0.0200;0.9900,2000;100,0,0.0,1.01,1.0,0.02,0.002,-0.01,-0.032,-0.032,1.01,False,NO_POSITIVE_MARGINAL_EDGE,broad_strike=94.49;fits_budget=True;gross_top_prefilter=-0.01;min_bundle_outlay=1.032;narrow_strike=94.99;strike_type=greater
2026-10-07T23:09:56+00:00,strike_inconsistency,KXAAAGASDMD-26OCT08,KXAAAGASDMD-26OCT08-4.2950|KXAAAGASDMD-26OCT08-4.3000,2,KXAAAGASDMD-26OCT08-4.2950;KXAAAGASDMD-26OCT08-4.3000,yes;no,0.0200;0.9900,9976;11000,0,0.0,1.01,1.0,0.02,0.002,-0.01,-0.032,-0.032,1.01,False,NO_POSITIVE_MARGINAL_EDGE,broad_strike=4.295;fits_budget=True;gross_top_prefilter=-0.01;min_bundle_outlay=1.032;narrow_strike=4.3;strike_type=greater
2026-10-07T23:09:56+00:00,strike_inconsistency,KXBTCD-26OCT0817,KXBTCD-26OCT0817-T86249.99|KXBTCD-26OCT0817-T86499.99,2,KXBTCD-26OCT0817-T86249.99;KXBTCD-26OCT0817-T86499.99,yes;no,0.0200;0.9900,2850.88;2787,0,0.0,1.01,1.0,0.02,0.002,-0.01,-0.032,-0.032,1.01,False,NO_POSITIVE_MARGINAL_EDGE,broad_strike=86249.99;fits_budget=True;gross_top_prefilter=-0.01;min_bundle_outlay=1.032;narrow_strike=86499.99;strike_type=greater
2026-10-07T23:09:56+00:00,strike_inconsistency,KXBTCD-26OCT0917,KXBTCD-26OCT0917-T88999.99|KXBTCD-26OCT0917-T89999.99,2,KXBTCD-26OCT0917-T88999.99;KXBTCD-26OCT0917-T89999.99,yes;no,0.0200;0.9900,4321;1,0,0.0,1.01,1.0,0.02,0.002,-0.01,-0.032,-0.032,1.01,False,NO_POSITIVE_MARGINAL_EDGE,broad_strike=88999.99;fits_budget=True;gross_top_prefilter=-0.01;min_bundle_outlay=1.032;narrow_strike=89999.99;strike_type=greater
2026-10-07T23:09:56+00:00,strike_inconsistency,KXWTI-26OCT0814,KXWTI-26OCT0814-T94.49|KXWTI-26OCT0814-T95.49,2,KXWTI-26OCT0814-T94.49;KXWTI-26OCT0814-T95.49,yes;no,0.0200;0.9900,2000;100.02,0,0.0,1.01,1.0,0.02,0.002,-0.01,-0.032,-0.032,1.01,False,NO_POSITIVE_MARGINAL_EDGE,broad_strike=94.49;fits_budget=True;gross_top_prefilter=-0.01;min_bundle_outlay=1.032;narrow_strike=95.49;strike_type=greater
2026-10-07T23:09:56+00:00,strike_inconsistency,KXAAAGASDMD-26OCT08,KXAAAGASDMD-26OCT08-4.2950|KXAAAGASDMD-26OCT08-4.3100,2,KXAAAGASDMD-26OCT08-4.2950;KXAAAGASDMD-26OCT08-4.3100,yes;no,0.0200;0.9900,9976;3000,0,0.0,1.01,1.0,0.02,0.002,-0.01,-0.032,-0.032,1.01,False,NO_POSITIVE_MARGINAL_EDGE,broad_strike=4.295;fits_budget=True;gross_top_prefilter=-0.01;min_bundle_outlay=1.032;narrow_strike=4.31;strike_type=greater
2026-10-07T23:09:56+00:00,strike_inconsistency,KXBTCD-26OCT0817,KXBTCD-26OCT0817-T86249.99|KXBTCD-26OCT0817-T86749.99,2,KXBTCD-26OCT0817-T86249.99;KXBTCD-26OCT0817-T86749.99,yes;no,0.0200;0.9900,2850.88;108,0,0.0,1.01,1.0,0.02,0.002,-0.01,-0.032,-0.032,1.01,False,NO_POSITIVE_MARGINAL_EDGE,broad_strike=86249.99;fits_budget=True;gross_top_prefilter=-0.01;min_bundle_outlay=1.032;narrow_strike=86749.99;strike_type=greater
2026-10-07T23:09:56+00:00,strike_inconsistency,KXAAAGASDMD-26OCT08,KXAAAGASDMD-26OCT08-4.3000|KXAAAGASDMD-26OCT08-4.3050,2,KXAAAGASDMD-26OCT08-4.3000;KXAAAGASDMD-26OCT08-4.3050,yes;no,0.0200;0.9900,7171;10166,0,0.0,1.01,1.0,0.02,0.002,-0.01,-0.032,-0.032,1.01,False,NO_POSITIVE_MARGINAL_EDGE,broad_strike=4.3;fits_budget=True;gross_top_prefilter=-0.01;min_bundle_outlay=1.032;narrow_strike=4.305;strike_type=greater
2026-10-07T23:09:56+00:00,strike_inconsistency,KXAAAGASDMD-26OCT08,KXAAAGASDMD-26OCT08-4.2950|KXAAAGASDMD-26OCT08-4.3050,2,KXAAAGASDMD-26OCT08-4.2950;KXAAAGASDMD-26OCT08-4.3050,yes;no,0.0200;0.9900,9976;10166,0,0.0,1.01,1.0,0.02,0.002,-0.01,-0.032,-0.032,1.01,False,NO_POSITIVE_MARGINAL_EDGE,broad_strike=4.295;fits_budget=True;gross_top_prefilter=-0.01;min_bundle_outlay=1.032;narrow_strike=4.305;strike_type=greater
2026-10-07T23:09:56+00:00,strike_inconsistency,KXAAAGASDNJ-26OCT08,KXAAAGASDNJ-26OCT08-4.2900|KXAAAGASDNJ-26OCT08-4.2950,2,KXAAAGASDNJ-26OCT08-4.2900;KXAAAGASDNJ-26OCT08-4.2950,yes;no,0.0200;0.9900,26169;3000,0,0.0,1.01,1.0,0.02,0.002,-0.01,-0.032,-0.032,1.01,False,NO_POSITIVE_MARGINAL_EDGE,broad_strike=4.29;fits_budget=True;gross_top_prefilter=-0.01;min_bundle_outlay=1.032;narrow_strike=4.295;strike_type=greater
2026-10-07T23:09:56+00:00,strike_inconsistency,KXAAAGASDCA-26OCT08,KXAAAGASDCA-26OCT08-6.3600|KXAAAGASDCA-26OCT08-6.3650,2,KXAAAGASDCA-26OCT08-6.3600;KXAAAGASDCA-26OCT08-6.3650,yes;no,0.0200;0.9900,113;28635.2,0,0.0,1.01,1.0,0.02,0.002,-0.01,-0.032,-0.032,1.01,False,NO_POSITIVE_MARGINAL_EDGE,broad_strike=6.36;fits_budget=True;gross_top_prefilter=-0.01;min_bundle_outlay=1.032;narrow_strike=6.365;strike_type=greater
2026-10-07T23:09:56+00:00,strike_inconsistency,KXAAAGASDCA-26OCT08,KXAAAGASDCA-26OCT08-6.3600|KXAAAGASDCA-26OCT08-6.3750,2,KXAAAGASDCA-26OCT08-6.3600;KXAAAGASDCA-26OCT08-6.3750,yes;no,0.0200;0.9900,113;3000,0,0.0,1.01,1.0,0.02,0.002,-0.01,-0.032,-0.032,1.01,False,NO_POSITIVE_MARGINAL_EDGE,broad_strike=6.36;fits_budget=True;gross_top_prefilter=-0.01;min_bundle_outlay=1.032;narrow_strike=6.375;strike_type=greater
2026-10-07T23:09:56+00:00,strike_inconsistency,KXTRUMPNOMNUM-26OCT04,KXTRUMPNOMNUM-26OCT04-T5|KXTRUMPNOMNUM-26OCT04-T10,2,KXTRUMPNOMNUM-26OCT04-T5;KXTRUMPNOMNUM-26OCT04-T10,yes;no,0.0200;0.9900,9897.04;20100,0,0.0,1.01,1.0,0.02,0.002,-0.01,-0.032,-0.032,1.01,False,NO_POSITIVE_MARGINAL_EDGE,broad_strike=5.0;fits_budget=True;gross_top_prefilter=-0.01;min_bundle_outlay=1.032;narrow_strike=10.0;strike_type=greater_or_equal
2026-10-07T23:09:56+00:00,strike_inconsistency,KXAAAGASW-26OCT12,KXAAAGASW-26OCT12-4.4000|KXAAAGASW-26OCT12-4.4200,2,KXAAAGASW-26OCT12-4.4000;KXAAAGASW-26OCT12-4.4200,yes;no,0.0200;0.9900,2020;3800,0,0.0,1.01,1.0,0.02,0.002,-0.01,-0.032,-0.032,1.01,False,NO_POSITIVE_MARGINAL_EDGE,broad_strike=4.4;fits_budget=True;gross_top_prefilter=-0.01;min_bundle_outlay=1.032;narrow_strike=4.42;strike_type=greater
2026-10-07T23:09:56+00:00,strike_inconsistency,KXAAAGASDCA-26OCT08,KXAAAGASDCA-26OCT08-6.3650|KXAAAGASDCA-26OCT08-6.3700,2,KXAAAGASDCA-26OCT08-6.3650;KXAAAGASDCA-26OCT08-6.3700,yes;no,0.0200;0.9900,22;24516.1,0,0.0,1.01,1.0,0.02,0.002,-0.01,-0.032,-0.032,1.01,False,NO_POSITIVE_MARGINAL_EDGE,broad_strike=6.365;fits_budget=True;gross_top_prefilter=-0.01;min_bundle_outlay=1.032;narrow_strike=6.37;strike_type=greater
2026-10-07T23:09:56+00:00,strike_inconsistency,KXAAAGASDCA-26OCT08,KXAAAGASDCA-26OCT08-6.3600|KXAAAGASDCA-26OCT08-6.3700,2,KXAAAGASDCA-26OCT08-6.3600;KXAAAGASDCA-26OCT08-6.3700,yes;no,0.0200;0.9900,113;24516.1,0,0.0,1.01,1.0,0.02,0.002,-0.01,-0.032,-0.032,1.01,False,NO_POSITIVE_MARGINAL_EDGE,broad_strike=6.36;fits_budget=True;gross_top_prefilter=-0.01;min_bundle_outlay=1.032;narrow_strike=6.37;strike_type=greater
2026-10-07T23:09:56+00:00,strike_inconsistency,KXDISLANDPRICE-26DEC31,KXDISLANDPRICE-26DEC31-T236|KXDISLANDPRICE-26DEC31-T240,2,KXDISLANDPRICE-26DEC31-T236;KXDISLANDPRICE-26DEC31-T240,yes;no,0.0400;0.9700,3534.83;8015.66,0,0.0,1.01,1.0,0.02,0.002,-0.01,-0.032,-0.032,1.01,False,NO_POSITIVE_MARGINAL_EDGE,broad_strike=236.0;fits_budget=True;gross_top_prefilter=-0.01;min_bundle_outlay=1.032;narrow_strike=240.0;strike_type=greater
2026-10-07T23:09:56+00:00,strike_inconsistency,KXAAAGASM-26OCT31,KXAAAGASM-26OCT31-4.70|KXAAAGASM-26OCT31-4.80,2,KXAAAGASM-26OCT31-4.70;KXAAAGASM-26OCT31-4.80,yes;no,0.0500;0.9600,3127.94;7517,0,0.0,1.01,1.0,0.02,0.002,-0.01,-0.032,-0.032,1.01,False,NO_POSITIVE_MARGINAL_EDGE,broad_strike=4.7;fits_budget=True;gross_top_prefilter=-0.01;min_bundle_outlay=1.032;narrow_strike=4.8;strike_type=greater
2026-10-07T23:09:56+00:00,strike_inconsistency,KXAAAGASDMD-26OCT08,KXAAAGASDMD-26OCT08-4.3050|KXAAAGASDMD-26OCT08-4.3100,2,KXAAAGASDMD-26OCT08-4.3050;KXAAAGASDMD-26OCT08-4.3100,yes;no,0.0200;0.9900,7976;3000,0,0.0,1.01,1.0,0.02,0.002,-0.01,-0.032,-0.032,1.01,False,NO_POSITIVE_MARGINAL_EDGE,broad_strike=4.305;fits_budget=True;gross_top_prefilter=-0.01;min_bundle_outlay=1.032;narrow_strike=4.31;strike_type=greater
2026-10-07T23:09:56+00:00,strike_inconsistency,KXDIESELW-26OCT12,KXDIESELW-26OCT12-T6.38|KXDIESELW-26OCT12-T6.40,2,KXDIESELW-26OCT12-T6.38;KXDIESELW-26OCT12-T6.40,yes;no,0.0400;0.9700,1000;2,0,0.0,1.01,1.0,0.02,0.002,-0.01,-0.032,-0.032,1.01,False,NO_POSITIVE_MARGINAL_EDGE,broad_strike=6.38;fits_budget=True;gross_top_prefilter=-0.01;min_bundle_outlay=1.032;narrow_strike=6.4;strike_type=greater
2026-10-07T23:09:56+00:00,strike_inconsistency,KXDISLANDPRICE-26DEC31,KXDISLANDPRICE-26DEC31-T236|KXDISLANDPRICE-26DEC31-T238,2,KXDISLANDPRICE-26DEC31-T236;KXDISLANDPRICE-26DEC31-T238,yes;no,0.0400;0.9700,3534.83;8034.66,0,0.0,1.01,1.0,0.02,0.002,-0.01,-0.032,-0.032,1.01,False,NO_POSITIVE_MARGINAL_EDGE,broad_strike=236.0;fits_budget=True;gross_top_prefilter=-0.01;min_bundle_outlay=1.032;narrow_strike=238.0;strike_type=greater
2026-10-07T23:09:56+00:00,strike_inconsistency,KXAAAGASDCA-26OCT08,KXAAAGASDCA-26OCT08-6.3700|KXAAAGASDCA-26OCT08-6.3750,2,KXAAAGASDCA-26OCT08-6.3700;KXAAAGASDCA-26OCT08-6.3750,yes;no,0.0200;0.9900,37;3000,0,0.0,1.01,1.0,0.02,0.002,-0.01,-0.032,-0.032,1.01,False,NO_POSITIVE_MARGINAL_EDGE,broad_strike=6.37;fits_budget=True;gross_top_prefilter=-0.01;min_bundle_outlay=1.032;narrow_strike=6.375;strike_type=greater
2026-10-07T23:09:56+00:00,strike_inconsistency,KXBIGGESTQUAKE-07OCT26,KXBIGGESTQUAKE-07OCT26-6.0|KXBIGGESTQUAKE-07OCT26-6.2,2,KXBIGGESTQUAKE-07OCT26-6.0;KXBIGGESTQUAKE-07OCT26-6.2,yes;no,0.0200;0.9900,42;800,0,0.0,1.01,1.0,0.02,0.002,-0.01,-0.032,-0.032,1.01,False,NO_POSITIVE_MARGINAL_EDGE,broad_strike=6.0;fits_budget=True;gross_top_prefilter=-0.01;min_bundle_outlay=1.032;narrow_strike=6.2;strike_type=greater_or_equal
2026-10-07T23:09:56+00:00,strike_inconsistency,KXNFLSPREAD-26OCT08TBDAL,KXNFLSPREAD-26OCT08TBDAL-TB14|KXNFLSPREAD-26OCT08TBDAL-TB15,2,KXNFLSPREAD-26OCT08TBDAL-TB14;KXNFLSPREAD-26OCT08TBDAL-TB15,yes;no,0.0400;0.9700,9656;48864,0,0.0,1.01,1.0,0.02,0.002,-0.01,-0.032,-0.032,1.01,False,NO_POSITIVE_MARGINAL_EDGE,broad_strike=13.5;fits_budget=True;gross_top_prefilter=-0.01;min_bundle_outlay=1.032;narrow_strike=14.5;strike_type=greater
2026-10-07T23:09:56+00:00,strike_inconsistency,KXJOBLESSCLAIMS-26OCT08,KXJOBLESSCLAIMS-26OCT08-215000|KXJOBLESSCLAIMS-26OCT08-225000,2,KXJOBLESSCLAIMS-26OCT08-215000;KXJOBLESSCLAIMS-26OCT08-225000,yes;no,0.0500;0.9600,106.29;89,0,0.0,1.01,1.0,0.02,0.002,-0.01,-0.032,-0.032,1.01,False,NO_POSITIVE_MARGINAL_EDGE,broad_strike=215000.0;fits_budget=True;gross_top_prefilter=-0.01;min_bundle_outlay=1.032;narrow_strike=225000.0;strike_type=greater_or_equal
2026-10-07T23:09:56+00:00,strike_inconsistency,KXBRPRES2MOVD-BRPRES26FBOL,KXBRPRES2MOVD-BRPRES26FBOL-FBOL-P9|KXBRPRES2MOVD-BRPRES26FBOL-FBOL-P11,2,KXBRPRES2MOVD-BRPRES26FBOL-FBOL-P9;KXBRPRES2MOVD-BRPRES26FBOL-FBOL-P11,yes;no,0.0500;0.9600,197.24;9090,0,0.0,1.01,1.0,0.02,0.002,-0.01,-0.032,-0.032,1.01,False,NO_POSITIVE_MARGINAL_EDGE,broad_strike=9.0;fits_budget=True;gross_top_prefilter=-0.01;min_bundle_outlay=1.032;narrow_strike=11.0;strike_type=greater_or_equal
2026-10-07T23:09:56+00:00,strike_inconsistency,KXAAAGASMIN-26DEC31,KXAAAGASMIN-26DEC31-3.20|KXAAAGASMIN-26DEC31-3.00,2,KXAAAGASMIN-26DEC31-3.20;KXAAAGASMIN-26DEC31-3.00,yes;no,0.1700;0.8400,5.71;221.06,0,0.0,1.01,1.0,0.02,0.002,-0.01,-0.032,-0.032,1.01,False,NO_POSITIVE_MARGINAL_EDGE,broad_strike=3.2;fits_budget=True;gross_top_prefilter=-0.01;min_bundle_outlay=1.032;narrow_strike=3.0;strike_type=less
2026-10-07T23:09:56+00:00,strike_inconsistency,KXDISLANDPRICE-26DEC31,KXDISLANDPRICE-26DEC31-T238|KXDISLANDPRICE-26DEC31-T240,2,KXDISLANDPRICE-26DEC31-T238;KXDISLANDPRICE-26DEC31-T240,yes;no,0.0400;0.9700,3274.84;8015.66,0,0.0,1.01,1.0,0.02,0.002,-0.01,-0.032,-0.032,1.01,False,NO_POSITIVE_MARGINAL_EDGE,broad_strike=238.0;fits_budget=True;gross_top_prefilter=-0.01;min_bundle_outlay=1.032;narrow_strike=240.0;strike_type=greater
2026-10-07T23:09:56+00:00,strike_inconsistency,KXMLBTEAMTOTAL-26OCT071600CLECWS,KXMLBTEAMTOTAL-26OCT071600CLECWS-CWS7|KXMLBTEAMTOTAL-26OCT071600CLECWS-CWS8,2,KXMLBTEAMTOTAL-26OCT071600CLECWS-CWS7;KXMLBTEAMTOTAL-26OCT071600CLECWS-CWS8,yes;no,0.0200;0.9900,60;1008.31,0,0.0,1.01,1.0,0.02,0.002,-0.01,-0.032,-0.032,1.01,False,NO_POSITIVE_MARGINAL_EDGE,broad_strike=6.5;fits_budget=True;gross_top_prefilter=-0.01;min_bundle_outlay=1.032;narrow_strike=7.5;strike_type=greater
2026-10-07T23:09:56+00:00,strike_inconsistency,KXDIESELW-26OCT12,KXDIESELW-26OCT12-T6.38|KXDIESELW-26OCT12-T6.42,2,KXDIESELW-26OCT12-T6.38;KXDIESELW-26OCT12-T6.42,yes;no,0.0400;0.9700,1000;33,0,0.0,1.01,1.0,0.02,0.002,-0.01,-0.032,-0.032,1.01,False,NO_POSITIVE_MARGINAL_EDGE,broad_strike=6.38;fits_budget=True;gross_top_prefilter=-0.01;min_bundle_outlay=1.032;narrow_strike=6.42;strike_type=greater
2026-10-07T23:09:56+00:00,strike_inconsistency,KXNCAAFWINS-26UTAH,KXNCAAFWINS-26UTAH-6|KXNCAAFWINS-26UTAH-7,2,KXNCAAFWINS-26UTAH-6;KXNCAAFWINS-26UTAH-7,yes;no,0.9700;0.0400,495;9.29,0,0.0,1.01,1.0,0.02,0.002,-0.01,-0.032,-0.032,1.01,False,NO_POSITIVE_MARGINAL_EDGE,broad_strike=6.0;fits_budget=True;gross_top_prefilter=-0.01;min_bundle_outlay=1.032;narrow_strike=7.0;strike_type=greater_or_equal
2026-10-07T23:09:56+00:00,strike_inconsistency,KXAAAGASM-26OCT31,KXAAAGASM-26OCT31-3.20|KXAAAGASM-26OCT31-3.30,2,KXAAAGASM-26OCT31-3.20;KXAAAGASM-26OCT31-3.30,yes;no,0.9900;0.0200,9860.04;125801,0,0.0,1.01,1.0,0.02,0.002,-0.01,-0.032,-0.032,1.01,False,NO_POSITIVE_MARGINAL_EDGE,broad_strike=3.2;fits_budget=True;gross_top_prefilter=-0.01;min_bundle_outlay=1.032;narrow_strike=3.3;strike_type=greater
2026-10-07T23:09:56+00:00,strike_inconsistency,KXAAAGASMIN-26DEC31,KXAAAGASMIN-26DEC31-3.40|KXAAAGASMIN-26DEC31-3.00,2,KXAAAGASMIN-26DEC31-3.40;KXAAAGASMIN-26DEC31-3.00,yes;no,0.1700;0.8400,25;221.06,0,0.0,1.01,1.0,0.02,0.002,-0.01,-0.032,-0.032,1.01,False,NO_POSITIVE_MARGINAL_EDGE,broad_strike=3.4;fits_budget=True;gross_top_prefilter=-0.01;min_bundle_outlay=1.032;narrow_strike=3.0;strike_type=less
2026-10-07T23:09:56+00:00,strike_inconsistency,KXNCAAFWINS-26UTAH,KXNCAAFWINS-26UTAH-7|KXNCAAFWINS-26UTAH-8,2,KXNCAAFWINS-26UTAH-7;KXNCAAFWINS-26UTAH-8,yes;no,0.9700;0.0400,285;26,0,0.0,1.01,1.0,0.02,0.002,-0.01,-0.032,-0.032,1.01,False,NO_POSITIVE_MARGINAL_EDGE,broad_strike=7.0;fits_budget=True;gross_top_prefilter=-0.01;min_bundle_outlay=1.032;narrow_strike=8.0;strike_type=greater_or_equal
2026-10-07T23:09:56+00:00,strike_inconsistency,KXESPNAPP-26NOV08,KXESPNAPP-26NOV08-T40|KXESPNAPP-26NOV08-T45,2,KXESPNAPP-26NOV08-T40;KXESPNAPP-26NOV08-T45,yes;no,0.7300;0.2800,630;138,0,0.0,1.01,1.0,0.04,0.002,-0.01,-0.052,-0.052,1.01,False,NO_POSITIVE_MARGINAL_EDGE,broad_strike=40.0;fits_budget=True;gross_top_prefilter=-0.01;min_bundle_outlay=1.052;narrow_strike=45.0;strike_type=greater
2026-10-07T23:09:56+00:00,strike_inconsistency,KXDIESELW-26OCT12,KXDIESELW-26OCT12-T6.38|KXDIESELW-26OCT12-T6.44,2,KXDIESELW-26OCT12-T6.38;KXDIESELW-26OCT12-T6.44,yes;no,0.0400;0.9700,1000;99,0,0.0,1.01,1.0,0.02,0.002,-0.01,-0.032,-0.032,1.01,False,NO_POSITIVE_MARGINAL_EDGE,broad_strike=6.38;fits_budget=True;gross_top_prefilter=-0.01;min_bundle_outlay=1.032;narrow_strike=6.44;strike_type=greater
2026-10-07T23:09:56+00:00,strike_inconsistency,KXBTCMINY-27JAN01,KXBTCMINY-27JAN01-50000.00|KXBTCMINY-27JAN01-45000.00,2,KXBTCMINY-27JAN01-50000.00;KXBTCMINY-27JAN01-45000.00,yes;no,0.0700;0.9400,0.4;380.22,0,0.0,1.01,1.0,0.02,0.002,-0.01,-0.032,-0.032,1.01,False,NO_POSITIVE_MARGINAL_EDGE,broad_strike=50000.0;fits_budget=True;gross_top_prefilter=-0.01;min_bundle_outlay=1.032;narrow_strike=45000.0;strike_type=less
2026-10-07T23:09:56+00:00,strike_inconsistency,KXAAAGASM-26OCT31,KXAAAGASM-26OCT31-3.20|KXAAAGASM-26OCT31-3.60,2,KXAAAGASM-26OCT31-3.20;KXAAAGASM-26OCT31-3.60,yes;no,0.9900;0.0200,9860.04;91115.8,0,0.0,1.01,1.0,0.02,0.002,-0.01,-0.032,-0.032,1.01,False,NO_POSITIVE_MARGINAL_EDGE,broad_strike=3.2;fits_budget=True;gross_top_prefilter=-0.01;min_bundle_outlay=1.032;narrow_strike=3.6;strike_type=greater
2026-10-07T23:09:56+00:00,strike_inconsistency,KXAAAGASM-26OCT31,KXAAAGASM-26OCT31-3.80|KXAAAGASM-26OCT31-3.90,2,KXAAAGASM-26OCT31-3.80;KXAAAGASM-26OCT31-3.90,yes;no,0.9500;0.0600,4820.01;2902.53,0,0.0,1.01,1.0,0.02,0.002,-0.01,-0.032,-0.032,1.01,False,NO_POSITIVE_MARGINAL_EDGE,broad_strike=3.8;fits_budget=True;gross_top_prefilter=-0.01;min_bundle_outlay=1.032;narrow_strike=3.9;strike_type=greater
2026-10-07T23:09:56+00:00,strike_inconsistency,KXRT-YOUC,KXRT-YOUC-60|KXRT-YOUC-75,2,KXRT-YOUC-60;KXRT-YOUC-75,yes;no,0.9900;0.0200,22117.2;241945,0,0.0,1.01,1.0,0.02,0.002,-0.01,-0.032,-0.032,1.01,False,NO_POSITIVE_MARGINAL_EDGE,broad_strike=60.0;fits_budget=True;gross_top_prefilter=-0.01;min_bundle_outlay=1.032;narrow_strike=75.0;strike_type=greater
2026-10-07T23:09:56+00:00,strike_inconsistency,KXRT-YOUC,KXRT-YOUC-65|KXRT-YOUC-75,2,KXRT-YOUC-65;KXRT-YOUC-75,yes;no,0.9900;0.0200,25584;241945,0,0.0,1.01,1.0,0.02,0.002,-0.01,-0.032,-0.032,1.01,False,NO_POSITIVE_MARGINAL_EDGE,broad_strike=65.0;fits_budget=True;gross_top_prefilter=-0.01;min_bundle_outlay=1.032;narrow_strike=75.0;strike_type=greater
2026-10-07T23:09:56+00:00,strike_inconsistency,KXRT-YOUC,KXRT-YOUC-60|KXRT-YOUC-80,2,KXRT-YOUC-60;KXRT-YOUC-80,yes;no,0.9900;0.0200,22117.2;214487,0,0.0,1.01,1.0,0.02,0.002,-0.01,-0.032,-0.032,1.01,False,NO_POSITIVE_MARGINAL_EDGE,broad_strike=60.0;fits_budget=True;gross_top_prefilter=-0.01;min_bundle_outlay=1.032;narrow_strike=80.0;strike_type=greater
2026-10-07T23:09:56+00:00,strike_inconsistency,KXRT-HEX,KXRT-HEX-85|KXRT-HEX-90,2,KXRT-HEX-85;KXRT-HEX-90,yes;no,0.1000;0.9100,4526.1;5139,0,0.0,1.01,1.0,0.02,0.002,-0.01,-0.032,-0.032,1.01,False,NO_POSITIVE_MARGINAL_EDGE,broad_strike=85.0;fits_budget=True;gross_top_prefilter=-0.01;min_bundle_outlay=1.032;narrow_strike=90.0;strike_type=greater
2026-10-07T23:09:56+00:00,strike_inconsistency,KXAAAGASM-26OCT31,KXAAAGASM-26OCT31-3.20|KXAAAGASM-26OCT31-3.50,2,KXAAAGASM-26OCT31-3.20;KXAAAGASM-26OCT31-3.50,yes;no,0.9900;0.0200,9860.04;107578,0,0.0,1.01,1.0,0.02,0.002,-0.01,-0.032,-0.032,1.01,False,NO_POSITIVE_MARGINAL_EDGE,broad_strike=3.2;fits_budget=True;gross_top_prefilter=-0.01;min_bundle_outlay=1.032;narrow_strike=3.5;strike_type=greater
2026-10-07T23:09:56+00:00,strike_inconsistency,KXDEEPSHARE-26OCT12,KXDEEPSHARE-26OCT12-20.0|KXDEEPSHARE-26OCT12-21.3,2,KXDEEPSHARE-26OCT12-20.0;KXDEEPSHARE-26OCT12-21.3,yes;no,0.9900;0.0200,5919.96;1602,0,0.0,1.01,1.0,0.02,0.002,-0.01,-0.032,-0.032,1.01,False,NO_POSITIVE_MARGINAL_EDGE,broad_strike=20.0;fits_budget=True;gross_top_prefilter=-0.01;min_bundle_outlay=1.032;narrow_strike=21.3;strike_type=greater
2026-10-07T23:09:56+00:00,strike_inconsistency,KXRT-YOUC,KXRT-YOUC-75|KXRT-YOUC-85,2,KXRT-YOUC-75;KXRT-YOUC-85,yes;no,0.9900;0.0200,50384;43434.8,0,0.0,1.01,1.0,0.02,0.002,-0.01,-0.032,-0.032,1.01,False,NO_POSITIVE_MARGINAL_EDGE,broad_strike=75.0;fits_budget=True;gross_top_prefilter=-0.01;min_bundle_outlay=1.032;narrow_strike=85.0;strike_type=greater
2026-10-07T23:09:56+00:00,strike_inconsistency,KXDEEPSHARE-26OCT12,KXDEEPSHARE-26OCT12-20.0|KXDEEPSHARE-26OCT12-22.2,2,KXDEEPSHARE-26OCT12-20.0;KXDEEPSHARE-26OCT12-22.2,yes;no,0.9900;0.0200,5919.96;33,0,0.0,1.01,1.0,0.02,0.002,-0.01,-0.032,-0.032,1.01,False,NO_POSITIVE_MARGINAL_EDGE,broad_strike=20.0;fits_budget=True;gross_top_prefilter=-0.01;min_bundle_outlay=1.032;narrow_strike=22.2;strike_type=greater
2026-10-07T23:09:56+00:00,strike_inconsistency,KXDEEPSHARE-26OCT12,KXDEEPSHARE-26OCT12-20.0|KXDEEPSHARE-26OCT12-21.9,2,KXDEEPSHARE-26OCT12-20.0;KXDEEPSHARE-26OCT12-21.9,yes;no,0.9900;0.0200,5919.96;2,0,0.0,1.01,1.0,0.02,0.002,-0.01,-0.032,-0.032,1.01,False,NO_POSITIVE_MARGINAL_EDGE,broad_strike=20.0;fits_budget=True;gross_top_prefilter=-0.01;min_bundle_outlay=1.032;narrow_strike=21.9;strike_type=greater
2026-10-07T23:09:56+00:00,strike_inconsistency,KXRT-YOUC,KXRT-YOUC-60|KXRT-YOUC-65,2,KXRT-YOUC-60;KXRT-YOUC-65,yes;no,0.9900;0.0200,22117.2;242532,0,0.0,1.01,1.0,0.02,0.002,-0.01,-0.032,-0.032,1.01,False,NO_POSITIVE_MARGINAL_EDGE,broad_strike=60.0;fits_budget=True;gross_top_prefilter=-0.01;min_bundle_outlay=1.032;narrow_strike=65.0;strike_type=greater
2026-10-07T23:09:56+00:00,strike_inconsistency,KXRT-YOUC,KXRT-YOUC-70|KXRT-YOUC-75,2,KXRT-YOUC-70;KXRT-YOUC-75,yes;no,0.9900;0.0200,50586;241945,0,0.0,1.01,1.0,0.02,0.002,-0.01,-0.032,-0.032,1.01,False,NO_POSITIVE_MARGINAL_EDGE,broad_strike=70.0;fits_budget=True;gross_top_prefilter=-0.01;min_bundle_outlay=1.032;narrow_strike=75.0;strike_type=greater
2026-10-07T23:09:56+00:00,strike_inconsistency,KXRT-YOUC,KXRT-YOUC-60|KXRT-YOUC-85,2,KXRT-YOUC-60;KXRT-YOUC-85,yes;no,0.9900;0.0200,22117.2;43434.8,0,0.0,1.01,1.0,0.02,0.002,-0.01,-0.032,-0.032,1.01,False,NO_POSITIVE_MARGINAL_EDGE,broad_strike=60.0;fits_budget=True;gross_top_prefilter=-0.01;min_bundle_outlay=1.032;narrow_strike=85.0;strike_type=greater
2026-10-07T23:09:56+00:00,strike_inconsistency,KXRT-YOUC,KXRT-YOUC-75|KXRT-YOUC-80,2,KXRT-YOUC-75;KXRT-YOUC-80,yes;no,0.9900;0.0200,50384;214487,0,0.0,1.01,1.0,0.02,0.002,-0.01,-0.032,-0.032,1.01,False,NO_POSITIVE_MARGINAL_EDGE,broad_strike=75.0;fits_budget=True;gross_top_prefilter=-0.01;min_bundle_outlay=1.032;narrow_strike=80.0;strike_type=greater
2026-10-07T23:09:56+00:00,strike_inconsistency,KXRT-YOUC,KXRT-YOUC-60|KXRT-YOUC-70,2,KXRT-YOUC-60;KXRT-YOUC-70,yes;no,0.9900;0.0200,22117.2;240995,0,0.0,1.01,1.0,0.02,0.002,-0.01,-0.032,-0.032,1.01,False,NO_POSITIVE_MARGINAL_EDGE,broad_strike=60.0;fits_budget=True;gross_top_prefilter=-0.01;min_bundle_outlay=1.032;narrow_strike=70.0;strike_type=greater
2026-10-07T23:09:56+00:00,strike_inconsistency,KXAAAGASM-26OCT31,KXAAAGASM-26OCT31-3.20|KXAAAGASM-26OCT31-3.40,2,KXAAAGASM-26OCT31-3.20;KXAAAGASM-26OCT31-3.40,yes;no,0.9900;0.0200,9860.04;124147,0,0.0,1.01,1.0,0.02,0.002,-0.01,-0.032,-0.032,1.01,False,NO_POSITIVE_MARGINAL_EDGE,broad_strike=3.2;fits_budget=True;gross_top_prefilter=-0.01;min_bundle_outlay=1.032;narrow_strike=3.4;strike_type=greater
2026-10-07T23:27:28+00:00,strike_inconsistency,KXTGTFT-26NOV08,KXTGTFT-26NOV08-T89|KXTGTFT-26NOV08-T90,2,KXTGTFT-26NOV08-T89;KXTGTFT-26NOV08-T90,yes;no,0.7100;0.2800,1843.65;1959.26,0,0.0,0.99,1.0,0.04,0.002,0.01,-0.032,-0.032,0.99,False,NO_POSITIVE_MARGINAL_EDGE,broad_strike=89.0;fits_budget=True;gross_top_prefilter=0.01;min_bundle_outlay=1.032;narrow_strike=90.0;strike_type=greater
2026-10-07T23:27:28+00:00,strike_inconsistency,KXSPRITEPOS-26NOV03,KXSPRITEPOS-26NOV03-T92|KXSPRITEPOS-26NOV03-T93,2,KXSPRITEPOS-26NOV03-T92;KXSPRITEPOS-26NOV03-T93,yes;no,0.6300;0.3600,1;928,0,0.0,0.99,1.0,0.04,0.002,0.01,-0.032,-0.032,0.99,False,NO_POSITIVE_MARGINAL_EDGE,broad_strike=92.0;fits_budget=True;gross_top_prefilter=0.01;min_bundle_outlay=1.032;narrow_strike=93.0;strike_type=greater
2026-10-07T23:27:28+00:00,strike_inconsistency,KXGOVTCUTS-26,KXGOVTCUTS-26-750|KXGOVTCUTS-26-1000,2,KXGOVTCUTS-26-750;KXGOVTCUTS-26-1000,yes;no,0.0330;0.9600,4;127.49,0,0.0,0.993,1.0,0.02,0.002,0.007,-0.015,-0.015,0.993,False,NO_POSITIVE_MARGINAL_EDGE,broad_strike=750.0;fits_budget=True;gross_top_prefilter=0.007;min_bundle_outlay=1.015;narrow_strike=1000.0;strike_type=greater
2026-10-07T23:27:28+00:00,strike_inconsistency,KXROGUEPOS-26NOV03,KXROGUEPOS-26NOV03-T68|KXROGUEPOS-26NOV03-T69,2,KXROGUEPOS-26NOV03-T68;KXROGUEPOS-26NOV03-T69,yes;no,0.7000;0.2900,6;1441,0,0.0,0.99,1.0,0.04,0.002,0.01,-0.032,-0.032,0.99,False,NO_POSITIVE_MARGINAL_EDGE,broad_strike=68.0;fits_budget=True;gross_top_prefilter=0.01;min_bundle_outlay=1.032;narrow_strike=69.0;strike_type=greater
2026-10-07T23:27:28+00:00,strike_inconsistency,KXNCAAFTOTAL-26OCT10UCLAORE,KXNCAAFTOTAL-26OCT10UCLAORE-62|KXNCAAFTOTAL-26OCT10UCLAORE-63,2,KXNCAAFTOTAL-26OCT10UCLAORE-62;KXNCAAFTOTAL-26OCT10UCLAORE-63,yes;no,0.4000;0.5900,0.01;50,0,0.0,0.99,1.0,0.04,0.002,0.01,-0.032,-0.032,0.99,False,NO_POSITIVE_MARGINAL_EDGE,broad_strike=61.5;fits_budget=True;gross_top_prefilter=0.01;min_bundle_outlay=1.032;narrow_strike=62.5;strike_type=greater
2026-10-07T23:27:28+00:00,strike_inconsistency,KXLUV-26OCTFARE,KXLUV-26OCTFARE-215|KXLUV-26OCTFARE-220,2,KXLUV-26OCTFARE-215;KXLUV-26OCTFARE-220,yes;no,0.9400;0.0600,1.15;344,0,0.0,1.0,1.0,0.02,0.002,0.0,-0.022,-0.022,1.0,False,NO_POSITIVE_MARGINAL_EDGE,broad_strike=215.0;fits_budget=True;gross_top_prefilter=0.0;min_bundle_outlay=1.022;narrow_strike=220.0;strike_type=greater
2026-10-07T23:27:28+00:00,strike_inconsistency,KXWTIMAX-26DEC31,KXWTIMAX-26DEC31-T140|KXWTIMAX-26DEC31-T150,2,KXWTIMAX-26DEC31-T140;KXWTIMAX-26DEC31-T150,yes;no,0.0620;0.9200,1;4,1,1.0,0.982,1.0,0.02,0.002,0.018,-0.004,-0.004,0.982,False,INSUFFICIENT_NET_EDGE,broad_strike=140.0;fits_budget=True;gross_top_prefilter=0.018;min_bundle_outlay=1.004;narrow_strike=150.0;strike_type=greater
2026-10-07T23:27:28+00:00,strike_inconsistency,KXGOVTCUTS-28,KXGOVTCUTS-28-1|KXGOVTCUTS-28-500,2,KXGOVTCUTS-28-1;KXGOVTCUTS-28-500,yes;no,0.0500;0.9200,0.13;10,0,0.13,0.97,1.0,0.02,0.002,0.03,0.008,0.008,0.97,False,INSUFFICIENT_DEPTH,broad_strike=1.0;fits_budget=True;gross_top_prefilter=0.03;min_bundle_outlay=0.992;narrow_strike=500.0;strike_type=greater
2026-10-07T23:27:28+00:00,strike_inconsistency,KXOPENADOPT-26OCT17,KXOPENADOPT-26OCT17-T40.3|KXOPENADOPT-26OCT17-T40.5,2,KXOPENADOPT-26OCT17-T40.3;KXOPENADOPT-26OCT17-T40.5,yes;no,0.0800;0.9100,224;1845.8,0,0.0,0.99,1.0,0.02,0.002,0.01,-0.012,-0.012,0.99,False,NO_POSITIVE_MARGINAL_EDGE,broad_strike=40.3;fits_budget=True;gross_top_prefilter=0.01;min_bundle_outlay=1.012;narrow_strike=40.5;strike_type=greater
2026-10-07T23:27:28+00:00,strike_inconsistency,KXDISLANDPRICE-26DEC31,KXDISLANDPRICE-26DEC31-T230|KXDISLANDPRICE-26DEC31-T232,2,KXDISLANDPRICE-26DEC31-T230;KXDISLANDPRICE-26DEC31-T232,yes;no,0.0600;0.9400,1287.66;4123.16,0,0.0,1.0,1.0,0.02,0.002,0.0,-0.022,-0.022,1.0,False,NO_POSITIVE_MARGINAL_EDGE,broad_strike=230.0;fits_budget=True;gross_top_prefilter=0.0;min_bundle_outlay=1.022;narrow_strike=232.0;strike_type=greater
2026-10-07T23:27:28+00:00,strike_inconsistency,KXCELSIUSPOS-26NOV03,KXCELSIUSPOS-26NOV03-T99|KXCELSIUSPOS-26NOV03-T103,2,KXCELSIUSPOS-26NOV03-T99;KXCELSIUSPOS-26NOV03-T103,yes;no,0.0600;0.9400,1362;2084.6,0,0.0,1.0,1.0,0.02,0.002,0.0,-0.022,-0.022,1.0,False,NO_POSITIVE_MARGINAL_EDGE,broad_strike=99.0;fits_budget=True;gross_top_prefilter=0.0;min_bundle_outlay=1.022;narrow_strike=103.0;strike_type=greater
2026-10-07T23:27:28+00:00,strike_inconsistency,KXWTIMAX-26DEC31,KXWTIMAX-26DEC31-T140|KXWTIMAX-26DEC31-T160,2,KXWTIMAX-26DEC31-T140;KXWTIMAX-26DEC31-T160,yes;no,0.0620;0.9300,1;131,0,0.0,0.992,1.0,0.02,0.002,0.008,-0.014,-0.014,0.992,False,NO_POSITIVE_MARGINAL_EDGE,broad_strike=140.0;fits_budget=True;gross_top_prefilter=0.008;min_bundle_outlay=1.014;narrow_strike=160.0;strike_type=greater
2026-10-07T23:27:28+00:00,strike_inconsistency,KXAAAGASDWI-26OCT08,KXAAAGASDWI-26OCT08-4.1200|KXAAAGASDWI-26OCT08-4.1250,2,KXAAAGASDWI-26OCT08-4.1200;KXAAAGASDWI-26OCT08-4.1250,yes;no,0.9800;0.0200,15184.6;22377,0,0.0,1.0,1.0,0.02,0.002,0.0,-0.022,-0.022,1.0,False,NO_POSITIVE_MARGINAL_EDGE,broad_strike=4.12;fits_budget=True;gross_top_prefilter=0.0;min_bundle_outlay=1.022;narrow_strike=4.125;strike_type=greater
2026-10-07T23:27:28+00:00,strike_inconsistency,KXAAAGASDNY-26OCT08,KXAAAGASDNY-26OCT08-4.4550|KXAAAGASDNY-26OCT08-4.4600,2,KXAAAGASDNY-26OCT08-4.4550;KXAAAGASDNY-26OCT08-4.4600,yes;no,0.9800;0.0200,2002;10991.5,0,0.0,1.0,1.0,0.02,0.002,0.0,-0.022,-0.022,1.0,False,NO_POSITIVE_MARGINAL_EDGE,broad_strike=4.455;fits_budget=True;gross_top_prefilter=0.0;min_bundle_outlay=1.022;narrow_strike=4.46;strike_type=greater
2026-10-07T23:27:28+00:00,strike_inconsistency,KXGRUBHUBAPP-26NOV08,KXGRUBHUBAPP-26NOV08-T135|KXGRUBHUBAPP-26NOV08-T145,2,KXGRUBHUBAPP-26NOV08-T135;KXGRUBHUBAPP-26NOV08-T145,yes;no,0.6900;0.3100,44.75;38,0,0.0,1.0,1.0,0.04,0.002,0.0,-0.042,-0.042,1.0,False,NO_POSITIVE_MARGINAL_EDGE,broad_strike=135.0;fits_budget=True;gross_top_prefilter=0.0;min_bundle_outlay=1.042;narrow_strike=145.0;strike_type=greater
2026-10-07T23:27:28+00:00,strike_inconsistency,KXAAAGASDWI-26OCT08,KXAAAGASDWI-26OCT08-4.1150|KXAAAGASDWI-26OCT08-4.1250,2,KXAAAGASDWI-26OCT08-4.1150;KXAAAGASDWI-26OCT08-4.1250,yes;no,0.9800;0.0200,2000;22377,0,0.0,1.0,1.0,0.02,0.002,0.0,-0.022,-0.022,1.0,False,NO_POSITIVE_MARGINAL_EDGE,broad_strike=4.115;fits_budget=True;gross_top_prefilter=0.0;min_bundle_outlay=1.022;narrow_strike=4.125;strike_type=greater
2026-10-07T23:27:28+00:00,strike_inconsistency,KXNFLSPREAD-26OCT11HOUTEN,KXNFLSPREAD-26OCT11HOUTEN-TEN2|KXNFLSPREAD-26OCT11HOUTEN-TEN3,2,KXNFLSPREAD-26OCT11HOUTEN-TEN2;KXNFLSPREAD-26OCT11HOUTEN-TEN3,yes;no,0.2100;0.8000,234;2209,0,0.0,1.01,1.0,0.04,0.002,-0.01,-0.052,-0.052,1.01,False,NO_POSITIVE_MARGINAL_EDGE,broad_strike=1.5;fits_budget=True;gross_top_prefilter=-0.01;min_bundle_outlay=1.052;narrow_strike=2.5;strike_type=greater
2026-10-07T23:27:28+00:00,strike_inconsistency,KXUST2AD-26OCT08,KXUST2AD-26OCT08-T4.83|KXUST2AD-26OCT08-T4.85,2,KXUST2AD-26OCT08-T4.83;KXUST2AD-26OCT08-T4.85,yes;no,0.1800;0.8300,450;101,0,0.0,1.01,1.0,0.03,0.002,-0.01,-0.042,-0.042,1.01,False,NO_POSITIVE_MARGINAL_EDGE,broad_strike=4.83;fits_budget=True;gross_top_prefilter=-0.01;min_bundle_outlay=1.042;narrow_strike=4.85;strike_type=greater
2026-10-07T23:27:28+00:00,strike_inconsistency,KXGOVTCUTS-26,KXGOVTCUTS-26-500|KXGOVTCUTS-26-1000,2,KXGOVTCUTS-26-500;KXGOVTCUTS-26-1000,yes;no,0.0450;0.9600,15;127.49,0,0.0,1.005,1.0,0.02,0.002,-0.005,-0.027,-0.027,1.005,False,NO_POSITIVE_MARGINAL_EDGE,broad_strike=500.0;fits_budget=True;gross_top_prefilter=-0.005;min_bundle_outlay=1.027;narrow_strike=1000.0;strike_type=greater
2026-10-07T23:27:28+00:00,strike_inconsistency,KXDISNEYAPP-26OCT08,KXDISNEYAPP-26OCT08-T95|KXDISNEYAPP-26OCT08-T115,2,KXDISNEYAPP-26OCT08-T95;KXDISNEYAPP-26OCT08-T115,yes;no,0.0100;0.9900,1402.48;1061.71,0,0.0,1.0,1.0,0.02,0.002,0.0,-0.022,-0.022,1.0,False,NO_POSITIVE_MARGINAL_EDGE,broad_strike=95.0;fits_budget=True;gross_top_prefilter=0.0;min_bundle_outlay=1.022;narrow_strike=115.0;strike_type=greater
2026-10-07T23:27:28+00:00,strike_inconsistency,KXWTIMAX-26OCT30,KXWTIMAX-26OCT30-T99.00|KXWTIMAX-26OCT30-T99.50,2,KXWTIMAX-26OCT30-T99.00;KXWTIMAX-26OCT30-T99.50,yes;no,0.3900;0.6100,2;1,0,0.0,1.0,1.0,0.04,0.002,0.0,-0.042,-0.042,1.0,False,NO_POSITIVE_MARGINAL_EDGE,broad_strike=99.0;fits_budget=True;gross_top_prefilter=0.0;min_bundle_outlay=1.042;narrow_strike=99.5;strike_type=greater
2026-10-07T23:27:28+00:00,strike_inconsistency,KXUST2AD-26OCT08,KXUST2AD-26OCT08-T4.83|KXUST2AD-26OCT08-T4.87,2,KXUST2AD-26OCT08-T4.83;KXUST2AD-26OCT08-T4.87,yes;no,0.1800;0.8300,450;100,0,0.0,1.01,1.0,0.03,0.002,-0.01,-0.042,-0.042,1.01,False,NO_POSITIVE_MARGINAL_EDGE,broad_strike=4.83;fits_budget=True;gross_top_prefilter=-0.01;min_bundle_outlay=1.042;narrow_strike=4.87;strike_type=greater
2026-10-07T23:27:28+00:00,strike_inconsistency,KXNCAAFSPREAD-26OCT10UCLAORE,KXNCAAFSPREAD-26OCT10UCLAORE-ORE13|KXNCAAFSPREAD-26OCT10UCLAORE-ORE14,2,KXNCAAFSPREAD-26OCT10UCLAORE-ORE13;KXNCAAFSPREAD-26OCT10UCLAORE-ORE14,yes;no,0.4700;0.5400,10.92;762.06,0,0.0,1.01,1.0,0.04,0.002,-0.01,-0.052,-0.052,1.01,False,NO_POSITIVE_MARGINAL_EDGE,broad_strike=12.5;fits_budget=True;gross_top_prefilter=-0.01;min_bundle_outlay=1.052;narrow_strike=13.5;strike_type=greater
2026-10-07T23:27:28+00:00,strike_inconsistency,KXJOBLESSCLAIMS-26OCT08,KXJOBLESSCLAIMS-26OCT08-220000|KXJOBLESSCLAIMS-26OCT08-225000,2,KXJOBLESSCLAIMS-26OCT08-220000;KXJOBLESSCLAIMS-26OCT08-225000,yes;no,0.0400;0.9600,204.06;89,0,0.0,1.0,1.0,0.02,0.002,0.0,-0.022,-0.022,1.0,False,NO_POSITIVE_MARGINAL_EDGE,broad_strike=220000.0;fits_budget=True;gross_top_prefilter=0.0;min_bundle_outlay=1.022;narrow_strike=225000.0;strike_type=greater_or_equal
2026-10-07T23:27:28+00:00,strike_inconsistency,KXUST2AD-26OCT08,KXUST2AD-26OCT08-T4.85|KXUST2AD-26OCT08-T4.87,2,KXUST2AD-26OCT08-T4.85;KXUST2AD-26OCT08-T4.87,yes;no,0.1800;0.8300,400;100,0,0.0,1.01,1.0,0.03,0.002,-0.01,-0.042,-0.042,1.01,False,NO_POSITIVE_MARGINAL_EDGE,broad_strike=4.85;fits_budget=True;gross_top_prefilter=-0.01;min_bundle_outlay=1.042;narrow_strike=4.87;strike_type=greater
2026-10-07T23:27:28+00:00,strike_inconsistency,KXNCAAFSPREAD-26OCT10UCFOKST,KXNCAAFSPREAD-26OCT10UCFOKST-UCF5|KXNCAAFSPREAD-26OCT10UCFOKST-UCF6,2,KXNCAAFSPREAD-26OCT10UCFOKST-UCF5;KXNCAAFSPREAD-26OCT10UCFOKST-UCF6,yes;no,0.1200;0.8800,549;2000,0,0.0,1.0,1.0,0.02,0.002,0.0,-0.022,-0.022,1.0,False,NO_POSITIVE_MARGINAL_EDGE,broad_strike=4.5;fits_budget=True;gross_top_prefilter=0.0;min_bundle_outlay=1.022;narrow_strike=5.5;strike_type=greater
2026-10-07T23:27:28+00:00,strike_inconsistency,KXNCAAFSPREAD-26OCT09IOWAWASH,KXNCAAFSPREAD-26OCT09IOWAWASH-WASH6|KXNCAAFSPREAD-26OCT09IOWAWASH-WASH7,2,KXNCAAFSPREAD-26OCT09IOWAWASH-WASH6;KXNCAAFSPREAD-26OCT09IOWAWASH-WASH7,yes;no,0.4100;0.6000,5050;2395,0,0.0,1.01,1.0,0.04,0.002,-0.01,-0.052,-0.052,1.01,False,NO_POSITIVE_MARGINAL_EDGE,broad_strike=5.5;fits_budget=True;gross_top_prefilter=-0.01;min_bundle_outlay=1.052;narrow_strike=6.5;strike_type=greater
2026-10-07T23:27:28+00:00,strike_inconsistency,KXDIESELMON-26OCT31,KXDIESELMON-26OCT31-T7.00|KXDIESELMON-26OCT31-T7.20,2,KXDIESELMON-26OCT31-T7.00;KXDIESELMON-26OCT31-T7.20,yes;no,0.0600;0.9500,1053;100,0,0.0,1.01,1.0,0.02,0.002,-0.01,-0.032,-0.032,1.01,False,NO_POSITIVE_MARGINAL_EDGE,broad_strike=7.0;fits_budget=True;gross_top_prefilter=-0.01;min_bundle_outlay=1.032;narrow_strike=7.2;strike_type=greater
2026-10-07T23:27:28+00:00,strike_inconsistency,KXSCREWWORMCOUNT-27JAN01,KXSCREWWORMCOUNT-27JAN01-A5|KXSCREWWORMCOUNT-27JAN01-A10,2,KXSCREWWORMCOUNT-27JAN01-A5;KXSCREWWORMCOUNT-27JAN01-A10,yes;no,0.0600;0.9500,2858.36;9805.57,0,0.0,1.01,1.0,0.02,0.002,-0.01,-0.032,-0.032,1.01,False,NO_POSITIVE_MARGINAL_EDGE,broad_strike=5.0;fits_budget=True;gross_top_prefilter=-0.01;min_bundle_outlay=1.032;narrow_strike=10.0;strike_type=greater
2026-10-07T23:27:28+00:00,strike_inconsistency,KXUST2AD-26OCT08,KXUST2AD-26OCT08-T4.83|KXUST2AD-26OCT08-T4.91,2,KXUST2AD-26OCT08-T4.83;KXUST2AD-26OCT08-T4.91,yes;no,0.1800;0.8300,450;100,0,0.0,1.01,1.0,0.03,0.002,-0.01,-0.042,-0.042,1.01,False,NO_POSITIVE_MARGINAL_EDGE,broad_strike=4.83;fits_budget=True;gross_top_prefilter=-0.01;min_bundle_outlay=1.042;narrow_strike=4.91;strike_type=greater
2026-10-07T23:27:28+00:00,strike_inconsistency,KXUST2AD-26OCT08,KXUST2AD-26OCT08-T4.85|KXUST2AD-26OCT08-T4.91,2,KXUST2AD-26OCT08-T4.85;KXUST2AD-26OCT08-T4.91,yes;no,0.1800;0.8300,400;100,0,0.0,1.01,1.0,0.03,0.002,-0.01,-0.042,-0.042,1.01,False,NO_POSITIVE_MARGINAL_EDGE,broad_strike=4.85;fits_budget=True;gross_top_prefilter=-0.01;min_bundle_outlay=1.042;narrow_strike=4.91;strike_type=greater
2026-10-07T23:27:28+00:00,strike_inconsistency,KXU3-26OCT,KXU3-26OCT-T4.5|KXU3-26OCT-T4.6,2,KXU3-26OCT-T4.5;KXU3-26OCT-T4.6,yes;no,0.0300;0.9800,9115.58;37,0,0.0,1.01,1.0,0.02,0.002,-0.01,-0.032,-0.032,1.01,False,NO_POSITIVE_MARGINAL_EDGE,broad_strike=4.5;fits_budget=True;gross_top_prefilter=-0.01;min_bundle_outlay=1.032;narrow_strike=4.6;strike_type=greater
2026-10-07T23:27:28+00:00,strike_inconsistency,KXUST2AD-26OCT08,KXUST2AD-26OCT08-T4.85|KXUST2AD-26OCT08-T4.89,2,KXUST2AD-26OCT08-T4.85;KXUST2AD-26OCT08-T4.89,yes;no,0.1800;0.8300,400;100,0,0.0,1.01,1.0,0.03,0.002,-0.01,-0.042,-0.042,1.01,False,NO_POSITIVE_MARGINAL_EDGE,broad_strike=4.85;fits_budget=True;gross_top_prefilter=-0.01;min_bundle_outlay=1.042;narrow_strike=4.89;strike_type=greater
2026-10-07T23:27:28+00:00,strike_inconsistency,KXUST2AD-26OCT08,KXUST2AD-26OCT08-T4.83|KXUST2AD-26OCT08-T4.89,2,KXUST2AD-26OCT08-T4.83;KXUST2AD-26OCT08-T4.89,yes;no,0.1800;0.8300,450;100,0,0.0,1.01,1.0,0.03,0.002,-0.01,-0.042,-0.042,1.01,False,NO_POSITIVE_MARGINAL_EDGE,broad_strike=4.83;fits_budget=True;gross_top_prefilter=-0.01;min_bundle_outlay=1.042;narrow_strike=4.89;strike_type=greater
2026-10-07T23:27:28+00:00,strike_inconsistency,KXHORMUZWEEKLY-26OCT11,KXHORMUZWEEKLY-26OCT11-T45|KXHORMUZWEEKLY-26OCT11-T50,2,KXHORMUZWEEKLY-26OCT11-T45;KXHORMUZWEEKLY-26OCT11-T50,yes;no,0.0300;0.9800,16435.9;136940,0,0.0,1.01,1.0,0.02,0.002,-0.01,-0.032,-0.032,1.01,False,NO_POSITIVE_MARGINAL_EDGE,broad_strike=45.0;fits_budget=True;gross_top_prefilter=-0.01;min_bundle_outlay=1.032;narrow_strike=50.0;strike_type=greater
2026-10-07T23:27:28+00:00,strike_inconsistency,KXAAL-26OCTPLF,KXAAL-26OCTPLF-87.5|KXAAL-26OCTPLF-88.0,2,KXAAL-26OCTPLF-87.5;KXAAL-26OCTPLF-88.0,yes;no,0.0200;0.9900,6061.02;11828,0,0.0,1.01,1.0,0.02,0.002,-0.01,-0.032,-0.032,1.01,False,NO_POSITIVE_MARGINAL_EDGE,broad_strike=87.5;fits_budget=True;gross_top_prefilter=-0.01;min_bundle_outlay=1.032;narrow_strike=88.0;strike_type=greater
2026-10-07T23:27:28+00:00,strike_inconsistency,KXNCAAFSPREAD-26OCT07JVSTKENN,KXNCAAFSPREAD-26OCT07JVSTKENN-KENN11|KXNCAAFSPREAD-26OCT07JVSTKENN-KENN12,2,KXNCAAFSPREAD-26OCT07JVSTKENN-KENN11;KXNCAAFSPREAD-26OCT07JVSTKENN-KENN12,yes;no,0.1200;0.8900,3850;1,0,0.0,1.01,1.0,0.02,0.002,-0.01,-0.032,-0.032,1.01,False,NO_POSITIVE_MARGINAL_EDGE,broad_strike=10.5;fits_budget=True;gross_top_prefilter=-0.01;min_bundle_outlay=1.032;narrow_strike=11.5;strike_type=greater
2026-10-07T23:27:28+00:00,strike_inconsistency,KXCPIYOY-26NOV,KXCPIYOY-26NOV-T4.5|KXCPIYOY-26NOV-T4.6,2,KXCPIYOY-26NOV-T4.5;KXCPIYOY-26NOV-T4.6,yes;no,0.0200;0.9900,13684;15353,0,0.0,1.01,1.0,0.02,0.002,-0.01,-0.032,-0.032,1.01,False,NO_POSITIVE_MARGINAL_EDGE,broad_strike=4.5;fits_budget=True;gross_top_prefilter=-0.01;min_bundle_outlay=1.032;narrow_strike=4.6;strike_type=greater
2026-10-07T23:27:28+00:00,strike_inconsistency,KXCPIYOY-26NOV,KXCPIYOY-26NOV-T4.5|KXCPIYOY-26NOV-T4.8,2,KXCPIYOY-26NOV-T4.5;KXCPIYOY-26NOV-T4.8,yes;no,0.0200;0.9900,13684;12734,0,0.0,1.01,1.0,0.02,0.002,-0.01,-0.032,-0.032,1.01,False,NO_POSITIVE_MARGINAL_EDGE,broad_strike=4.5;fits_budget=True;gross_top_prefilter=-0.01;min_bundle_outlay=1.032;narrow_strike=4.8;strike_type=greater
2026-10-07T23:27:28+00:00,strike_inconsistency,KXGPTAPP-26OCT08,KXGPTAPP-26OCT08-T105|KXGPTAPP-26OCT08-T107,2,KXGPTAPP-26OCT08-T105;KXGPTAPP-26OCT08-T107,yes;no,0.0300;0.9800,1002;17,0,0.0,1.01,1.0,0.02,0.002,-0.01,-0.032,-0.032,1.01,False,NO_POSITIVE_MARGINAL_EDGE,broad_strike=105.0;fits_budget=True;gross_top_prefilter=-0.01;min_bundle_outlay=1.032;narrow_strike=107.0;strike_type=greater
2026-10-07T23:27:28+00:00,strike_inconsistency,KXCPIYOY-26NOV,KXCPIYOY-26NOV-T4.5|KXCPIYOY-26NOV-T4.9,2,KXCPIYOY-26NOV-T4.5;KXCPIYOY-26NOV-T4.9,yes;no,0.0200;0.9900,13684;12808,0,0.0,1.01,1.0,0.02,0.002,-0.01,-0.032,-0.032,1.01,False,NO_POSITIVE_MARGINAL_EDGE,broad_strike=4.5;fits_budget=True;gross_top_prefilter=-0.01;min_bundle_outlay=1.032;narrow_strike=4.9;strike_type=greater
2026-10-07T23:27:28+00:00,strike_inconsistency,KXDIESELMON-26OCT31,KXDIESELMON-26OCT31-T7.00|KXDIESELMON-26OCT31-T7.10,2,KXDIESELMON-26OCT31-T7.00;KXDIESELMON-26OCT31-T7.10,yes;no,0.0600;0.9500,1053;99,0,0.0,1.01,1.0,0.02,0.002,-0.01,-0.032,-0.032,1.01,False,NO_POSITIVE_MARGINAL_EDGE,broad_strike=7.0;fits_budget=True;gross_top_prefilter=-0.01;min_bundle_outlay=1.032;narrow_strike=7.1;strike_type=greater
2026-10-07T23:27:28+00:00,strike_inconsistency,KXCPIYOY-26DEC,KXCPIYOY-26DEC-T4.7|KXCPIYOY-26DEC-T4.8,2,KXCPIYOY-26DEC-T4.7;KXCPIYOY-26DEC-T4.8,yes;no,0.0300;0.9800,2518;3162.5,0,0.0,1.01,1.0,0.02,0.002,-0.01,-0.032,-0.032,1.01,False,NO_POSITIVE_MARGINAL_EDGE,broad_strike=4.7;fits_budget=True;gross_top_prefilter=-0.01;min_bundle_outlay=1.032;narrow_strike=4.8;strike_type=greater
2026-10-07T23:27:28+00:00,strike_inconsistency,KXCPICORE-26NOV,KXCPICORE-26NOV-T0.6|KXCPICORE-26NOV-T0.7,2,KXCPICORE-26NOV-T0.6;KXCPICORE-26NOV-T0.7,yes;no,0.0200;0.9900,4411.01;8600,0,0.0,1.01,1.0,0.02,0.002,-0.01,-0.032,-0.032,1.01,False,NO_POSITIVE_MARGINAL_EDGE,broad_strike=0.6;fits_budget=True;gross_top_prefilter=-0.01;min_bundle_outlay=1.032;narrow_strike=0.7;strike_type=greater
2026-10-07T23:27:28+00:00,strike_inconsistency,KXCPICOREYOY-26NOV,KXCPICOREYOY-26NOV-T3.4|KXCPICOREYOY-26NOV-T3.5,2,KXCPICOREYOY-26NOV-T3.4;KXCPICOREYOY-26NOV-T3.5,yes;no,0.0200;0.9900,1043.01;4645.08,0,0.0,1.01,1.0,0.02,0.002,-0.01,-0.032,-0.032,1.01,False,NO_POSITIVE_MARGINAL_EDGE,broad_strike=3.4;fits_budget=True;gross_top_prefilter=-0.01;min_bundle_outlay=1.032;narrow_strike=3.5;strike_type=greater
2026-10-07T23:27:28+00:00,strike_inconsistency,KXCPIYOY-26DEC,KXCPIYOY-26DEC-T4.7|KXCPIYOY-26DEC-T4.9,2,KXCPIYOY-26DEC-T4.7;KXCPIYOY-26DEC-T4.9,yes;no,0.0300;0.9800,2518;8100,0,0.0,1.01,1.0,0.02,0.002,-0.01,-0.032,-0.032,1.01,False,NO_POSITIVE_MARGINAL_EDGE,broad_strike=4.7;fits_budget=True;gross_top_prefilter=-0.01;min_bundle_outlay=1.032;narrow_strike=4.9;strike_type=greater
2026-10-07T23:27:28+00:00,strike_inconsistency,KXCPICORE-26NOV,KXCPICORE-26NOV-T0.6|KXCPICORE-26NOV-T0.9,2,KXCPICORE-26NOV-T0.6;KXCPICORE-26NOV-T0.9,yes;no,0.0200;0.9900,4411.01;8600,0,0.0,1.01,1.0,0.02,0.002,-0.01,-0.032,-0.032,1.01,False,NO_POSITIVE_MARGINAL_EDGE,broad_strike=0.6;fits_budget=True;gross_top_prefilter=-0.01;min_bundle_outlay=1.032;narrow_strike=0.9;strike_type=greater
2026-10-07T23:27:28+00:00,strike_inconsistency,KXCPICORE-26NOV,KXCPICORE-26NOV-T0.6|KXCPICORE-26NOV-T0.8,2,KXCPICORE-26NOV-T0.6;KXCPICORE-26NOV-T0.8,yes;no,0.0200;0.9900,4411.01;8600,0,0.0,1.01,1.0,0.02,0.002,-0.01,-0.032,-0.032,1.01,False,NO_POSITIVE_MARGINAL_EDGE,broad_strike=0.6;fits_budget=True;gross_top_prefilter=-0.01;min_bundle_outlay=1.032;narrow_strike=0.8;strike_type=greater
2026-10-07T23:27:28+00:00,strike_inconsistency,KXNCAAFSPREAD-26OCT10UCLAORE,KXNCAAFSPREAD-26OCT10UCLAORE-UCLA11|KXNCAAFSPREAD-26OCT10UCLAORE-UCLA12,2,KXNCAAFSPREAD-26OCT10UCLAORE-UCLA11;KXNCAAFSPREAD-26OCT10UCLAORE-UCLA12,yes;no,0.0600;0.9500,700;900,0,0.0,1.01,1.0,0.02,0.002,-0.01,-0.032,-0.032,1.01,False,NO_POSITIVE_MARGINAL_EDGE,broad_strike=10.5;fits_budget=True;gross_top_prefilter=-0.01;min_bundle_outlay=1.032;narrow_strike=11.5;strike_type=greater
2026-10-07T23:27:28+00:00,strike_inconsistency,KXCPICORE-26NOV,KXCPICORE-26NOV-T0.7|KXCPICORE-26NOV-T0.9,2,KXCPICORE-26NOV-T0.7;KXCPICORE-26NOV-T0.9,yes;no,0.0200;0.9900,4877.01;8600,0,0.0,1.01,1.0,0.02,0.002,-0.01,-0.032,-0.032,1.01,False,NO_POSITIVE_MARGINAL_EDGE,broad_strike=0.7;fits_budget=True;gross_top_prefilter=-0.01;min_bundle_outlay=1.032;narrow_strike=0.9;strike_type=greater
2026-10-07T23:27:28+00:00,strike_inconsistency,KXYUMTBFT-26OCT08,KXYUMTBFT-26OCT08-T99.5|KXYUMTBFT-26OCT08-T100,2,KXYUMTBFT-26OCT08-T99.5;KXYUMTBFT-26OCT08-T100,yes;no,0.0200;0.9900,6334.45;3409.01,0,0.0,1.01,1.0,0.02,0.002,-0.01,-0.032,-0.032,1.01,False,NO_POSITIVE_MARGINAL_EDGE,broad_strike=99.5;fits_budget=True;gross_top_prefilter=-0.01;min_bundle_outlay=1.032;narrow_strike=100.0;strike_type=greater
2026-10-07T23:27:28+00:00,strike_inconsistency,KXCPIYOY-26NOV,KXCPIYOY-26NOV-T4.5|KXCPIYOY-26NOV-T4.7,2,KXCPIYOY-26NOV-T4.5;KXCPIYOY-26NOV-T4.7,yes;no,0.0200;0.9900,13684;14950,0,0.0,1.01,1.0,0.02,0.002,-0.01,-0.032,-0.032,1.01,False,NO_POSITIVE_MARGINAL_EDGE,broad_strike=4.5;fits_budget=True;gross_top_prefilter=-0.01;min_bundle_outlay=1.032;narrow_strike=4.7;strike_type=greater
2026-10-07T23:27:28+00:00,strike_inconsistency,KXCPIYOY-26NOV,KXCPIYOY-26NOV-T4.6|KXCPIYOY-26NOV-T4.9,2,KXCPIYOY-26NOV-T4.6;KXCPIYOY-26NOV-T4.9,yes;no,0.0200;0.9900,1744;12808,0,0.0,1.01,1.0,0.02,0.002,-0.01,-0.032,-0.032,1.01,False,NO_POSITIVE_MARGINAL_EDGE,broad_strike=4.6;fits_budget=True;gross_top_prefilter=-0.01;min_bundle_outlay=1.032;narrow_strike=4.9;strike_type=greater
2026-10-07T23:27:28+00:00,strike_inconsistency,KXDIESELD-26OCT08,KXDIESELD-26OCT08-T6.305|KXDIESELD-26OCT08-T6.310,2,KXDIESELD-26OCT08-T6.305;KXDIESELD-26OCT08-T6.310,yes;no,0.0200;0.9900,187;1600,0,0.0,1.01,1.0,0.02,0.002,-0.01,-0.032,-0.032,1.01,False,NO_POSITIVE_MARGINAL_EDGE,broad_strike=6.305;fits_budget=True;gross_top_prefilter=-0.01;min_bundle_outlay=1.032;narrow_strike=6.31;strike_type=greater
2026-10-07T23:27:28+00:00,strike_inconsistency,KXYUMTBFT-26OCT08,KXYUMTBFT-26OCT08-T99.5|KXYUMTBFT-26OCT08-T102,2,KXYUMTBFT-26OCT08-T99.5;KXYUMTBFT-26OCT08-T102,yes;no,0.0200;0.9900,6334.45;4234,0,0.0,1.01,1.0,0.02,0.002,-0.01,-0.032,-0.032,1.01,False,NO_POSITIVE_MARGINAL_EDGE,broad_strike=99.5;fits_budget=True;gross_top_prefilter=-0.01;min_bundle_outlay=1.032;narrow_strike=102.0;strike_type=greater
2026-10-07T23:27:28+00:00,strike_inconsistency,KXCPIYOY-26NOV,KXCPIYOY-26NOV-T4.6|KXCPIYOY-26NOV-T4.7,2,KXCPIYOY-26NOV-T4.6;KXCPIYOY-26NOV-T4.7,yes;no,0.0200;0.9900,1744;14950,0,0.0,1.01,1.0,0.02,0.002,-0.01,-0.032,-0.032,1.01,False,NO_POSITIVE_MARGINAL_EDGE,broad_strike=4.6;fits_budget=True;gross_top_prefilter=-0.01;min_bundle_outlay=1.032;narrow_strike=4.7;strike_type=greater
2026-10-07T23:27:28+00:00,strike_inconsistency,KXYUMTBFT-26OCT08,KXYUMTBFT-26OCT08-T99.5|KXYUMTBFT-26OCT08-T101.5,2,KXYUMTBFT-26OCT08-T99.5;KXYUMTBFT-26OCT08-T101.5,yes;no,0.0200;0.9900,6334.45;3124,0,0.0,1.01,1.0,0.02,0.002,-0.01,-0.032,-0.032,1.01,False,NO_POSITIVE_MARGINAL_EDGE,broad_strike=99.5;fits_budget=True;gross_top_prefilter=-0.01;min_bundle_outlay=1.032;narrow_strike=101.5;strike_type=greater
2026-10-07T23:27:28+00:00,strike_inconsistency,KXYUMTBFT-26OCT08,KXYUMTBFT-26OCT08-T100|KXYUMTBFT-26OCT08-T100.5,2,KXYUMTBFT-26OCT08-T100;KXYUMTBFT-26OCT08-T100.5,yes;no,0.0200;0.9900,6476.99;3092.79,0,0.0,1.01,1.0,0.02,0.002,-0.01,-0.032,-0.032,1.01,False,NO_POSITIVE_MARGINAL_EDGE,broad_strike=100.0;fits_budget=True;gross_top_prefilter=-0.01;min_bundle_outlay=1.032;narrow_strike=100.5;strike_type=greater
2026-10-07T23:27:28+00:00,strike_inconsistency,KXCPICORE-26NOV,KXCPICORE-26NOV-T0.7|KXCPICORE-26NOV-T0.8,2,KXCPICORE-26NOV-T0.7;KXCPICORE-26NOV-T0.8,yes;no,0.0200;0.9900,4877.01;8600,0,0.0,1.01,1.0,0.02,0.002,-0.01,-0.032,-0.032,1.01,False,NO_POSITIVE_MARGINAL_EDGE,broad_strike=0.7;fits_budget=True;gross_top_prefilter=-0.01;min_bundle_outlay=1.032;narrow_strike=0.8;strike_type=greater
2026-10-07T23:27:28+00:00,strike_inconsistency,KXCPIYOY-26NOV,KXCPIYOY-26NOV-T4.6|KXCPIYOY-26NOV-T4.8,2,KXCPIYOY-26NOV-T4.6;KXCPIYOY-26NOV-T4.8,yes;no,0.0200;0.9900,1744;12734,0,0.0,1.01,1.0,0.02,0.002,-0.01,-0.032,-0.032,1.01,False,NO_POSITIVE_MARGINAL_EDGE,broad_strike=4.6;fits_budget=True;gross_top_prefilter=-0.01;min_bundle_outlay=1.032;narrow_strike=4.8;strike_type=greater
2026-10-07T23:27:28+00:00,strike_inconsistency,KXYUMTBFT-26OCT08,KXYUMTBFT-26OCT08-T99.5|KXYUMTBFT-26OCT08-T101,2,KXYUMTBFT-26OCT08-T99.5;KXYUMTBFT-26OCT08-T101,yes;no,0.0200;0.9900,6334.45;3524,0,0.0,1.01,1.0,0.02,0.002,-0.01,-0.032,-0.032,1.01,False,NO_POSITIVE_MARGINAL_EDGE,broad_strike=99.5;fits_budget=True;gross_top_prefilter=-0.01;min_bundle_outlay=1.032;narrow_strike=101.0;strike_type=greater
2026-10-07T23:27:28+00:00,strike_inconsistency,KXYUMTBFT-26OCT08,KXYUMTBFT-26OCT08-T100|KXYUMTBFT-26OCT08-T101.5,2,KXYUMTBFT-26OCT08-T100;KXYUMTBFT-26OCT08-T101.5,yes;no,0.0200;0.9900,6476.99;3124,0,0.0,1.01,1.0,0.02,0.002,-0.01,-0.032,-0.032,1.01,False,NO_POSITIVE_MARGINAL_EDGE,broad_strike=100.0;fits_budget=True;gross_top_prefilter=-0.01;min_bundle_outlay=1.032;narrow_strike=101.5;strike_type=greater
2026-10-07T23:27:28+00:00,strike_inconsistency,KXYUMTBFT-26OCT08,KXYUMTBFT-26OCT08-T99.5|KXYUMTBFT-26OCT08-T100.5,2,KXYUMTBFT-26OCT08-T99.5;KXYUMTBFT-26OCT08-T100.5,yes;no,0.0200;0.9900,6334.45;3092.79,0,0.0,1.01,1.0,0.02,0.002,-0.01,-0.032,-0.032,1.01,False,NO_POSITIVE_MARGINAL_EDGE,broad_strike=99.5;fits_budget=True;gross_top_prefilter=-0.01;min_bundle_outlay=1.032;narrow_strike=100.5;strike_type=greater
2026-10-07T23:27:28+00:00,strike_inconsistency,KXYUMTBFT-26OCT08,KXYUMTBFT-26OCT08-T100|KXYUMTBFT-26OCT08-T102,2,KXYUMTBFT-26OCT08-T100;KXYUMTBFT-26OCT08-T102,yes;no,0.0200;0.9900,6476.99;4234,0,0.0,1.01,1.0,0.02,0.002,-0.01,-0.032,-0.032,1.01,False,NO_POSITIVE_MARGINAL_EDGE,broad_strike=100.0;fits_budget=True;gross_top_prefilter=-0.01;min_bundle_outlay=1.032;narrow_strike=102.0;strike_type=greater
2026-10-07T23:27:28+00:00,strike_inconsistency,KXGOOGSHARE-26OCT12,KXGOOGSHARE-26OCT12-21.5|KXGOOGSHARE-26OCT12-22.4,2,KXGOOGSHARE-26OCT12-21.5;KXGOOGSHARE-26OCT12-22.4,yes;no,0.0200;0.9900,1620;1425,0,0.0,1.01,1.0,0.02,0.002,-0.01,-0.032,-0.032,1.01,False,NO_POSITIVE_MARGINAL_EDGE,broad_strike=21.5;fits_budget=True;gross_top_prefilter=-0.01;min_bundle_outlay=1.032;narrow_strike=22.4;strike_type=greater
2026-10-07T23:27:28+00:00,strike_inconsistency,KXYUMTBFT-26OCT08,KXYUMTBFT-26OCT08-T100.5|KXYUMTBFT-26OCT08-T103,2,KXYUMTBFT-26OCT08-T100.5;KXYUMTBFT-26OCT08-T103,yes;no,0.0200;0.9900,5386.42;3040.95,0,0.0,1.01,1.0,0.02,0.002,-0.01,-0.032,-0.032,1.01,False,NO_POSITIVE_MARGINAL_EDGE,broad_strike=100.5;fits_budget=True;gross_top_prefilter=-0.01;min_bundle_outlay=1.032;narrow_strike=103.0;strike_type=greater
2026-10-07T23:27:28+00:00,strike_inconsistency,KXYUMTBFT-26OCT08,KXYUMTBFT-26OCT08-T100.5|KXYUMTBFT-26OCT08-T101,2,KXYUMTBFT-26OCT08-T100.5;KXYUMTBFT-26OCT08-T101,yes;no,0.0200;0.9900,5386.42;3524,0,0.0,1.01,1.0,0.02,0.002,-0.01,-0.032,-0.032,1.01,False,NO_POSITIVE_MARGINAL_EDGE,broad_strike=100.5;fits_budget=True;gross_top_prefilter=-0.01;min_bundle_outlay=1.032;narrow_strike=101.0;strike_type=greater
2026-10-07T23:27:28+00:00,strike_inconsistency,KXYUMTBFT-26OCT08,KXYUMTBFT-26OCT08-T99.5|KXYUMTBFT-26OCT08-T102.5,2,KXYUMTBFT-26OCT08-T99.5;KXYUMTBFT-26OCT08-T102.5,yes;no,0.0200;0.9900,6334.45;4234,0,0.0,1.01,1.0,0.02,0.002,-0.01,-0.032,-0.032,1.01,False,NO_POSITIVE_MARGINAL_EDGE,broad_strike=99.5;fits_budget=True;gross_top_prefilter=-0.01;min_bundle_outlay=1.032;narrow_strike=102.5;strike_type=greater
2026-10-07T23:27:28+00:00,strike_inconsistency,KXYUMTBFT-26OCT08,KXYUMTBFT-26OCT08-T101|KXYUMTBFT-26OCT08-T102,2,KXYUMTBFT-26OCT08-T101;KXYUMTBFT-26OCT08-T102,yes;no,0.0200;0.9900,6051;4234,0,0.0,1.01,1.0,0.02,0.002,-0.01,-0.032,-0.032,1.01,False,NO_POSITIVE_MARGINAL_EDGE,broad_strike=101.0;fits_budget=True;gross_top_prefilter=-0.01;min_bundle_outlay=1.032;narrow_strike=102.0;strike_type=greater
2026-10-07T23:27:28+00:00,strike_inconsistency,KXYUMTBFT-26OCT08,KXYUMTBFT-26OCT08-T100|KXYUMTBFT-26OCT08-T103,2,KXYUMTBFT-26OCT08-T100;KXYUMTBFT-26OCT08-T103,yes;no,0.0200;0.9900,6476.99;3040.95,0,0.0,1.01,1.0,0.02,0.002,-0.01,-0.032,-0.032,1.01,False,NO_POSITIVE_MARGINAL_EDGE,broad_strike=100.0;fits_budget=True;gross_top_prefilter=-0.01;min_bundle_outlay=1.032;narrow_strike=103.0;strike_type=greater
2026-10-07T23:27:28+00:00,strike_inconsistency,KXYUMTBFT-26OCT08,KXYUMTBFT-26OCT08-T100|KXYUMTBFT-26OCT08-T102.5,2,KXYUMTBFT-26OCT08-T100;KXYUMTBFT-26OCT08-T102.5,yes;no,0.0200;0.9900,6476.99;4234,0,0.0,1.01,1.0,0.02,0.002,-0.01,-0.032,-0.032,1.01,False,NO_POSITIVE_MARGINAL_EDGE,broad_strike=100.0;fits_budget=True;gross_top_prefilter=-0.01;min_bundle_outlay=1.032;narrow_strike=102.5;strike_type=greater
2026-10-07T23:27:28+00:00,strike_inconsistency,KXYUMTBFT-26OCT08,KXYUMTBFT-26OCT08-T100.5|KXYUMTBFT-26OCT08-T101.5,2,KXYUMTBFT-26OCT08-T100.5;KXYUMTBFT-26OCT08-T101.5,yes;no,0.0200;0.9900,5386.42;3124,0,0.0,1.01,1.0,0.02,0.002,-0.01,-0.032,-0.032,1.01,False,NO_POSITIVE_MARGINAL_EDGE,broad_strike=100.5;fits_budget=True;gross_top_prefilter=-0.01;min_bundle_outlay=1.032;narrow_strike=101.5;strike_type=greater
2026-10-07T23:27:28+00:00,strike_inconsistency,KXYUMTBFT-26OCT08,KXYUMTBFT-26OCT08-T101|KXYUMTBFT-26OCT08-T102.5,2,KXYUMTBFT-26OCT08-T101;KXYUMTBFT-26OCT08-T102.5,yes;no,0.0200;0.9900,6051;4234,0,0.0,1.01,1.0,0.02,0.002,-0.01,-0.032,-0.032,1.01,False,NO_POSITIVE_MARGINAL_EDGE,broad_strike=101.0;fits_budget=True;gross_top_prefilter=-0.01;min_bundle_outlay=1.032;narrow_strike=102.5;strike_type=greater
2026-10-07T23:27:28+00:00,strike_inconsistency,KXYUMTBFT-26OCT08,KXYUMTBFT-26OCT08-T101|KXYUMTBFT-26OCT08-T101.5,2,KXYUMTBFT-26OCT08-T101;KXYUMTBFT-26OCT08-T101.5,yes;no,0.0200;0.9900,6051;3124,0,0.0,1.01,1.0,0.02,0.002,-0.01,-0.032,-0.032,1.01,False,NO_POSITIVE_MARGINAL_EDGE,broad_strike=101.0;fits_budget=True;gross_top_prefilter=-0.01;min_bundle_outlay=1.032;narrow_strike=101.5;strike_type=greater
2026-10-07T23:27:28+00:00,strike_inconsistency,KXYUMTBFT-26OCT08,KXYUMTBFT-26OCT08-T102|KXYUMTBFT-26OCT08-T103,2,KXYUMTBFT-26OCT08-T102;KXYUMTBFT-26OCT08-T103,yes;no,0.0200;0.9900,6232;3040.95,0,0.0,1.01,1.0,0.02,0.002,-0.01,-0.032,-0.032,1.01,False,NO_POSITIVE_MARGINAL_EDGE,broad_strike=102.0;fits_budget=True;gross_top_prefilter=-0.01;min_bundle_outlay=1.032;narrow_strike=103.0;strike_type=greater
2026-10-07T23:27:28+00:00,strike_inconsistency,KXYUMTBFT-26OCT08,KXYUMTBFT-26OCT08-T100|KXYUMTBFT-26OCT08-T101,2,KXYUMTBFT-26OCT08-T100;KXYUMTBFT-26OCT08-T101,yes;no,0.0200;0.9900,6476.99;3524,0,0.0,1.01,1.0,0.02,0.002,-0.01,-0.032,-0.032,1.01,False,NO_POSITIVE_MARGINAL_EDGE,broad_strike=100.0;fits_budget=True;gross_top_prefilter=-0.01;min_bundle_outlay=1.032;narrow_strike=101.0;strike_type=greater
2026-10-07T23:27:28+00:00,strike_inconsistency,KXSHAKFT-26OCT08,KXSHAKFT-26OCT08-T102|KXSHAKFT-26OCT08-T105,2,KXSHAKFT-26OCT08-T102;KXSHAKFT-26OCT08-T105,yes;no,0.0200;0.9900,1650.84;953.21,0,0.0,1.01,1.0,0.02,0.002,-0.01,-0.032,-0.032,1.01,False,NO_POSITIVE_MARGINAL_EDGE,broad_strike=102.0;fits_budget=True;gross_top_prefilter=-0.01;min_bundle_outlay=1.032;narrow_strike=105.0;strike_type=greater
2026-10-07T23:27:28+00:00,strike_inconsistency,KXYUMTBFT-26OCT08,KXYUMTBFT-26OCT08-T101.5|KXYUMTBFT-26OCT08-T102.5,2,KXYUMTBFT-26OCT08-T101.5;KXYUMTBFT-26OCT08-T102.5,yes;no,0.0200;0.9900,6029;4234,0,0.0,1.01,1.0,0.02,0.002,-0.01,-0.032,-0.032,1.01,False,NO_POSITIVE_MARGINAL_EDGE,broad_strike=101.5;fits_budget=True;gross_top_prefilter=-0.01;min_bundle_outlay=1.032;narrow_strike=102.5;strike_type=greater
2026-10-07T23:27:28+00:00,strike_inconsistency,KXYUMTBFT-26OCT08,KXYUMTBFT-26OCT08-T101.5|KXYUMTBFT-26OCT08-T102,2,KXYUMTBFT-26OCT08-T101.5;KXYUMTBFT-26OCT08-T102,yes;no,0.0200;0.9900,6029;4234,0,0.0,1.01,1.0,0.02,0.002,-0.01,-0.032,-0.032,1.01,False,NO_POSITIVE_MARGINAL_EDGE,broad_strike=101.5;fits_budget=True;gross_top_prefilter=-0.01;min_bundle_outlay=1.032;narrow_strike=102.0;strike_type=greater
2026-10-07T23:27:28+00:00,strike_inconsistency,KXYUMTBFT-26OCT08,KXYUMTBFT-26OCT08-T101|KXYUMTBFT-26OCT08-T103,2,KXYUMTBFT-26OCT08-T101;KXYUMTBFT-26OCT08-T103,yes;no,0.0200;0.9900,6051;3040.95,0,0.0,1.01,1.0,0.02,0.002,-0.01,-0.032,-0.032,1.01,False,NO_POSITIVE_MARGINAL_EDGE,broad_strike=101.0;fits_budget=True;gross_top_prefilter=-0.01;min_bundle_outlay=1.032;narrow_strike=103.0;strike_type=greater
2026-10-07T23:27:28+00:00,strike_inconsistency,KXYUMTBFT-26OCT08,KXYUMTBFT-26OCT08-T102.5|KXYUMTBFT-26OCT08-T103,2,KXYUMTBFT-26OCT08-T102.5;KXYUMTBFT-26OCT08-T103,yes;no,0.0200;0.9900,6253;3040.95,0,0.0,1.01,1.0,0.02,0.002,-0.01,-0.032,-0.032,1.01,False,NO_POSITIVE_MARGINAL_EDGE,broad_strike=102.5;fits_budget=True;gross_top_prefilter=-0.01;min_bundle_outlay=1.032;narrow_strike=103.0;strike_type=greater
2026-10-07T23:27:28+00:00,strike_inconsistency,KXYUMTBFT-26OCT08,KXYUMTBFT-26OCT08-T99.5|KXYUMTBFT-26OCT08-T103,2,KXYUMTBFT-26OCT08-T99.5;KXYUMTBFT-26OCT08-T103,yes;no,0.0200;0.9900,6334.45;3040.95,0,0.0,1.01,1.0,0.02,0.002,-0.01,-0.032,-0.032,1.01,False,NO_POSITIVE_MARGINAL_EDGE,broad_strike=99.5;fits_budget=True;gross_top_prefilter=-0.01;min_bundle_outlay=1.032;narrow_strike=103.0;strike_type=greater
2026-10-07T23:27:28+00:00,strike_inconsistency,KXSHAKFT-26OCT08,KXSHAKFT-26OCT08-T103|KXSHAKFT-26OCT08-T105,2,KXSHAKFT-26OCT08-T103;KXSHAKFT-26OCT08-T105,yes;no,0.0200;0.9900,5734;953.21,0,0.0,1.01,1.0,0.02,0.002,-0.01,-0.032,-0.032,1.01,False,NO_POSITIVE_MARGINAL_EDGE,broad_strike=103.0;fits_budget=True;gross_top_prefilter=-0.01;min_bundle_outlay=1.032;narrow_strike=105.0;strike_type=greater
2026-10-07T23:27:28+00:00,strike_inconsistency,KXSHAKFT-26OCT08,KXSHAKFT-26OCT08-T102|KXSHAKFT-26OCT08-T106,2,KXSHAKFT-26OCT08-T102;KXSHAKFT-26OCT08-T106,yes;no,0.0200;0.9900,1650.84;1600,0,0.0,1.01,1.0,0.02,0.002,-0.01,-0.032,-0.032,1.01,False,NO_POSITIVE_MARGINAL_EDGE,broad_strike=102.0;fits_budget=True;gross_top_prefilter=-0.01;min_bundle_outlay=1.032;narrow_strike=106.0;strike_type=greater
2026-10-07T23:27:28+00:00,strike_inconsistency,KXYUMTBFT-26OCT08,KXYUMTBFT-26OCT08-T101.5|KXYUMTBFT-26OCT08-T103,2,KXYUMTBFT-26OCT08-T101.5;KXYUMTBFT-26OCT08-T103,yes;no,0.0200;0.9900,6029;3040.95,0,0.0,1.01,1.0,0.02,0.002,-0.01,-0.032,-0.032,1.01,False,NO_POSITIVE_MARGINAL_EDGE,broad_strike=101.5;fits_budget=True;gross_top_prefilter=-0.01;min_bundle_outlay=1.032;narrow_strike=103.0;strike_type=greater
2026-10-07T23:27:28+00:00,strike_inconsistency,KXSHAKFT-26OCT08,KXSHAKFT-26OCT08-T102|KXSHAKFT-26OCT08-T107,2,KXSHAKFT-26OCT08-T102;KXSHAKFT-26OCT08-T107,yes;no,0.0200;0.9900,1650.84;1650,0,0.0,1.01,1.0,0.02,0.002,-0.01,-0.032,-0.032,1.01,False,NO_POSITIVE_MARGINAL_EDGE,broad_strike=102.0;fits_budget=True;gross_top_prefilter=-0.01;min_bundle_outlay=1.032;narrow_strike=107.0;strike_type=greater
2026-10-07T23:27:28+00:00,strike_inconsistency,KXMCDFT-26OCT08,KXMCDFT-26OCT08-T102|KXMCDFT-26OCT08-T103,2,KXMCDFT-26OCT08-T102;KXMCDFT-26OCT08-T103,yes;no,0.0200;0.9900,1416.24;2200,0,0.0,1.01,1.0,0.02,0.002,-0.01,-0.032,-0.032,1.01,False,NO_POSITIVE_MARGINAL_EDGE,broad_strike=102.0;fits_budget=True;gross_top_prefilter=-0.01;min_bundle_outlay=1.032;narrow_strike=103.0;strike_type=greater
2026-10-07T23:27:28+00:00,strike_inconsistency,KXSHAKFT-26OCT08,KXSHAKFT-26OCT08-T102|KXSHAKFT-26OCT08-T103,2,KXSHAKFT-26OCT08-T102;KXSHAKFT-26OCT08-T103,yes;no,0.0200;0.9900,1650.84;600,0,0.0,1.01,1.0,0.02,0.002,-0.01,-0.032,-0.032,1.01,False,NO_POSITIVE_MARGINAL_EDGE,broad_strike=102.0;fits_budget=True;gross_top_prefilter=-0.01;min_bundle_outlay=1.032;narrow_strike=103.0;strike_type=greater
2026-10-07T23:27:28+00:00,strike_inconsistency,KXSHAKFT-26OCT08,KXSHAKFT-26OCT08-T102|KXSHAKFT-26OCT08-T108,2,KXSHAKFT-26OCT08-T102;KXSHAKFT-26OCT08-T108,yes;no,0.0200;0.9900,1650.84;3506,0,0.0,1.01,1.0,0.02,0.002,-0.01,-0.032,-0.032,1.01,False,NO_POSITIVE_MARGINAL_EDGE,broad_strike=102.0;fits_budget=True;gross_top_prefilter=-0.01;min_bundle_outlay=1.032;narrow_strike=108.0;strike_type=greater
2026-10-07T23:27:28+00:00,strike_inconsistency,KXSHAKFT-26OCT08,KXSHAKFT-26OCT08-T106|KXSHAKFT-26OCT08-T108,2,KXSHAKFT-26OCT08-T106;KXSHAKFT-26OCT08-T108,yes;no,0.0200;0.9900,6371;3506,0,0.0,1.01,1.0,0.02,0.002,-0.01,-0.032,-0.032,1.01,False,NO_POSITIVE_MARGINAL_EDGE,broad_strike=106.0;fits_budget=True;gross_top_prefilter=-0.01;min_bundle_outlay=1.032;narrow_strike=108.0;strike_type=greater
2026-10-07T23:27:28+00:00,strike_inconsistency,KXSHAKFT-26OCT08,KXSHAKFT-26OCT08-T105|KXSHAKFT-26OCT08-T107,2,KXSHAKFT-26OCT08-T105;KXSHAKFT-26OCT08-T107,yes;no,0.0200;0.9900,5444.63;1650,0,0.0,1.01,1.0,0.02,0.002,-0.01,-0.032,-0.032,1.01,False,NO_POSITIVE_MARGINAL_EDGE,broad_strike=105.0;fits_budget=True;gross_top_prefilter=-0.01;min_bundle_outlay=1.032;narrow_strike=107.0;strike_type=greater
2026-10-07T23:27:28+00:00,strike_inconsistency,KXGROKAPP-26OCT08,KXGROKAPP-26OCT08-T126|KXGROKAPP-26OCT08-T130,2,KXGROKAPP-26OCT08-T126;KXGROKAPP-26OCT08-T130,yes;no,0.0200;0.9900,2837;2694.74,0,0.0,1.01,1.0,0.02,0.002,-0.01,-0.032,-0.032,1.01,False,NO_POSITIVE_MARGINAL_EDGE,broad_strike=126.0;fits_budget=True;gross_top_prefilter=-0.01;min_bundle_outlay=1.032;narrow_strike=130.0;strike_type=greater
2026-10-07T23:27:28+00:00,strike_inconsistency,KXDKNGAPP-26OCT08,KXDKNGAPP-26OCT08-T185|KXDKNGAPP-26OCT08-T245,2,KXDKNGAPP-26OCT08-T185;KXDKNGAPP-26OCT08-T245,yes;no,0.0200;0.9900,1040;1600,0,0.0,1.01,1.0,0.02,0.002,-0.01,-0.032,-0.032,1.01,False,NO_POSITIVE_MARGINAL_EDGE,broad_strike=185.0;fits_budget=True;gross_top_prefilter=-0.01;min_bundle_outlay=1.032;narrow_strike=245.0;strike_type=greater
2026-10-07T23:27:28+00:00,strike_inconsistency,KXDKNGAPP-26OCT08,KXDKNGAPP-26OCT08-T165|KXDKNGAPP-26OCT08-T245,2,KXDKNGAPP-26OCT08-T165;KXDKNGAPP-26OCT08-T245,yes;no,0.0200;0.9900,1003;1600,0,0.0,1.01,1.0,0.02,0.002,-0.01,-0.032,-0.032,1.01,False,NO_POSITIVE_MARGINAL_EDGE,broad_strike=165.0;fits_budget=True;gross_top_prefilter=-0.01;min_bundle_outlay=1.032;narrow_strike=245.0;strike_type=greater
2026-10-07T23:27:28+00:00,strike_inconsistency,KXCAVAFT-26OCT08,KXCAVAFT-26OCT08-T102|KXCAVAFT-26OCT08-T106,2,KXCAVAFT-26OCT08-T102;KXCAVAFT-26OCT08-T106,yes;no,0.0200;0.9900,6812;2680.49,0,0.0,1.01,1.0,0.02,0.002,-0.01,-0.032,-0.032,1.01,False,NO_POSITIVE_MARGINAL_EDGE,broad_strike=102.0;fits_budget=True;gross_top_prefilter=-0.01;min_bundle_outlay=1.032;narrow_strike=106.0;strike_type=greater
2026-10-07T23:27:28+00:00,strike_inconsistency,KXCAVAFT-26OCT08,KXCAVAFT-26OCT08-T100|KXCAVAFT-26OCT08-T102,2,KXCAVAFT-26OCT08-T100;KXCAVAFT-26OCT08-T102,yes;no,0.0200;0.9900,6250.79;2923,0,0.0,1.01,1.0,0.02,0.002,-0.01,-0.032,-0.032,1.01,False,NO_POSITIVE_MARGINAL_EDGE,broad_strike=100.0;fits_budget=True;gross_top_prefilter=-0.01;min_bundle_outlay=1.032;narrow_strike=102.0;strike_type=greater
2026-10-07T23:27:28+00:00,strike_inconsistency,KXHORMUZWEEKLY-26OCT11,KXHORMUZWEEKLY-26OCT11-T75|KXHORMUZWEEKLY-26OCT11-T100,2,KXHORMUZWEEKLY-26OCT11-T75;KXHORMUZWEEKLY-26OCT11-T100,yes;no,0.0200;0.9900,88550.1;113557,0,0.0,1.01,1.0,0.02,0.002,-0.01,-0.032,-0.032,1.01,False,NO_POSITIVE_MARGINAL_EDGE,broad_strike=75.0;fits_budget=True;gross_top_prefilter=-0.01;min_bundle_outlay=1.032;narrow_strike=100.0;strike_type=greater
2026-10-07T23:27:28+00:00,strike_inconsistency,KXRT-OTH,KXRT-OTH-85|KXRT-OTH-90,2,KXRT-OTH-85;KXRT-OTH-90,yes;no,0.0200;0.9900,301.2;2895.75,0,0.0,1.01,1.0,0.02,0.002,-0.01,-0.032,-0.032,1.01,False,NO_POSITIVE_MARGINAL_EDGE,broad_strike=85.0;fits_budget=True;gross_top_prefilter=-0.01;min_bundle_outlay=1.032;narrow_strike=90.0;strike_type=greater
2026-10-07T23:27:28+00:00,strike_inconsistency,KXAAAGASW-26OCT12,KXAAAGASW-26OCT12-4.4000|KXAAAGASW-26OCT12-4.4200,2,KXAAAGASW-26OCT12-4.4000;KXAAAGASW-26OCT12-4.4200,yes;no,0.0200;0.9900,1820;3800,0,0.0,1.01,1.0,0.02,0.002,-0.01,-0.032,-0.032,1.01,False,NO_POSITIVE_MARGINAL_EDGE,broad_strike=4.4;fits_budget=True;gross_top_prefilter=-0.01;min_bundle_outlay=1.032;narrow_strike=4.42;strike_type=greater
2026-10-07T23:27:28+00:00,strike_inconsistency,KXTRUMPNOMNUM-26OCT04,KXTRUMPNOMNUM-26OCT04-T3|KXTRUMPNOMNUM-26OCT04-T5,2,KXTRUMPNOMNUM-26OCT04-T3;KXTRUMPNOMNUM-26OCT04-T5,yes;no,0.0200;0.9900,9685.68;21600,0,0.0,1.01,1.0,0.02,0.002,-0.01,-0.032,-0.032,1.01,False,NO_POSITIVE_MARGINAL_EDGE,broad_strike=3.0;fits_budget=True;gross_top_prefilter=-0.01;min_bundle_outlay=1.032;narrow_strike=5.0;strike_type=greater_or_equal
2026-10-07T23:27:28+00:00,strike_inconsistency,KXTRUMPNOMNUM-26OCT04,KXTRUMPNOMNUM-26OCT04-T3|KXTRUMPNOMNUM-26OCT04-T10,2,KXTRUMPNOMNUM-26OCT04-T3;KXTRUMPNOMNUM-26OCT04-T10,yes;no,0.0200;0.9900,9685.68;20100,0,0.0,1.01,1.0,0.02,0.002,-0.01,-0.032,-0.032,1.01,False,NO_POSITIVE_MARGINAL_EDGE,broad_strike=3.0;fits_budget=True;gross_top_prefilter=-0.01;min_bundle_outlay=1.032;narrow_strike=10.0;strike_type=greater_or_equal
2026-10-07T23:27:28+00:00,strike_inconsistency,KXCAVAFT-26OCT08,KXCAVAFT-26OCT08-T102|KXCAVAFT-26OCT08-T104,2,KXCAVAFT-26OCT08-T102;KXCAVAFT-26OCT08-T104,yes;no,0.0200;0.9900,6812;3068.74,0,0.0,1.01,1.0,0.02,0.002,-0.01,-0.032,-0.032,1.01,False,NO_POSITIVE_MARGINAL_EDGE,broad_strike=102.0;fits_budget=True;gross_top_prefilter=-0.01;min_bundle_outlay=1.032;narrow_strike=104.0;strike_type=greater
2026-10-07T23:27:28+00:00,strike_inconsistency,KXCAVAFT-26OCT08,KXCAVAFT-26OCT08-T100|KXCAVAFT-26OCT08-T106,2,KXCAVAFT-26OCT08-T100;KXCAVAFT-26OCT08-T106,yes;no,0.0200;0.9900,6250.79;2680.49,0,0.0,1.01,1.0,0.02,0.002,-0.01,-0.032,-0.032,1.01,False,NO_POSITIVE_MARGINAL_EDGE,broad_strike=100.0;fits_budget=True;gross_top_prefilter=-0.01;min_bundle_outlay=1.032;narrow_strike=106.0;strike_type=greater
2026-10-07T23:27:28+00:00,strike_inconsistency,KXSHAKFT-26OCT08,KXSHAKFT-26OCT08-T105|KXSHAKFT-26OCT08-T108,2,KXSHAKFT-26OCT08-T105;KXSHAKFT-26OCT08-T108,yes;no,0.0200;0.9900,5444.63;3506,0,0.0,1.01,1.0,0.02,0.002,-0.01,-0.032,-0.032,1.01,False,NO_POSITIVE_MARGINAL_EDGE,broad_strike=105.0;fits_budget=True;gross_top_prefilter=-0.01;min_bundle_outlay=1.032;narrow_strike=108.0;strike_type=greater
2026-10-07T23:27:28+00:00,strike_inconsistency,KXBTCD-26OCT0917,KXBTCD-26OCT0917-T88999.99|KXBTCD-26OCT0917-T89999.99,2,KXBTCD-26OCT0917-T88999.99;KXBTCD-26OCT0917-T89999.99,yes;no,0.0200;0.9900,4321;1,0,0.0,1.01,1.0,0.02,0.002,-0.01,-0.032,-0.032,1.01,False,NO_POSITIVE_MARGINAL_EDGE,broad_strike=88999.99;fits_budget=True;gross_top_prefilter=-0.01;min_bundle_outlay=1.032;narrow_strike=89999.99;strike_type=greater
2026-10-07T23:27:28+00:00,strike_inconsistency,KXDKNGAPP-26OCT08,KXDKNGAPP-26OCT08-T215|KXDKNGAPP-26OCT08-T245,2,KXDKNGAPP-26OCT08-T215;KXDKNGAPP-26OCT08-T245,yes;no,0.0200;0.9900,1051;1600,0,0.0,1.01,1.0,0.02,0.002,-0.01,-0.032,-0.032,1.01,False,NO_POSITIVE_MARGINAL_EDGE,broad_strike=215.0;fits_budget=True;gross_top_prefilter=-0.01;min_bundle_outlay=1.032;narrow_strike=245.0;strike_type=greater
2026-10-07T23:27:28+00:00,strike_inconsistency,KXBTCD-26OCT0817,KXBTCD-26OCT0817-T86249.99|KXBTCD-26OCT0817-T86499.99,2,KXBTCD-26OCT0817-T86249.99;KXBTCD-26OCT0817-T86499.99,yes;no,0.0200;0.9900,433.88;2787,0,0.0,1.01,1.0,0.02,0.002,-0.01,-0.032,-0.032,1.01,False,NO_POSITIVE_MARGINAL_EDGE,broad_strike=86249.99;fits_budget=True;gross_top_prefilter=-0.01;min_bundle_outlay=1.032;narrow_strike=86499.99;strike_type=greater
2026-10-07T23:27:28+00:00,strike_inconsistency,KXBTCD-26OCT0917,KXBTCD-26OCT0917-T88999.99|KXBTCD-26OCT0917-T90499.99,2,KXBTCD-26OCT0917-T88999.99;KXBTCD-26OCT0917-T90499.99,yes;no,0.0200;0.9900,4321;1,0,0.0,1.01,1.0,0.02,0.002,-0.01,-0.032,-0.032,1.01,False,NO_POSITIVE_MARGINAL_EDGE,broad_strike=88999.99;fits_budget=True;gross_top_prefilter=-0.01;min_bundle_outlay=1.032;narrow_strike=90499.99;strike_type=greater
2026-10-07T23:27:28+00:00,strike_inconsistency,KXTRUMPNOMNUM-26OCT04,KXTRUMPNOMNUM-26OCT04-T5|KXTRUMPNOMNUM-26OCT04-T10,2,KXTRUMPNOMNUM-26OCT04-T5;KXTRUMPNOMNUM-26OCT04-T10,yes;no,0.0200;0.9900,9905.04;20100,0,0.0,1.01,1.0,0.02,0.002,-0.01,-0.032,-0.032,1.01,False,NO_POSITIVE_MARGINAL_EDGE,broad_strike=5.0;fits_budget=True;gross_top_prefilter=-0.01;min_bundle_outlay=1.032;narrow_strike=10.0;strike_type=greater_or_equal
2026-10-07T23:27:28+00:00,strike_inconsistency,KXCAVAFT-26OCT08,KXCAVAFT-26OCT08-T104|KXCAVAFT-26OCT08-T106,2,KXCAVAFT-26OCT08-T104;KXCAVAFT-26OCT08-T106,yes;no,0.0200;0.9900,9867.26;2680.49,0,0.0,1.01,1.0,0.02,0.002,-0.01,-0.032,-0.032,1.01,False,NO_POSITIVE_MARGINAL_EDGE,broad_strike=104.0;fits_budget=True;gross_top_prefilter=-0.01;min_bundle_outlay=1.032;narrow_strike=106.0;strike_type=greater
2026-10-07T23:27:28+00:00,strike_inconsistency,KXBTCD-26OCT0917,KXBTCD-26OCT0917-T89999.99|KXBTCD-26OCT0917-T90499.99,2,KXBTCD-26OCT0917-T89999.99;KXBTCD-26OCT0917-T90499.99,yes;no,0.0200;0.9900,1;1,0,0.0,1.01,1.0,0.02,0.002,-0.01,-0.032,-0.032,1.01,False,NO_POSITIVE_MARGINAL_EDGE,broad_strike=89999.99;fits_budget=True;gross_top_prefilter=-0.01;min_bundle_outlay=1.032;narrow_strike=90499.99;strike_type=greater
2026-10-07T23:27:28+00:00,strike_inconsistency,KXAAAGASDMD-26OCT08,KXAAAGASDMD-26OCT08-4.2950|KXAAAGASDMD-26OCT08-4.3050,2,KXAAAGASDMD-26OCT08-4.2950;KXAAAGASDMD-26OCT08-4.3050,yes;no,0.0200;0.9900,9976;10166,0,0.0,1.01,1.0,0.02,0.002,-0.01,-0.032,-0.032,1.01,False,NO_POSITIVE_MARGINAL_EDGE,broad_strike=4.295;fits_budget=True;gross_top_prefilter=-0.01;min_bundle_outlay=1.032;narrow_strike=4.305;strike_type=greater
2026-10-07T23:27:28+00:00,strike_inconsistency,KXCAVAFT-26OCT08,KXCAVAFT-26OCT08-T100|KXCAVAFT-26OCT08-T104,2,KXCAVAFT-26OCT08-T100;KXCAVAFT-26OCT08-T104,yes;no,0.0200;0.9900,6250.79;3068.74,0,0.0,1.01,1.0,0.02,0.002,-0.01,-0.032,-0.032,1.01,False,NO_POSITIVE_MARGINAL_EDGE,broad_strike=100.0;fits_budget=True;gross_top_prefilter=-0.01;min_bundle_outlay=1.032;narrow_strike=104.0;strike_type=greater
2026-10-07T23:27:28+00:00,strike_inconsistency,KXSHAKFT-26OCT08,KXSHAKFT-26OCT08-T105|KXSHAKFT-26OCT08-T106,2,KXSHAKFT-26OCT08-T105;KXSHAKFT-26OCT08-T106,yes;no,0.0200;0.9900,5444.63;1600,0,0.0,1.01,1.0,0.02,0.002,-0.01,-0.032,-0.032,1.01,False,NO_POSITIVE_MARGINAL_EDGE,broad_strike=105.0;fits_budget=True;gross_top_prefilter=-0.01;min_bundle_outlay=1.032;narrow_strike=106.0;strike_type=greater
2026-10-07T23:27:28+00:00,strike_inconsistency,KXBTCD-26OCT0817,KXBTCD-26OCT0817-T86249.99|KXBTCD-26OCT0817-T86749.99,2,KXBTCD-26OCT0817-T86249.99;KXBTCD-26OCT0817-T86749.99,yes;no,0.0200;0.9900,433.88;2695,0,0.0,1.01,1.0,0.02,0.002,-0.01,-0.032,-0.032,1.01,False,NO_POSITIVE_MARGINAL_EDGE,broad_strike=86249.99;fits_budget=True;gross_top_prefilter=-0.01;min_bundle_outlay=1.032;narrow_strike=86749.99;strike_type=greater
2026-10-07T23:27:28+00:00,strike_inconsistency,KXAAAGASDCA-26OCT08,KXAAAGASDCA-26OCT08-6.3600|KXAAAGASDCA-26OCT08-6.3650,2,KXAAAGASDCA-26OCT08-6.3600;KXAAAGASDCA-26OCT08-6.3650,yes;no,0.0200;0.9900,103;19596.2,0,0.0,1.01,1.0,0.02,0.002,-0.01,-0.032,-0.032,1.01,False,NO_POSITIVE_MARGINAL_EDGE,broad_strike=6.36;fits_budget=True;gross_top_prefilter=-0.01;min_bundle_outlay=1.032;narrow_strike=6.365;strike_type=greater
2026-10-07T23:27:28+00:00,strike_inconsistency,KXAAAGASDNJ-26OCT08,KXAAAGASDNJ-26OCT08-4.2900|KXAAAGASDNJ-26OCT08-4.2950,2,KXAAAGASDNJ-26OCT08-4.2900;KXAAAGASDNJ-26OCT08-4.2950,yes;no,0.0200;0.9900,26169;3000,0,0.0,1.01,1.0,0.02,0.002,-0.01,-0.032,-0.032,1.01,False,NO_POSITIVE_MARGINAL_EDGE,broad_strike=4.29;fits_budget=True;gross_top_prefilter=-0.01;min_bundle_outlay=1.032;narrow_strike=4.295;strike_type=greater
2026-10-07T23:27:28+00:00,strike_inconsistency,KXAAAGASDMD-26OCT08,KXAAAGASDMD-26OCT08-4.2950|KXAAAGASDMD-26OCT08-4.3000,2,KXAAAGASDMD-26OCT08-4.2950;KXAAAGASDMD-26OCT08-4.3000,yes;no,0.0200;0.9900,9976;11000,0,0.0,1.01,1.0,0.02,0.002,-0.01,-0.032,-0.032,1.01,False,NO_POSITIVE_MARGINAL_EDGE,broad_strike=4.295;fits_budget=True;gross_top_prefilter=-0.01;min_bundle_outlay=1.032;narrow_strike=4.3;strike_type=greater
2026-10-07T23:27:28+00:00,strike_inconsistency,KXAAAGASDMD-26OCT08,KXAAAGASDMD-26OCT08-4.3000|KXAAAGASDMD-26OCT08-4.3050,2,KXAAAGASDMD-26OCT08-4.3000;KXAAAGASDMD-26OCT08-4.3050,yes;no,0.0200;0.9900,7844;10166,0,0.0,1.01,1.0,0.02,0.002,-0.01,-0.032,-0.032,1.01,False,NO_POSITIVE_MARGINAL_EDGE,broad_strike=4.3;fits_budget=True;gross_top_prefilter=-0.01;min_bundle_outlay=1.032;narrow_strike=4.305;strike_type=greater
2026-10-07T23:27:28+00:00,strike_inconsistency,KXDISLANDPRICE-26DEC31,KXDISLANDPRICE-26DEC31-T236|KXDISLANDPRICE-26DEC31-T238,2,KXDISLANDPRICE-26DEC31-T236;KXDISLANDPRICE-26DEC31-T238,yes;no,0.0400;0.9700,3534.83;8034.66,0,0.0,1.01,1.0,0.02,0.002,-0.01,-0.032,-0.032,1.01,False,NO_POSITIVE_MARGINAL_EDGE,broad_strike=236.0;fits_budget=True;gross_top_prefilter=-0.01;min_bundle_outlay=1.032;narrow_strike=238.0;strike_type=greater
2026-10-07T23:27:28+00:00,strike_inconsistency,KXAAAGASDMD-26OCT08,KXAAAGASDMD-26OCT08-4.3050|KXAAAGASDMD-26OCT08-4.3100,2,KXAAAGASDMD-26OCT08-4.3050;KXAAAGASDMD-26OCT08-4.3100,yes;no,0.0200;0.9900,9323;3000,0,0.0,1.01,1.0,0.02,0.002,-0.01,-0.032,-0.032,1.01,False,NO_POSITIVE_MARGINAL_EDGE,broad_strike=4.305;fits_budget=True;gross_top_prefilter=-0.01;min_bundle_outlay=1.032;narrow_strike=4.31;strike_type=greater
2026-10-07T23:27:28+00:00,strike_inconsistency,KXWTI-26OCT0814,KXWTI-26OCT0814-T94.49|KXWTI-26OCT0814-T95.49,2,KXWTI-26OCT0814-T94.49;KXWTI-26OCT0814-T95.49,yes;no,0.0200;0.9900,2000;100.01,0,0.0,1.01,1.0,0.02,0.002,-0.01,-0.032,-0.032,1.01,False,NO_POSITIVE_MARGINAL_EDGE,broad_strike=94.49;fits_budget=True;gross_top_prefilter=-0.01;min_bundle_outlay=1.032;narrow_strike=95.49;strike_type=greater
2026-10-07T23:27:28+00:00,strike_inconsistency,KXBRPRES2MOVD-BRPRES26FBOL,KXBRPRES2MOVD-BRPRES26FBOL-FBOL-P9|KXBRPRES2MOVD-BRPRES26FBOL-FBOL-P11,2,KXBRPRES2MOVD-BRPRES26FBOL-FBOL-P9;KXBRPRES2MOVD-BRPRES26FBOL-FBOL-P11,yes;no,0.0500;0.9600,197.24;9090,0,0.0,1.01,1.0,0.02,0.002,-0.01,-0.032,-0.032,1.01,False,NO_POSITIVE_MARGINAL_EDGE,broad_strike=9.0;fits_budget=True;gross_top_prefilter=-0.01;min_bundle_outlay=1.032;narrow_strike=11.0;strike_type=greater_or_equal
2026-10-07T23:27:28+00:00,strike_inconsistency,KXAAAGASDCA-26OCT08,KXAAAGASDCA-26OCT08-6.3650|KXAAAGASDCA-26OCT08-6.3700,2,KXAAAGASDCA-26OCT08-6.3650;KXAAAGASDCA-26OCT08-6.3700,yes;no,0.0200;0.9900,68;3194.01,0,0.0,1.01,1.0,0.02,0.002,-0.01,-0.032,-0.032,1.01,False,NO_POSITIVE_MARGINAL_EDGE,broad_strike=6.365;fits_budget=True;gross_top_prefilter=-0.01;min_bundle_outlay=1.032;narrow_strike=6.37;strike_type=greater
2026-10-07T23:27:28+00:00,strike_inconsistency,KXAAAGASDCA-26OCT08,KXAAAGASDCA-26OCT08-6.3600|KXAAAGASDCA-26OCT08-6.3700,2,KXAAAGASDCA-26OCT08-6.3600;KXAAAGASDCA-26OCT08-6.3700,yes;no,0.0200;0.9900,103;3194.01,0,0.0,1.01,1.0,0.02,0.002,-0.01,-0.032,-0.032,1.01,False,NO_POSITIVE_MARGINAL_EDGE,broad_strike=6.36;fits_budget=True;gross_top_prefilter=-0.01;min_bundle_outlay=1.032;narrow_strike=6.37;strike_type=greater
2026-10-07T23:27:28+00:00,strike_inconsistency,KXDISLANDPRICE-26DEC31,KXDISLANDPRICE-26DEC31-T236|KXDISLANDPRICE-26DEC31-T240,2,KXDISLANDPRICE-26DEC31-T236;KXDISLANDPRICE-26DEC31-T240,yes;no,0.0400;0.9700,3534.83;8015.66,0,0.0,1.01,1.0,0.02,0.002,-0.01,-0.032,-0.032,1.01,False,NO_POSITIVE_MARGINAL_EDGE,broad_strike=236.0;fits_budget=True;gross_top_prefilter=-0.01;min_bundle_outlay=1.032;narrow_strike=240.0;strike_type=greater
2026-10-07T23:27:28+00:00,strike_inconsistency,KXWTI-26OCT0814,KXWTI-26OCT0814-T94.49|KXWTI-26OCT0814-T94.99,2,KXWTI-26OCT0814-T94.49;KXWTI-26OCT0814-T94.99,yes;no,0.0200;0.9900,2000;100,0,0.0,1.01,1.0,0.02,0.002,-0.01,-0.032,-0.032,1.01,False,NO_POSITIVE_MARGINAL_EDGE,broad_strike=94.49;fits_budget=True;gross_top_prefilter=-0.01;min_bundle_outlay=1.032;narrow_strike=94.99;strike_type=greater
2026-10-07T23:27:28+00:00,strike_inconsistency,KXAAAGASM-26OCT31,KXAAAGASM-26OCT31-4.70|KXAAAGASM-26OCT31-4.80,2,KXAAAGASM-26OCT31-4.70;KXAAAGASM-26OCT31-4.80,yes;no,0.0500;0.9600,3141.94;7517,0,0.0,1.01,1.0,0.02,0.002,-0.01,-0.032,-0.032,1.01,False,NO_POSITIVE_MARGINAL_EDGE,broad_strike=4.7;fits_budget=True;gross_top_prefilter=-0.01;min_bundle_outlay=1.032;narrow_strike=4.8;strike_type=greater
2026-10-07T23:27:28+00:00,strike_inconsistency,KXSOLMINY-SOL-26DEC31,KXSOLMINY-SOL-26DEC31-5500|KXSOLMINY-SOL-26DEC31-5000,2,KXSOLMINY-SOL-26DEC31-5500;KXSOLMINY-SOL-26DEC31-5000,yes;no,0.0400;0.9700,10;2.38,0,0.0,1.01,1.0,0.02,0.002,-0.01,-0.032,-0.032,1.01,False,NO_POSITIVE_MARGINAL_EDGE,broad_strike=55.0;fits_budget=True;gross_top_prefilter=-0.01;min_bundle_outlay=1.032;narrow_strike=50.0;strike_type=less
2026-10-07T23:27:28+00:00,strike_inconsistency,KXDISLANDPRICE-26DEC31,KXDISLANDPRICE-26DEC31-T238|KXDISLANDPRICE-26DEC31-T240,2,KXDISLANDPRICE-26DEC31-T238;KXDISLANDPRICE-26DEC31-T240,yes;no,0.0400;0.9700,3274.84;8015.66,0,0.0,1.01,1.0,0.02,0.002,-0.01,-0.032,-0.032,1.01,False,NO_POSITIVE_MARGINAL_EDGE,broad_strike=238.0;fits_budget=True;gross_top_prefilter=-0.01;min_bundle_outlay=1.032;narrow_strike=240.0;strike_type=greater
2026-10-07T23:27:28+00:00,strike_inconsistency,KXBTCMINY-27JAN01,KXBTCMINY-27JAN01-50000.00|KXBTCMINY-27JAN01-45000.00,2,KXBTCMINY-27JAN01-50000.00;KXBTCMINY-27JAN01-45000.00,yes;no,0.0700;0.9400,0.4;380.22,0,0.0,1.01,1.0,0.02,0.002,-0.01,-0.032,-0.032,1.01,False,NO_POSITIVE_MARGINAL_EDGE,broad_strike=50000.0;fits_budget=True;gross_top_prefilter=-0.01;min_bundle_outlay=1.032;narrow_strike=45000.0;strike_type=less
2026-10-07T23:27:28+00:00,strike_inconsistency,KXAAAGASMIN-26DEC31,KXAAAGASMIN-26DEC31-3.20|KXAAAGASMIN-26DEC31-3.00,2,KXAAAGASMIN-26DEC31-3.20;KXAAAGASMIN-26DEC31-3.00,yes;no,0.1700;0.8400,5.71;223.06,0,0.0,1.01,1.0,0.02,0.002,-0.01,-0.032,-0.032,1.01,False,NO_POSITIVE_MARGINAL_EDGE,broad_strike=3.2;fits_budget=True;gross_top_prefilter=-0.01;min_bundle_outlay=1.032;narrow_strike=3.0;strike_type=less
2026-10-07T23:27:28+00:00,strike_inconsistency,KXNCAAFWINS-26UTAH,KXNCAAFWINS-26UTAH-6|KXNCAAFWINS-26UTAH-7,2,KXNCAAFWINS-26UTAH-6;KXNCAAFWINS-26UTAH-7,yes;no,0.9700;0.0400,495;9.29,0,0.0,1.01,1.0,0.02,0.002,-0.01,-0.032,-0.032,1.01,False,NO_POSITIVE_MARGINAL_EDGE,broad_strike=6.0;fits_budget=True;gross_top_prefilter=-0.01;min_bundle_outlay=1.032;narrow_strike=7.0;strike_type=greater_or_equal
2026-10-07T23:27:28+00:00,strike_inconsistency,KXAAAGASDMD-26OCT08,KXAAAGASDMD-26OCT08-4.2950|KXAAAGASDMD-26OCT08-4.3100,2,KXAAAGASDMD-26OCT08-4.2950;KXAAAGASDMD-26OCT08-4.3100,yes;no,0.0200;0.9900,9976;3000,0,0.0,1.01,1.0,0.02,0.002,-0.01,-0.032,-0.032,1.01,False,NO_POSITIVE_MARGINAL_EDGE,broad_strike=4.295;fits_budget=True;gross_top_prefilter=-0.01;min_bundle_outlay=1.032;narrow_strike=4.31;strike_type=greater
2026-10-07T23:27:28+00:00,strike_inconsistency,KXNFLSPREAD-26OCT08TBDAL,KXNFLSPREAD-26OCT08TBDAL-TB14|KXNFLSPREAD-26OCT08TBDAL-TB15,2,KXNFLSPREAD-26OCT08TBDAL-TB14;KXNFLSPREAD-26OCT08TBDAL-TB15,yes;no,0.0400;0.9700,9152;48864,0,0.0,1.01,1.0,0.02,0.002,-0.01,-0.032,-0.032,1.01,False,NO_POSITIVE_MARGINAL_EDGE,broad_strike=13.5;fits_budget=True;gross_top_prefilter=-0.01;min_bundle_outlay=1.032;narrow_strike=14.5;strike_type=greater
2026-10-07T23:27:28+00:00,strike_inconsistency,KXESPNAPP-26NOV08,KXESPNAPP-26NOV08-T40|KXESPNAPP-26NOV08-T45,2,KXESPNAPP-26NOV08-T40;KXESPNAPP-26NOV08-T45,yes;no,0.7300;0.2800,630;138,0,0.0,1.01,1.0,0.04,0.002,-0.01,-0.052,-0.052,1.01,False,NO_POSITIVE_MARGINAL_EDGE,broad_strike=40.0;fits_budget=True;gross_top_prefilter=-0.01;min_bundle_outlay=1.052;narrow_strike=45.0;strike_type=greater
2026-10-07T23:27:28+00:00,strike_inconsistency,KXDIESELW-26OCT12,KXDIESELW-26OCT12-T6.38|KXDIESELW-26OCT12-T6.40,2,KXDIESELW-26OCT12-T6.38;KXDIESELW-26OCT12-T6.40,yes;no,0.0400;0.9700,1000;2,0,0.0,1.01,1.0,0.02,0.002,-0.01,-0.032,-0.032,1.01,False,NO_POSITIVE_MARGINAL_EDGE,broad_strike=6.38;fits_budget=True;gross_top_prefilter=-0.01;min_bundle_outlay=1.032;narrow_strike=6.4;strike_type=greater
2026-10-07T23:27:28+00:00,strike_inconsistency,KXALANIPOS-26NOV03,KXALANIPOS-26NOV03-T145|KXALANIPOS-26NOV03-T150,2,KXALANIPOS-26NOV03-T145;KXALANIPOS-26NOV03-T150,yes;no,0.5900;0.4200,9;100,0,0.0,1.01,1.0,0.04,0.002,-0.01,-0.052,-0.052,1.01,False,NO_POSITIVE_MARGINAL_EDGE,broad_strike=145.0;fits_budget=True;gross_top_prefilter=-0.01;min_bundle_outlay=1.052;narrow_strike=150.0;strike_type=greater
2026-10-07T23:27:28+00:00,strike_inconsistency,KXDIESELW-26OCT12,KXDIESELW-26OCT12-T6.38|KXDIESELW-26OCT12-T6.44,2,KXDIESELW-26OCT12-T6.38;KXDIESELW-26OCT12-T6.44,yes;no,0.0400;0.9700,1000;99,0,0.0,1.01,1.0,0.02,0.002,-0.01,-0.032,-0.032,1.01,False,NO_POSITIVE_MARGINAL_EDGE,broad_strike=6.38;fits_budget=True;gross_top_prefilter=-0.01;min_bundle_outlay=1.032;narrow_strike=6.44;strike_type=greater
2026-10-07T23:27:28+00:00,strike_inconsistency,KXAAAGASM-26OCT31,KXAAAGASM-26OCT31-3.20|KXAAAGASM-26OCT31-3.60,2,KXAAAGASM-26OCT31-3.20;KXAAAGASM-26OCT31-3.60,yes;no,0.9900;0.0200,9985.02;91115.8,0,0.0,1.01,1.0,0.02,0.002,-0.01,-0.032,-0.032,1.01,False,NO_POSITIVE_MARGINAL_EDGE,broad_strike=3.2;fits_budget=True;gross_top_prefilter=-0.01;min_bundle_outlay=1.032;narrow_strike=3.6;strike_type=greater
2026-10-07T23:27:28+00:00,strike_inconsistency,KXAAAGASM-26OCT31,KXAAAGASM-26OCT31-3.20|KXAAAGASM-26OCT31-3.40,2,KXAAAGASM-26OCT31-3.20;KXAAAGASM-26OCT31-3.40,yes;no,0.9900;0.0200,9985.02;124147,0,0.0,1.01,1.0,0.02,0.002,-0.01,-0.032,-0.032,1.01,False,NO_POSITIVE_MARGINAL_EDGE,broad_strike=3.2;fits_budget=True;gross_top_prefilter=-0.01;min_bundle_outlay=1.032;narrow_strike=3.4;strike_type=greater
2026-10-07T23:27:28+00:00,strike_inconsistency,KXAAAGASMIN-26DEC31,KXAAAGASMIN-26DEC31-3.40|KXAAAGASMIN-26DEC31-3.00,2,KXAAAGASMIN-26DEC31-3.40;KXAAAGASMIN-26DEC31-3.00,yes;no,0.1700;0.8400,25;223.06,0,0.0,1.01,1.0,0.02,0.002,-0.01,-0.032,-0.032,1.01,False,NO_POSITIVE_MARGINAL_EDGE,broad_strike=3.4;fits_budget=True;gross_top_prefilter=-0.01;min_bundle_outlay=1.032;narrow_strike=3.0;strike_type=less
2026-10-07T23:27:28+00:00,strike_inconsistency,KXRT-YOUC,KXRT-YOUC-60|KXRT-YOUC-65,2,KXRT-YOUC-60;KXRT-YOUC-65,yes;no,0.9900;0.0200,23017.2;242532,0,0.0,1.01,1.0,0.02,0.002,-0.01,-0.032,-0.032,1.01,False,NO_POSITIVE_MARGINAL_EDGE,broad_strike=60.0;fits_budget=True;gross_top_prefilter=-0.01;min_bundle_outlay=1.032;narrow_strike=65.0;strike_type=greater
2026-10-07T23:27:28+00:00,strike_inconsistency,KXAAAGASM-26OCT31,KXAAAGASM-26OCT31-3.20|KXAAAGASM-26OCT31-3.50,2,KXAAAGASM-26OCT31-3.20;KXAAAGASM-26OCT31-3.50,yes;no,0.9900;0.0200,9985.02;107578,0,0.0,1.01,1.0,0.02,0.002,-0.01,-0.032,-0.032,1.01,False,NO_POSITIVE_MARGINAL_EDGE,broad_strike=3.2;fits_budget=True;gross_top_prefilter=-0.01;min_bundle_outlay=1.032;narrow_strike=3.5;strike_type=greater
2026-10-07T23:27:28+00:00,strike_inconsistency,KXRT-HEX,KXRT-HEX-85|KXRT-HEX-90,2,KXRT-HEX-85;KXRT-HEX-90,yes;no,0.1000;0.9100,4526.1;5139,0,0.0,1.01,1.0,0.02,0.002,-0.01,-0.032,-0.032,1.01,False,NO_POSITIVE_MARGINAL_EDGE,broad_strike=85.0;fits_budget=True;gross_top_prefilter=-0.01;min_bundle_outlay=1.032;narrow_strike=90.0;strike_type=greater
2026-10-07T23:27:28+00:00,strike_inconsistency,KXNCAAFWINS-26UTAH,KXNCAAFWINS-26UTAH-7|KXNCAAFWINS-26UTAH-8,2,KXNCAAFWINS-26UTAH-7;KXNCAAFWINS-26UTAH-8,yes;no,0.9700;0.0400,285;26,0,0.0,1.01,1.0,0.02,0.002,-0.01,-0.032,-0.032,1.01,False,NO_POSITIVE_MARGINAL_EDGE,broad_strike=7.0;fits_budget=True;gross_top_prefilter=-0.01;min_bundle_outlay=1.032;narrow_strike=8.0;strike_type=greater_or_equal
2026-10-07T23:27:28+00:00,strike_inconsistency,KXAAAGASM-26OCT31,KXAAAGASM-26OCT31-3.80|KXAAAGASM-26OCT31-3.90,2,KXAAAGASM-26OCT31-3.80;KXAAAGASM-26OCT31-3.90,yes;no,0.9500;0.0600,4820;2902.53,0,0.0,1.01,1.0,0.02,0.002,-0.01,-0.032,-0.032,1.01,False,NO_POSITIVE_MARGINAL_EDGE,broad_strike=3.8;fits_budget=True;gross_top_prefilter=-0.01;min_bundle_outlay=1.032;narrow_strike=3.9;strike_type=greater
2026-10-07T23:27:28+00:00,strike_inconsistency,KXDIESELW-26OCT12,KXDIESELW-26OCT12-T6.38|KXDIESELW-26OCT12-T6.42,2,KXDIESELW-26OCT12-T6.38;KXDIESELW-26OCT12-T6.42,yes;no,0.0400;0.9700,1000;33,0,0.0,1.01,1.0,0.02,0.002,-0.01,-0.032,-0.032,1.01,False,NO_POSITIVE_MARGINAL_EDGE,broad_strike=6.38;fits_budget=True;gross_top_prefilter=-0.01;min_bundle_outlay=1.032;narrow_strike=6.42;strike_type=greater
2026-10-07T23:27:28+00:00,strike_inconsistency,KXAAAGASM-26OCT31,KXAAAGASM-26OCT31-3.20|KXAAAGASM-26OCT31-3.30,2,KXAAAGASM-26OCT31-3.20;KXAAAGASM-26OCT31-3.30,yes;no,0.9900;0.0200,9985.02;125801,0,0.0,1.01,1.0,0.02,0.002,-0.01,-0.032,-0.032,1.01,False,NO_POSITIVE_MARGINAL_EDGE,broad_strike=3.2;fits_budget=True;gross_top_prefilter=-0.01;min_bundle_outlay=1.032;narrow_strike=3.3;strike_type=greater
